000000007a060000a10e00005a110000f612000070140000171600000618
00009b190000d41a0000dc210000952400005e270000152a0000c32c0000
732f000086310000d5320000253400005c350000af360000083800004239
0000493a00009a3b0000b23c0000303e0000213f00005740000014420000
7b430000ed4400005e4600008e47000023490000374a0000564b0000fb4c
0000664e00009b4f0000e85000003e520000a95300009e540000db550000
035700003c58000074590000035b00005d5c0000675e0000076000002a61
000048620000f0630000a5680000e5690000f16c00007170000014740000
e77600005f780000f4790000907d00002c810000a984000005890000588d
000099910000fe950000519a0000e39e000036a30000b6a70000eeab0000
26b0000067b4000096b8000033c10000c4c30000c1c60000d0c90000e8cc
0000e5cf0000f8d100007bd30000c5d700007fdb00009bdd00007de00000
d8e20000bfe6000093e8000062e9000029ec000089ef00001af20000eaf4
0000aefa000024fd00004dfe0000d5000100a50301009e0701008e0b0100
fc0f0100211201007c140100781501000d170100e1180100a31a0100f51c
01003b22010002250100302701000d2901006d2c0100c42f010035310100
ea33010060360100393901008b3b0100b43c01007b3f0100824401008c46
010045480100da490100554d0100954f0100f5520100595501004c560100
d8570100e75a0100ff5d0100675f0100c66001007161010064620100b664
01007f6b01008f7001006c72010053760100dc7a0100548101007b870100
ae8a0100dc8c01003c900100ef970100b89e01001da301008ba7010044a9
010071a9010088aa0100ffae0100a1af0100a1af0100e0af0100e0af0100
0db0010055b00100cfb1010081b701003fba01003fba0100a2ba0100f3ba
01007abb01007abb010095bb010095bb010095bb0100a7bb0100b9bb0100
40bc0100debd01006abf010003c0010081c0010081c0010059c10100afc2
01009ec401002ac60100efc801005ccb01007ccc0100bcce010067cf0100
c1cf01001cd201005ad90100f6df010023e001000de10100cbe30100d7e9
010091ed01001def01001def01001def01001def01001def01001def0100
1def01001def01001def01001def01001def01001def01001def01001def
01001def01001def01001def01001def01001def01001def01001def0100
1def01001def01001def01001def01001def01001def01001def01001def
01001def01001def01001def01001def01001def01001def01001def0100
1def01001def01001def01001def01001def01001def01001def01001def
01001def01001def01001def01001def01001def01001def01001def0100
1def01001def01001def01001def01001def01001def01001def01001def
01001def01001def01001def01001def01001def01001def01001def0100
1def01001def01001def01001def01001def01001def01001def01001def
01001def010047f40100c7010200d010020060210200f32d02006f3c0200
8a4d0200046102008d6f0200178102008f92020003a30200ceb60200afd2
020010ea020010ea020010ea020010ea020010ea020010ea020010ea0200
10ea020010ea020010ea020010ea020010ea020010ea020010ea020010ea
020010ea020010ea020010ea020010ea020010ea020010ea020010ea0200
10ea020010ea020010ea020010ea020010ea020010ea020010ea020010ea
020010ea020010ea020010ea0200e3fd0200e3fd0200e3fd0200e3fd0200
e3fd0200e3fd02007b020300310a0300310a030085100300851003000f17
0300b11703004c1c030065210300742d0300353f0300404703000710e40e
02c2d807000710ee0e028ec607000710ff0e02f6ea07000700060f024b00
0710250f02b4ae080007003c0f025a0007104c0f02b0ae08000710550f02
b0ae080007105d0f02b4ae08000700650f026b0007107a0f02f6ea070007
00810f0289000710bf0f02b4ae08000710ee0f0208cf09000710fc0f0208
cf09000700470a013b0c07004b0a013b0c07004f0a013b0c0700530a013b
0c0700570a013b0c07005b0a013b0c07005f0a013b0c0700630a013b0c07
00670a013b0c07006b0a013b0c07006f0a013b0c0700730a013b0c070077
0a013b0c07007b0a013b0c07007f0a013b0c0700830a013b0c0700870a01
3b0c0710c20a02b8ae08000710c80a02b0ae08000710e30a02b0ae080007
10ee0a02b0ae08000710f60a02089105000710200b02c2d807000710300b
028ec6070007105c0b02b0ae08000710650b02b0ae08000710710b02b4ae
080007109d0b022eb707000710ab0b02b0ae08000710b80b02b0ae080007
10be0b02b0ae08000710d20b02b0ae08000710e30b02cea707000710f20b
0200a4070007000e0c0183080700130c021d000700300c021e0007104f0c
02649c07000710570c02e4c007000710710c02c2d8070007107d0c028ec6
070007108a0c0284b107000710a10c022eb707000710a70c02b8ae080007
10c50c02b0ae08000710d00c02b0ae08000710d80c02089105000710f10c
020c9107000710130d02f09005000710490d020c9107000710510d02d090
05000710730d020c9107000710800d020c9107000710b30d020091050007
10c80d02c2d8070007005e0e021f0007007f0e022c000710900e02b0ae08
000710a00e02b4ae08000700a80e0239000710b30e02b0ae08000710c60e
022eb7070007002309013b0c07002709013b0c07002b09013b0c07002f09
013b0c07003309013b0c07003709013b0c07003b09013b0c07003f09013b
0c07004309013b0c07004709013b0c07004b09013b0c07004f09013b0c07
005309013b0c07005709013b0c07005b09013b0c07005f09013b0c070063
09013b0c07006709013b0c07006b09013b0c07006f09013b0c0700730901
3b0c07007709013b0c07007b09013b0c07007f09013b0c07008309013b0c
07008709013b0c07008b09013b0c07008f09013b0c07009309013b0c0700
9709013b0c07009b09013b0c07009f09013b0c0700a309013b0c0700a709
013b0c0700ab09013b0c0700af09013b0c0700b309013b0c0700b709013b
0c0700bb09013b0c0700bf09013b0c0700c309013b0c0700c709013b0c07
00cb09013b0c0700cf09013b0c0700d309013b0c0700d709013b0c0700db
09013b0c0700df09013b0c0700e309013b0c0700e709013b0c0700eb0901
3b0c0700ef09013b0c0700f309013b0c0700f709013b0c0700fb09013b0c
0700ff09013b0c0700030a013b0c0700070a013b0c07000b0a013b0c0700
0f0a013b0c0700130a013b0c0700170a013b0c07001b0a013b0c07001f0a
013b0c0700230a013b0c0700270a013b0c07002b0a013b0c07002f0a013b
0c0700330a013b0c0700370a013b0c07003b0a013b0c07003f0a013b0c07
00430a013b0c071027000244aa0400071048000250aa040007105b000244
aa04000710e0000284aa04000710fb0002a0aa0400071010010284aa0400
071077010294aa0400071090010204ab04000710ab010210ab04000710c0
010204ab040007000202020400071034020274ab04000710550202d0ab04
0007106b020274ab0400070051030207000700a903021200071076040284
ab0400071088040284ab04000710e40402a4ab04000710a2060210ac0400
0710b80602a4ab04000710f30602c4ab04000710710702f0ab0400071086
0702c4ab04000710a4070284ac04000710c0070284ac0400070083080112
0c07008708012f0c07008b08013b0c07008f08013b0c07009308013b0c07
009708013b0c07009b08013b0c07009f08013b0c0700a308013b0c0700a7
08013b0c0700ab08013b0c0700af08013b0c0700b308013b0c0700b70801
3b0c0700bb08013b0c0700bf08013b0c0700c308013b0c0700c708013b0c
0700cb08013b0c0700cf08013b0c0700d308013b0c0700d708013b0c0700
db08013b0c0700df08013b0c0700e308013b0c0700e708013b0c0700eb08
013b0c0700ef08013b0c0700f308013b0c0700f708013b0c0700fb08013b
0c0700ff08013b0c07000309013b0c07000709013b0c07000b09013b0c07
000f09013b0c07001309013b0c07001709013b0c07001b09013b0c07001f
09013b0c07108e0f02401208000710b20f027c1208000710bf0f02ba1408
000710ca0f02101308000710d90f02401208000710e20f027c1208000710
ef0f02a41308000710b20c02d0ae08000710bf0c02d0ae08000710ca0c02
d8ae08000710dc0c0200cf09000710e10c02d0ae08000710e60c02d4ae08
000710fa0c02d8ae08000710060d02dcae08000710150d0200cf09000710
1c0d02d0ae08000710290d02d0ae080007102f0d0200cf09000710390d02
c0ae08000710410d02c8ae08000710490d02d0ae08000710540d02d0ae08
0007105a0d0200cf09000700870d02fa2d0700a00d0181100710b40d02c0
ae08000710bd0d0200cf09000710c20d02c8ae08000710cb0d02d0ae0800
0700d20d022d2e0710dd0d02c0ae08000710e20d02d0ae08000710e80d02
00cf090007101b0e02c0ae08000710270e02c8ae08000700430e02652e07
105c0e02c0ae080007106b0e02c8ae08000710710e02c0ae080007107a0e
02c8ae080007108b0e02dcae080007109c0e02c0ae08000710a90e02c8ae
08000710ae0e02c0ae08000710b70e02c8ae08000710bf0e02c0ae080007
10c50e02c8ae08000710d20e02c0ae08000710da0e0200cf09000710f90e
02d4ae08000710fe0e02e4ae08000710060f02ecae090007100c0f02e4ae
08000710120f0200cf090007101b0f027c1208000710280f02a413080007
102d0f02ecae09000710360f02ecae090007103f0f02d0ae08000710500f
02400e08000710630f027c1208000710740f02ba14080007107f0f021013
08000710d4060200af09000710e7060208cf0900071031070208cf090007
10470702b4ae08000710580702b4ae080007106e070200af090007109c07
0208cf09000710e6070208cf09000710fc0702b4ae080007100d0802b4ae
0800071023080200af0900071052080208cf090007109a080208cf090007
10b00802b4ae08000710c10802b4ae08000710d7080200af090007100609
0208cf0900071052090208cf09000710680902b4ae08000710790902b4ae
080007108f090200af09000710a8090204cf09000710b4090208cf090007
10030a0208cf090007101d0a02d4ae080007102b0a0208cf09000710760a
0208cf090007108d0a02d4ae08000710960a02b4ae08000710a70a02b4ae
08000710bb0a0208cf09000710090b0208cf09000710230b02d4ae080007
10320b0204cf09000710470b0214cf09000710980b0208cf09000710e30b
0208cf09000710030c02e0ae08000710090c02ccae08000710130c0200af
090007102c0c0200cf09000710320c02c4ae08000710390c02fcae090007
103e0c02f8ae09000710440c02ccae08000710490c02c0ae08000710580c
02c8ae080007105e0c02dcae08000710650c02c0ae08000710710c02c0ae
080007107a0c02c8ae08000710800c02d0ae080007108b0c0200cf090007
10920c02d0ae08000710a20c0200cf09000710ac0c02d0ae080007101702
02f4ae09000710210202f4ae09000710290202400d080007102f0202f0ae
0900071035020200cf090007103e0202ccae08000710450202c4ae080007
104d0202ccae08000710530202f8ae090007005f0202c92d07106a0202cc
ae0800071071020200cf0900071076020200af090007107c0202f8ae0900
0710860202f8ae090007108c0202ccae08000710910202fcae0900071097
0202f8ae09000710a10202d0ae08000710b50202ccae08000710c1020200
af09000710ca02023c0d08000710d1020200af09000710fe020214cf0900
0710290302b4ae0800071040030208cf090007108a030208cf09000710a3
030214cf09000710c90302d4ae08000710d5030204cf09000710e1030204
cf09000710010402d4ae08000710120402b4ae08000710230402b4ae0800
07103f040200af0900071063040214cf0900071088040208cf09000710d6
040208cf090007100c050204cf09000710150502d4ae0800071021050204
cf09000710380502d4ae08000710550502b4ae08000710660502b4ae0800
07107b050214cf09000710850502d4ae0800071093050200af09000700ac
0502e92d0710ba050208cf0900071006060208cf090007101c0602b4ae08
0007102d0602b4ae0800071043060200af0900071060060208cf09000710
a1060208cf09000710ad0602b4ae08000710be0602b4ae080007100a0002
08cf0900071029000208cf0900071031000208cf0900071041000208cf09
0007004c00029a0007105b00020ccf0900071065000210cf090007106f00
02b4ae0800071079000208cf09000700810001d012070085000148110700
8900013e1407008d00017915070091000192150700950001421607009900
01d31607009d00016d170700a1000122180700a50001d6180700a900018e
190700ad0001011c0700b10001281c0700b50001211c0700b90001211c07
00bd0001211c0710dc0002380d08000710e50002380d08000710ef0002d4
ae08000710f80002d4ae08000710020102dcae080007100b0102dcae0800
07100f01021ca308000710150102e0ae080007101e0102e0ae0800071022
010236a308000710280102c0ae08000710300102dcae080007103f0102c0
ae080007104a0102d0ae080007104f0102c4ae08000710590102d4ae0800
07105e0102e4ae08000710660102ecae090007106c0102e4ae0800071076
0102400e080007108301027c1208000710950102ba1408000710a0010210
1308000710b00102401208000710b901027c1208000710c80102a4130800
0710cd0102ecae09000710d60102ecae09000710e101027c1208000710ea
0102ecae09000710f10102ecae09000710fb0102b20d08000710000202f4
ae09000710060202f4ae09000710110202b40d08000710d60802a0ad0400
0710ec080294ad04000710560902e4ad04000710740902f0ad040007108a
0902e4ad04000710880a0234ae04000710a70a0240ae04000710bd0a0234
ae04000710f10b0284ae040007100d0c0290ae04000710230c0284ae0400
0710b20c02d4ae04000710fd0c0220af04000710130d02d4ae0400071045
0d02e4ae04000710570d02e4ae04000710b30d0204af04000710640f0240
af040007107a0f0204af04000710cc0f02c4af04000710ea0f02d0af0400
0710040002ecae090007100d0002ecae090007102e0002c0ae0800071036
0002dcae08000710450002c0ae080007104a0002c0ae080007106d0002c0
ae08000710750002c0ae080007107d0002d0ae08000710830002c4ae0800
07108a0002c0ae08000710900002d0ae08000710980002c0ae080007109e
0002c8ae08000710a70002c0ae08000710b20002d8ae08000710c90002c0
ae08000710d20002c8ae08000710db0002d0ae08000710e1000200cf0900
0710e80002dcae08000710ef0002c4ae080007101001020ccf0900070019
0102ad2e071031010210cf090007003a0102d92e07106b0102c0ae080007
10730102c0ae08000710ef0102c0ae08000700370202052f0700cc02022f
2f0700090302582f07002d0302762f071032030250a308000710ba03021c
cf09000710c803021ccf09000710db03021ccf09000710ea03021ccf0900
071001040218cf090007100604021ccf0900071023040208cf09000700bb
04027c420710cd0402340d08000710d904021cf807000710e504021cf807
000710f1040220f80700071003050224f80700071015050226f807000710
6a0502a4ac04000710890502b0ac040007109f0502a4ac040007107a0602
f4ac0400071099060200ad04000710af0602f4ac0400071068070244ad04
00071087070250ad040007109d070244ad040007105b080294ad04000710
000002c4af04000710b7000214b00400071035010260b0040007104b0102
14b0040007100f020224b00400071021020224b0040007107d020244b004
0007103b040280b00400071051040244b0040007109f040204b104000710
bb040210b104000710d1040204b10400071047050254b104000710620502
60b10400071078050254b104000710e50502a4b104000710960602b0b104
000710ac0602a4b104000710720702f4b10400071090070200b204000710
a60702f4b104000710cc080244b204000710ea080250b204000710000902
44b204000710960902a4b204000710f90902b0b2040007100f0a02a4b204
000710460a0204b304000710610a0210b304000710770a0204b304000710
fb0a0254b304000710980b0260b304000710ae0b0254b3040007100e0c02
a4b304000710890c02b0b3040007109f0c02a4b304000710010d02f4b304
000710850d0200b4040007109b0d02f4b304000710d20d0254b404000710
1d0e0260b404000710330e0254b404000710950e02b4b404000700b40e02
7d420710a50f0200b504000710bb0f02b4b404000710be0002c4b4040007
10d00002c4b4040007102c0102e4b404000710ee020220b5040007100403
02e4b40400071062030294b5040007107d0302a0b50400071093030294b5
04000710160402e4b504000710340402f0b5040007104a0402e4b5040007
102d050234b6040007104c050240b60400071062050234b604000710e405
0294b604000710ff0502a0b60400071015060294b604000710770602e4b6
04000710c20602f0b604000710d80602e4b60400071021070244b7040007
103d070250b70400071053070244b7040007100c080294b7040007102b08
02a0b70400071041080294b704000710640902e4b704000710820902f0b7
04000710980902e4b704000710930a0234b8040007109f0b0280b8040007
10b50b0234b8040007103c0c0244b8040007104e0c0244b804000710aa0c
0264b804000710680e02a0b8040007107e0e0264b804000710d40e0214b9
04000710da0e0220cf09000710100f0220b904000710260f0214b9040007
102c0f0220cf090007106c000264b904000710b7000270b904000710cd00
0264b904000710130102c4b90400071019010220cf09000710430102d0b9
04000710590102c4b9040007105f010220cf090007106d020214ba040007
10d3020220ba04000710e9020214ba0400071068030264ba04000710a204
0270ba04000710b8040264ba040007102b0502b4ba04000710e80502c0ba
04000710fe0502b4ba04000710fd060204bb04000710bf070210bb040007
10d2070204bb04000710b1080254bb04000710dc080260bb04000710f208
0254bb040007105a0902a4bb04000710750902b0bb040007108b0902a4bb
040007100b0a02f4bb04000710d50a0200bc04000710eb0a02f4bb040007
102f0b0244bc040007104a0b0250bc04000710600b0244bc04000710d60b
0294bc04000710100c02a0bc04000710260c0294bc04000710b90c02f4bc
04000710d80c0200bd04000710ee0c02f4bc04000710d90d0244bd040007
10f50d0250bd040007100b0e0244bd04000710890e0294bd04000710a50e
02a0bd04000710bb0e0294bd04000710440f02e4bd04000710940f02f0bd
04000710aa0f02e4bd040007104e000234be0400071054000220cf090007
1081000240be0400071097000234be040007109d000220cf090007107e01
0284be04000710a8010290be04000710be010284be04000710440202d4be
040007105f0202e0be04000710750202d4be04000710e7020224bf040007
1003030230bf0400071019030224bf04000710b5030274bf04000710d403
0280bf04000710ea030274bf040007107c0402d4bf04000710e30402e0bf
04000710f90402d4bf040007104a050224c00400071066050230c0040007
107c050224c004000710f5050284c00400071078060290c0040007108e06
0284c004000710f50602d4c004000710100702e0c004000710260702d4c0
04000710b0070224c104000710d2070230c104000710e8070224c1040007
10c7080274c10400071074090280c1040007108a090274c104000710220a
02c4c1040007104b0a02d0c104000710610a02c4c104000710a80a0214c2
04000710ec0a0220c204000710020b0214c204000710690b0264c2040007
10880b0270c2040007109e0b0264c204000710990c02b4c2040007101d0d
02c0c204000710300d02b4c204000710880d02aa1d08000710910d02aa1d
08000710850e0204c304000710a00e0210c304000710b60e0204c3040007
102f0f0254c304000710a70f0260c304000710ba0f0254c3040007105300
02a4c3040007106f0002b0c304000710850002a4c304000710030102f4c3
040007101f010200c404000710350102f4c304000710ac010244c4040007
10f2010250c40400071008020244c4040007103f020294c4040007108502
02a0c4040007109b020294c404000710e40202e4c404000710000302f0c4
04000710160302e4c4040007109f030234c504000710ba030240c5040007
10d0030234c5040007102d040280c50400071069040280c5040007109704
02a4c504000710540502b0c5040007106a0502a4c504000710590602f4c5
040007101c070200c604000710320702f4c5040007102c080244c6040007
1032080220cf090007105c080250c60400071072080244c6040007107808
0220cf0900071061090294c60400071067090220cf090007108e0902a0c6
04000710a4090294c604000710aa090220cf090007108f0a02e4c6040007
10e20b0230c704000710f80b02e4c604000710370d02f4c604000710490d
02f4c604000710a50d0214c704000710630f0250c704000710790f0214c7
04000710d00f02c4c704000710830002d0c704000710990002c4c7040007
10fe000214c80400070026010280420710aa010220c804000710c0010214
c8040007105e020274c804000710ce020280c804000710e4020274c80400
07102a0302d4c804000710590302d4c804000710f20302e0c80400071008
0402d4c804000710d5040234c904000710f40402c0c9040007100a050234
c9040007105c060244c9040007106e060244c904000710be060264c90400
0710d0060264c9040007102c070284c904000710ea0802e0c90400071000
090284c904000710480902a4c904000710060b0200ca040007101c0b02a4
c9040007105d0b02c4ca04000710780b02d0ca040007108e0b02c4ca0400
0710010c0214cb040007101d0c0220cb04000710330c0214cb0400071001
0d0264cb04000710410f0270cb04000710570f0264cb04000710320c0254
d0090007103c0c02a72508000710460c0258d009000710500c02b7250800
07105a0c025cd009000710640c02c725080007106e0c0260d00900071078
0c02d72508000710820c0264d0090007108c0c02e72508000710960c0268
d009000710a00c02f72508000710aa0c026cd009000710b40c0207260800
0710be0c0270d009000710c80c02172608000710d20c0274d009000710dc
0c02272608000710e60c0278d009000710f00c02372608000710fa0c027c
d009000710040d024726080007100e0d0280d009000710180d0257260800
0710220d0284d0090007102c0d02672608000710360d0288d00900071040
0d02772608000710c20d0264d104000710d40d0264d104000710300e0284
d104000710ee0f0280e204000710020a02e4cf090007100c0a02e7230800
0710160a02e8cf09000710200a02f723080007102a0a02eccf0900071034
0a020724080007103e0a02f0cf09000710480a02172408000710520a02f4
cf090007105c0a02272408000710660a02f8cf09000710700a0237240800
07107a0a02fccf09000710840a024724080007108e0a0200d00900071098
0a02572408000710a20a0204d009000710ac0a02672408000710b60a0208
d009000710c00a02772408000710ca0a020cd009000710d40a0287240800
0710de0a0210d009000710e80a02972408000710f20a0214d009000710fc
0a02a72408000710060b0218d009000710100b02b724080007101a0b021c
d009000710240b02c724080007102e0b0220d009000710380b02d7240800
0710420b0224d0090007104c0b02e72408000710560b0228d00900071060
0b02f724080007106a0b022cd009000710740b020725080007107e0b0230
d009000710880b02172508000710920b0234d0090007109c0b0227250800
0710a60b0238d009000710b00b02372508000710ba0b023cd009000710c4
0b02472508000710ce0b0240d009000710d80b02572508000710e20b0244
d009000710ec0b02672508000710f60b0248d009000710000c0277250800
07100a0c024cd009000710140c028725080007101e0c0250d00900071028
0c02972508000710d2070274cf09000710dc0702272208000710e6070278
cf09000710f00702372208000710fa07027ccf0900071004080247220800
07100e080280cf0900071018080257220800071022080284cf090007102c
080267220800071036080288cf090007104008027722080007104a08028c
cf090007105408028722080007105e080290cf0900071068080297220800
071072080294cf090007107c0802a7220800071086080298cf0900071090
0802b722080007109a08029ccf09000710a40802c72208000710ae0802a0
cf09000710b80802d72208000710c20802a4cf09000710cc0802e7220800
0710d60802a8cf09000710e00802f72208000710ea0802accf09000710f4
0802072308000710fe0802b0cf09000710080902172308000710120902b4
cf090007101c0902272308000710260902b8cf0900071030090237230800
07103a0902bccf090007104409024723080007104e0902c0cf0900071058
0902572308000710620902c4cf090007106c0902672308000710760902c8
cf090007108009027723080007108a0902cccf0900071094090287230800
07109e0902d0cf09000710a80902972308000710b20902d4cf09000710bc
0902a72308000710c60902d8cf09000710d00902b72308000710da0902dc
cf09000710e40902c72308000710ee0902e0cf09000710f80902d7230800
0710ba0102bccb04000710cf0102bccb04000710030202e4cb0400071047
0202e4cb040007108c0202e4cb04000710ab0202f0cb04000710c10202e4
cb0400071012040234cc0400071031040240cc0400071047040234cc0400
071029050284cc0400071044050290cc040007105a050284cc04000710bc
0502d4cc04000710d70502e0cc04000710ed0502d4cc0400071042060224
cf090007104c0602e7200800071056060228cf09000710600602f7200800
07106a06022ccf090007107406020721080007107e060230cf0900071088
060217210800071092060234cf090007109c0602272108000710a6060238
cf09000710b00602372108000710ba06023ccf09000710c4060247210800
0710ce060240cf09000710d80602572108000710e2060244cf09000710ec
0602672108000710f6060248cf090007100007027721080007100a07024c
cf090007101407028721080007101e070250cf0900071028070297210800
071032070254cf090007103c0702a7210800071046070258cf0900071050
0702b721080007105a07025ccf09000710640702c721080007106e070260
cf09000710780702d7210800071082070264cf090007108c0702e7210800
071096070268cf09000710a00702f72108000710aa07026ccf09000710b4
0702072208000710be070270cf09000710c80702172208000710e30b02a0
d804000710f70b0254d2040007101f0c0264d204000710280c01df370300
0700390c01adac0710e00c02c0d804000710f40c0264d2040007101c0d02
74d204000710250d018dfa02000700360d01aaad0710dd0d02e0d8040007
10f10d0274d204000710190e0284d204000710220e0176ed02000700330e
01a7ae0710da0e0200d904000710ee0e0284d204000710160f0294d20400
07101f0f01fef402000700300f01a4af0710d70f0220d904000710eb0f02
94d20400071004000284d104000710430002a4d1040007104c0001537903
0007005d0001d1a0071004010240d704000710180102a4d1040007104001
02b4d104000710490101d12c010007005a0101cea1071001020260d70400
0710150202b4d1040007103d0202c4d1040007104602015cbe0200070057
0201cba20710fe020280d704000710120302c4d1040007103a0302d4d104
0007104303018f0401000700540301c8a30710fb0302a0d7040007100f04
02d4d104000710370402e4d10400071040040113c101000700510401c5a4
0710f80402c0d7040007100c0502e4d104000710340502f4d1040007103d
050121ba010007004e0501c2a50710f50502e0d704000710090602f4d104
00071031060204d2040007103a0601940a010007004b0601bfa60710f206
0200d80400071006070204d2040007102e070214d204000710370701aab6
02000700480701bca70710ef070220d80400071003080214d2040007102b
080224d204000710340801a1ab02000700450801b9a80710ec080240d804
00071000090224d20400071028090234d204000710310901a36103000700
420901b6a90710e9090260d804000710fd090234d204000710250a0244d2
040007102e0a013959030007003f0a01b3aa0710e60a0280d804000710fa
0a0244d204000710220b0254d2040007102b0b01be33030007003c0b01b0
ab0710c70b0254d304000710ef0b0264d304000710f80b01aa1c03000700
090c017dbc0710b00c02c0da04000710c40c0264d304000710ec0c0274d3
04000710f50c01d92803000700060d017abd0710ad0d02e0da04000710c1
0d0274d304000710e90d0284d304000710f20d01887e03000700030e0177
be0710aa0e0200db04000710be0e0284d304000710e60e0294d304000710
ef0e0166de02000700000f0174bf0710a70f0220db04000710bb0f0294d3
04000710e30f02a4d304000710ec0f0126b501000700fd0f0171c0071013
0002a4d2040007101c00014569020007002d0001a1b00710d4000240d904
000710e80002a4d204000710100102b4d204000710190101fc9f01000700
2a01019eb10710d1010260d904000710e50102b4d2040007100d0202c4d2
04000710160201b801030007002702019bb20710ce020280d904000710e2
0202c4d2040007100a0302d4d20400071013030181600200070024030198
b30710cb0302a0d904000710df0302d4d204000710070402e4d204000710
100401245c0200070021040195b40710c80402c0d904000710dc0402e4d2
04000710040502f4d2040007100d05011556020007001e050192b50710c5
0502e0d904000710d90502f4d20400071001060204d3040007100a0601a8
c4020007001b06018fb60710c2060200da04000710d6060204d304000710
fe060214d30400071007070133c1020007001807018cb70710bf070220da
04000710d3070214d304000710fb070224d304000710040801e996020007
0015080189b80710bc080240da04000710d0080224d304000710f8080234
d3040007100109015b7f0200070012090186b90710b9090260da04000710
cd090234d304000710f5090244d304000710fe0901c768030007000f0a01
83ba0710b60a0280da04000710ca0a0244d304000710f20a0254d3040007
10fb0a015e2f030007000c0b0180bb0710b30b02a0da04000710c80b01d8
4d02000700d90b014dcc0710800c02c0dc04000710940c0264d404000710
bc0c0274d404000710c50c01f33d02000700d60c014acd07107d0d02e0dc
04000710910d0274d404000710b90d0284d404000710c20d01313b020007
00d30d0147ce07107a0e0200dd040007108e0e0284d404000710b60e0294
d404000710bf0e01f03602000700d00e0144cf0710770f0220dd04000710
8b0f0294d404000710b30f02a4d404000710bc0f01f82e02000700cd0f01
41d00700fdff0171c00710a4000240db04000710b80002a4d304000710e0
0002b4d304000710e90001e2e502000700fa00016ec10710a1010260db04
000710b50102b4d304000710dd0102c4d304000710e6010163d902000700
f701016bc207109e020280db04000710b20202c4d304000710da0202d4d3
04000710e302017ed002000700f4020168c307109b0302a0db04000710af
0302d4d304000710d70302e4d304000710e00301a89102000700f1030165
c40710980402c0db04000710ac0402e4d304000710d40402f4d304000710
dd0401719e02000700ee040162c50710950502e0db04000710a90502f4d3
04000710d1050204d404000710da05016b8802000700eb05015fc6071092
060200dc04000710a6060204d404000710ce060214d404000710d706014c
6302000700e806015cc707108f070220dc04000710a3070214d404000710
cb070224d404000710d40701217302000700e5070159c807108c080240dc
04000710a0080224d404000710c8080234d404000710d108019c77020007
00e2080156c9071089090260dc040007109d090234d404000710c5090244
d404000710ce09010f6f02000700df090153ca0710860a0280dc04000710
9a0a0244d404000710c20a0254d404000710cb0a01eb4102000700dc0a01
50cb0710830b02a0dc04000710970b0254d404000710bf0b0264d4040007
00a90b011ddc0710500c02c0de04000710640c0264d5040007108c0c0274
d504000710950c0166e901000700a60c011add07104d0d02e0de04000710
610d0274d504000710890d0284d504000710920d016cee01000700a30d01
17de07104a0e0200df040007105e0e0284d504000710860e0294d5040007
108f0e017efd01000700a00e0114df0710470f0220df040007105b0f0294
d504000710830f02a4d5040007108c0f01fcf4010007009d0f0111e00710
74000240dd04000710880002a4d404000710b00002b4d404000700b90001
4efe0700ca00013ed1071071010260dd04000710850102b4d404000710ad
0102c4d404000710b60101ec2802000700c701013bd207106e020280dd04
000710820202c4d404000710aa0202d4d404000710b302018c2502000700
c4020138d307106b0302a0dd040007107f0302d4d404000710a70302e4d4
04000710b00301532002000700c1030135d40710680402c0dd040007107c
0402e4d404000710a40402f4d404000710ad0401e51802000700be040132
d50710650502e0dd04000710790502f4d404000710a1050204d504000710
aa05010e1502000700bb05012fd6071062060200de0400071076060204d5
040007109e060214d504000710a70601a70b02000700b806012cd707105f
070220de0400071073070214d5040007109b070224d504000710a4070121
0502000700b5070129d807105c080240de0400071070080224d504000710
98080234d504000710a10801ab7503000700b2080126d9071059090260de
040007106d090234d50400071095090244d5040007109e0901c7c9020007
00af090123da0710560a0280de040007106a0a0244d504000710920a0254
d5040007109b0a01679b02000700ac0a0120db0710530b02a0de04000710
670b0254d5040007108f0b0264d504000710980b0125d502000700790b01
edeb0710200c02c0e004000710340c0264d6040007105c0c0274d6040007
10650c01d27a01000700760c01eaec07101d0d02e0e004000710310d0274
d604000710590d0284d604000710620d01231701000700730d01e7ed0710
1a0e0200e1040007102e0e0284d604000710560e0294d6040007105f0e01
256701000700700e01e4ee0710170f0220e1040007102b0f0294d6040007
10530f02a4d6040007105c0f01f66e010007006d0f01e1ef071044000240
df04000710580002a4d504000710800002b4d504000710890001b6e10100
07009a00010ee1071041010260df04000710550102b4d5040007107d0102
c4d50400071086010183da010007009701010be207103e020280df040007
10520202c4d5040007107a0202d4d50400071083020162cf010007009402
0108e307103b0302a0df040007104f0302d4d504000710770302e4d50400
071080030133a40100070091030105e40710380402c0df040007104c0402
e4d504000710740402f4d5040007107d0401a7b2010007008e040102e507
10350502e0df04000710490502f4d50400071071050204d6040007107a05
015dad010007008b0501ffe5071032060200e00400071046060204d60400
07106e060214d60400071077060189a801000700880601fce607102f0702
20e00400071043070214d6040007106b070224d6040007107407012b9c01
000700850701f9e707102c080240e00400071040080224d6040007106808
0234d604000710710801528901000700820801f6e8071029090260e00400
07103d090234d60400071065090244d6040007106e0901a184010007007f
0901f3e90710260a0280e0040007103a0a0244d604000710620a0254d604
0007106b0a01bb93010007007c0a01f0ea0710230b02a0e004000710370b
0254d6040007105f0b0264d604000710680b01b58001000710b40d016601
01000710fc0d01c3ba020007100d0e01a1010100071014000240e1040007
10280002a4d604000710500002b4d604000710590001ed5c010007006a00
01def0071011010260e104000710250102b4d6040007104d0102c4d60400
0710560101775201000700670101dbf107100e020280e104000710220202
c4d6040007104a0202d4d604000710530201c74901000700640201d8f207
100b0302a0e1040007101f0302d4d604000710470302e4d6040007105003
01124601000700610301d5f30710080402c0e1040007101c0402e4d60400
0710440402f4d6040007104d0401c83b010007005e0401d2f40710050502
e0e104000710190502f4d60400071041050204d7040007104a0501b82801
0007005b0501cff5071002060200e20400071016060204d7040007103e06
0214d704000710470601f22001000700580601ccf60710ff060220e20400
071013070214d7040007103b070224d704000710440701940f0100070055
0701c9f70710fc070240e20400071010080224d70400071038080234d704
000710410801e57201000700520801c6f80710f9080260e2040007100d09
0234d70400071049090274e80400070094090283420700f909028c420700
5e0a0292420700c30a0297420700280b029d4207008d0b029f420700f20b
02ab420700570c02b5420700bc0c02ba420710fa0c019501010007102a0d
016601010007108a0d019b010100070096010193ff07109c010126000100
071013010280e8040007102c010274e804000710e60102c4e8040007002e
0202bc4207008d0202c8420700ec0202cd4207004b0302d3420700aa0302
d5420710e20301c20601000710090401930601000710510401c3ba020007
10620401a10101000710c30601c805010007105b0602d0e8040007107406
02c4e804000710f9060214e904000700410702d7420700a00702ea420700
ff0702f54207005e080200430700bd08020b4307001c0902164307007b09
0218430710b30901030d01000710da0901d40c01000710560a01c3ba0200
0710670a01a10101000710040d01dd0b010007109c0c0220e904000710b5
0c0214e904000710330d0264e904000700860d021a430700ea0d02244307
00490e022e430700a80e0230430710e00e01f91101000710070f01ca1101
0007104f0f01c3ba02000710600f01a10101000710fa0101e61001000710
92010270e904000710ab010264e904000710290202b4e904000700710202
32430700d302023a430700380302404307009d030245430700ff03025043
07005e040259430700bd0402604307001c0502644307007e050266430700
e3050268430710200601c3ba02000710310601a101010007105206014e1a
010007107906011f1a010007104f0a016a18010007004509026d430710e7
0902c0e904000710000a02b4e9040007107e0a0204ea04000700c50a027b
430700280b0287430700850b028c430700e60b02924307004d0c029d4307
00ae0c02a14307000f0d02ab430700720d02b1430700d30d02b44307003a
0e02b6430710740e01762601000710a40e01472601000710ed0e017c2601
0007101d0f01472601000710410f01822601000710710f01472601000710
950f01882601000710c50f01472601000710e90f018e2601000710190001
4726010007103d00019426010007106d0001472601000710900001c3ba02
000710a10001a101010007107706015222010007107d0601132401000710
830601cf22010007108906017123010007108f0601b52401000710950601
5725010007100f060210ea0400071028060204ea04000710cd060254ea04
000700150702b8430700740702c5430700d30702ca430700320802cc4307
106a0801f92a01000710910801ca2a01000710fa0a01d92901000710810a
0260ea040007109a0a0254ea04000710230b02a4ea040007006b0b02ce43
0700cd0b02dc4307002f0c02de430700910c02e3430710170e02b0ea0400
0710300e02a4ea04000710730e0204eb04000700ba0e02e5430700170f02
f5430700740f02f9430710ab0f01253301000710d20f01f63201000710f3
0f012b33010007101a0001f632010007102603016931010007102c030155
3201000710be020210eb04000710d7020204eb040007105b030254eb0400
0700a20302fb430700050402074407006804020d440700cb040212440700
2e05021b4407008f050225440700fa05022c4407005b060233440700be06
023c4407001b0702494407007c070252440700e107025a4407004608025c
440700ad0802614407000a0902634407104a0901eb41010007107a0901bc
41010007109e0901f14101000710ce0901bc41010007104b0a01f7410100
07107b0a01bc41010007109f0a01fd4101000710cf0a01bc4101000710f3
0a01034201000710230b01bc4101000710470b01094201000710770b01bc
4101000710780f01d940010007107c0f01d44001000710800f01cf400100
0710840f01ca4001000710880f01c540010007108c0f01c0400100071090
0f01a14001000710940f01a34001000710ec0101403d01000710f201015d
3e01000710f80101104101000710fe0101983f01000710040201e63d0100
07100a0201933d010007003e0002684407008f000279440710bc0001783f
0100071084010260eb040007109d010254eb04000710400202b4eb040007
008702028d440700e40202954407004103029a4407009e03029e440700fb
0302a5440700590402a8440700b70402ad440700140502b24407104b0501
704801000710720501414801000710710801344701000710090802c0eb04
000710220802b4eb040007109a080204ec04000700e20802b44407004109
02c4440710790901ea4b01000710a00901bb4b01000710eb0b01de4a0100
0710830b0210ec040007109c0b0204ec04000710240c0254ec040007006f
0c02c6440700d40c02ce440700390d02d44407009e0d02da440700030e02
de440700680e02e3440700d30e02e6440700380f02ea440700a30f02ec44
07000e0002f14407104c00014956010007107c00011a5601000710a00001
4f5601000710d000011a5601000710f400015556010007102401011a5601
0007104801015b56010007107801011a5601000710c10101615601000710
f101011a56010007104a0601b05301000710500601485501000710560601
f554010007105c06010b5401000710620601795401000710e2050260ec04
000710fb050254ec04000710910602b4ec04000700dc0602f94407003d07
02004507009a070206450700f707020b45070054080213450700b108021f
4507001409022445070071090228450700d209022f450700330a02354507
00900a0237450700f10a023c4507102f0b019063010007105f0b01616301
000710830b01966301000710b30b01616301000710970c01c3ba02000710
a80c01a10101000700df0d023e450710910301cf5e010007109703012f5f
01000710290302c0ec04000710420302b4ec04000710c6030204ed040007
000e0402484507006d040256450700cc0402634507002b0502704507008a
050278450700e905027a4507004806027f450710800601196a01000710a7
0601ea6901000710c806011f6a01000710ef0601ea69010007101a0a0136
6901000710200a018b6801000710b2090210ed04000710cb090204ed0400
07104f0a0264ed04000700970a0281450700f60a0292450700550b029745
0700b40b029f450700130c02a9450700720c02bf450700d10c02c7450700
300d02c94507008f0d02ce450700ee0d02d0450710260e01337101000710
4d0e01047101000710340101576f01000710cc000270ed04000710e50002
64ed040007105d0102c4ed04000700a40102d5450700020202e345070060
0202e8450710970201db7401000710be0201ac7401000710dc0401fe7301
000710740402d0ed040007108d0402c4ed040007101a050214ee04000700
650502ea450700ca0502ee4507002f0602f84507009406020b460700f906
020f4607005e070218460700c30702284607002808023b4607008d080246
460710cb0801a27e01000710fb0801737e010007101f0901a87e01000710
4f0901737e010007101a0a01ae7e010007104a0a01737e010007106b0a01
b47e01000710950a01737e01000710a30e01227c01000710a90e01757c01
000710af0e01f77c01000710b50e01b67d01000700800d02554607102a0e
0220ee04000710430e0214ee04000710de0e0264ee04000700260f026346
0700850f0273460700e40f02784607004300027a4607107d0001c3ba0200
07108e0001a10101000710fc010270ee0400071015020264ee0400071058
0202b4ee040007009f02027c460700fc0202884607005903028a460700b6
03028c460700130402914607104a04017a87010007107104014b87010007
107b0701e78501000710130702c0ee040007102c0702b4ee04000710a407
0214ef04000700ec0702934607004e0802a3460700b00802a54607001209
02aa460710980a0220ef04000710b10a0214ef04000710160b0274ef0400
0700610b02ac460700cc0b02bc460700370c02c64607009e0c02ce460700
010d02d3460700620d02d8460700c90d02da4607002a0e02dc460700910e
02df460700f80e02e24607005f0f02eb460700c60f02f24607100a000185
9a010007103a0001569a010007105e00018b9a010007108e0001569a0100
0710b20001919a01000710e20001569a01000710060101979a0100071036
0101569a010007105a01019d9a010007108a0101569a01000710ae0101a3
9a01000710de0101569a01000710020201a99a01000710320201569a0100
0710560201af9a01000710860201569a01000710e90201b59a0100071019
0301569a01000710860a012d95010007108c0a01809501000710920a0126
9601000710980a01d395010007109e0a01509701000710a40a019d960100
0710aa0a01ae9701000710b00a01509801000710b60a01c7980100071003
0a0280ef040007101c0a0274ef04000710df0a02c4ef04000700270b02f9
460700890b0201470700eb0b02064707105a0d02d0ef04000710730d02c4
ef04000710bc0d0214f004000700040e0208470700630e0215470700c20e
021a470700210f021c470710590f017ba201000710800f014ca201000710
a10f0181a201000710c80f014ca2010007107c020187a101000710820201
34a10100071014020220f0040007102d020214f004000710ab020264f004
000700f20202244707005003022e470700ae030233470710e5030129a601
0007100c0401faa5010007102a06014ca501000710c2050270f004000710
db050264f004000710680602b4f004000700b00602354707000f07024447
07006e070249470710a6070186ab01000710cd070157ab01000700520802
4b470710870b01cea9010007100e0b02c0f004000710270b02b4f0040007
10b00b0204f104000700f70b024d470700550c025c470700b30c026b4707
10ea0c01cfb001000710110d01a0b001000710d0000198ae010007106800
0210f10400071081000204f104000710f9000254f1040007004101026d47
0700a3010276470700050202784707006702027d470710ed030260f10400
071006040254f104000710580402b4f104000700a004027f470710d80401
a1b701000710ff040172b701000710a2070101b601000700dd0602894707
10290702c0f104000710420702b4f104000710f0070204f2040007003708
0297470700940802af470700f10802b44707004e0902b6470710850901ce
bd01000710ac09019fbd01000710cd0901d4bd01000710f409019fbd0100
0710cf0d016cbb01000710d50d0181bc010007000a0d02b8470710560d02
10f2040007106f0d0204f204000710130e0254f2040007005a0e02c64707
00b80e02d1470700160f02d6470700730f02dc470700d00f02e54707002e
0002e74707106600018ec7010007108d00015fc701000710d50001c3ba02
000710e60001a101010007108f07019cc2010007104c050260f204000710
65050254f204000700b10502e9470700ce0502f0470700eb0502f4470700
080602f9470700250602fc470700420602004807005f0602084807007f06
02154807009f06021f480700bf060229480700df060233480700ff06023a
4807001f0702424807003f07024d480710be0702a4f2040007000508025a
48070068080267480700cb08026f4807002e09027d480700910902884807
00f80902904807005f0a0299480700bc0a029b480700190b02a04807007c
0b02a2480710bc0b01f1d601000710ec0b01c2d601000710100c01f7d601
000710400c01c2d601000710640c01fdd601000710940c01c2d601000710
b80c0103d701000710e80c01c2d6010007100b0d01c3ba020007101c0d01
a10101000710400d0109d701000710700d01c2d601000710940d010fd701
000710c40d01c2d601000710e80d0115d701000710180e01c2d601000710
3c0e011bd7010007106c0e01c2d601000710900e0121d701000710c00e01
c2d601000710e40e0127d701000710140f01c2d601000710f20601dcd101
000710f806012fd201000710fe0601e0d2010007100407018dd201000710
0a070157d301000710100701b5d30100071016070113d4010007101c0701
71d4010007102207017cd501000710280701cfd501000700080002a74807
002f0002a9480700610002ae480700c50002b3480700390602d04807108a
0602b0f204000710a30602a4f204000710700702f4f204000700b70702e3
480700150802ec480700730802f5480700d10802f748071009090144de01
00071030090115de010007107609014ade010007109d090115de01000710
be090150de01000710e5090115de01000710060a0156de010007102d0a01
15de010007004c0a02ff480710450e01d4db010007104b0e0180dc010007
10510e012ddc01000710570e01f7dc01000700800d0201490710cc0d0200
f304000710e50d02f4f204000710a80e0244f304000700f90e020f490700
5b0f0221490700ba0f0233490710f20f0170e70100071019000141e70100
07103a000176e70100071061000141e7010007108200017ce701000710a9
000141e701000710ca000182e701000710f1000141e70100071012010188
e70100071039010141e7010007105a01018ee70100071081010141e70100
07107107015be3010007107707012be4010007107d0701eae40100071083
0701a9e501000710890701c3e3010007108f070168e601000700e4020235
490700b40402374907007305024549070032060253490710e4060250f304
000710fd060244f304000710b8070294f304000700000802614907006208
026e490700c408027049070026090275490710ac0a02a0f304000710c50a
0294f304000710180b02f4f304000700600b0277490700bf0b028c490700
1e0c029a4907007d0c029f490700dc0c02a1490710140d01c6f101000710
3b0d0197f101000710810d01ccf101000710a80d0197f101000710c90d01
d2f101000710f00d0197f101000710110e01d8f101000710380e0197f101
000710c70101b7ef01000710cd01016cf001000710d3010119f001000710
d90101e3f0010007105f010200f404000710780102f4f304000710320202
44f4040007007a0202a9490700d90202bb49071011030127fb0100071038
0301f8fa010007105903012dfb01000710800301f8fa01000710a1030133
fb01000710c80301f8fa010007100e040139fb01000710350401f8fa0100
07105604013ffb010007107d0401f8fa010007109e040145fb01000710c5
0401f8fa01000710280b019bf6010007102e0b01d8f701000710340b01f6
f6010007103a0b0197f801000710400b0156f901000710460b0115fa0100
0700a20702bd490700610802cb490700200902d9490700df0902e7490710
910a0250f404000710aa0a0244f404000710780b0294f404000700bf0b02
f54907001c0c02044a07007a0c02124a0710b20c01200002000710d90c01
f1ff010007101f0d01260002000710460d01f1ff01000710b90f02a0f404
000710d20f0294f404000710210001bdfe010007102700013dff01000710
6d0002e4f404000700b40002144a07001101021b4a07006e0102214a0700
cb0102264a07002802022f4a0700850202394a0700e20202414a07003f03
02484a07009c03024d4a0700f903024f4a07103004018d09020007105704
015e0902000710780401930902000710a204015e0902000710c304019909
02000710ea04015e09020007108e09014006020007109409016f07020007
109a09011c0702000710ca0802f0f404000710e30802e4f404000710c909
0234f504000710ea09018611020007100e0a015711020007102f0a018c11
02000710560a015711020007109c0a01921102000710c30a015711020007
10e40a019811020007100b0b015711020007102c0b019e1102000710530b
01571102000710f70e026f3e08000710870101e50c020007108d0101940d
020007109301010a0e02000710990101e80f020007109f0101b610020007
00920002574a07101f010240f50400071038010234f504000710e2010294
f5040007002902026d4a07008602027d4a0700e30202834a070040030288
4a07009e03028d4a0700fc0302924a07103304018817020007105a040159
17020007107b04018e1702000710a2040159170200071089070130160200
07108f0701831602000710100702a0f50400071029070294f504000710b8
0702e4f504000700000802944a07005f0802a24a0710970801cc1a020007
10be08019d1a02000710cd0a01fc1902000710650a02f0f5040007107e0a
02e4f504000710100b0234f604000700610b02a44a0700c90b02af4a0700
260c02ba4a0700830c02c34a0700e00c02cc4a07003d0d02d14a07009e0d
02d54a0700ff0d02dc4a07005c0e02e14a0710960e01042402000710c60e
01d523020007100f0f010a24020007103f0f01d52302000710630f011024
02000710930f01d52302000710b70f01162402000710e70f01d523020007
100504018f21020007100b0401e821020007101104019022020007101704
01ff22020007108c030240f604000710a5030234f60400071040040284f6
04000700880402e34a0700ea0402ef4a07004c0502f44a0710b9060290f6
04000710d2060284f604000710150702d4f6040007005d0702f64a0700bc
0702034b07001b0802084b07007a08020a4b0710b40801c3ba02000710c5
0801a10101000710330a02e0f6040007104c0a02d4f604000710a40a0224
f704000700eb0a020c4b0700480b02174b0700a50b021c4b0700020c0222
4b07005f0c022a4b0700bc0c02314b0700190d02374b0700760d02394b07
10ad0d018b3202000710d40d015c3202000710680e019132020007108f0e
015c32020007108c0201483002000710920201193102000700c701023e4b
071013020230f7040007102c020224f704000710c1020274f70400070009
03024c4b0700680302564b0700c703025c4b0700260402624b0700850402
694b0700e40402744b07004305027a4b0700a205027f4b0710da0501b539
02000710010601863902000710950601bb3902000710bc06018639020007
10b609011b3802000710bc0901da38020007104e090280f7040007106709
0274f704000710e50902c4f7040007002d0a02814b07008f0a028c4b0700
f10a02914b0710600c02d0f704000710790c02c4f704000710bc0c0214f8
04000700040d02934b0700630d029b4b07109b0d012d4002000710c20d01
fe3f02000710c60f0220f804000710df0f0214f8040007102e0001123f02
00071057000264f8040007008200029d4b0700e10002ad4b0700400102b3
4b07107801016a44020007109f01013b44020007106b0401234302000710
03040270f8040007101c040264f804000710a80402c4f804000710af0401
b94602000710d504018a4602000710f60401bf46020007101d05018a4602
000710ba0601444502000710c00601ec45020007106b0602c4f804000710
f20602f4f8040007003d0702b74b0700a50702bd4b07000d0802c64b0700
750802ce4b0700dd0802d34b07003f0902e54b0700a10902f74b0700030a
02fc4b0700650a02024c0700c70a02074c0700290b020f4c07008b0b0216
4c0700ed0b021f4c07004f0c022c4c0700b10c023c4c0700190d02414c07
10510d010b5302000710810d01dc5202000710230f01395002000710270f
01bb4f020007102b0f01bb4f020007102f0f01bb4f02000710330f01bb4f
02000710370f01bb4f020007103b0f01bb4f020007103f0f01bb4f020007
10430f01bb4f02000710470f01bb50020007104b0f01bb4f020007104f0f
01bb4f02000710530f01bb4f02000710570f01bb4f020007100c03015b4f
020007002b0002434c0700b20002784c07107b01029f3f08000710800201
094f020007108a0201234f02000710a4020200f904000710bd0202f4f804
0007103b030244f904000700830302ad4c0700e20302b54c0700410402ba
4c0700a00402bc4c0710d80401605902000710ff04013159020007102005
016659020007104705013159020007106805016c59020007108f05013159
020007106109016c58020007106709011958020007106d09014557020007
10f9080250f90400071012090244f9040007109c090294f904000700e409
02c44c0700430a02cd4c0700a20a02d24c0700010b02d44c0710390b01ff
5e02000710600b01d05e02000710810b01055f02000710a80b01d05e0200
0710c90b010b5f02000710f00b01d05e02000710000f010b5e0200071006
0f01b85d020007100c0f015a5d02000710980e02a0f904000710b10e0294
f904000710350f02e4f9040007007d0f02dc4c0700df0f02e34c07004100
02e84c0710c30102f0f904000710dc0102e4f9040007101f020234fa0400
0700670202ea4c0700c60202f54c0710fe02018d66020007102503015e66
020007108e060172640200071026060240fa040007103f060234fa040007
10bd060284fa04000700050702f74c0700640702024d0700c30702074d07
00220802094d07105a08012a6c02000710810801fb6b02000710a2080130
6c02000710c90801fb6b02000710ea0801366c02000710110901fb6b0200
07102b0c01d06a02000710310c017d6a02000710370c01476b02000710c3
0b0290fa04000710dc0b0284fa04000710660c02d4fa04000700ae0c0211
4d07000d0d02194d07006c0d02244d0700cb0d02294d07002a0e022b4d07
10620e01297102000710890e01fa7002000710d10e01c3ba02000710e20e
01a101010007102a0101537002000710c20002e0fa04000710db0002d4fa
0400071053010224fb040007009a01022d4d0700f70102354d0700540202
394d07108b0201af7502000710b20201807502000710d30201b575020007
10fa0201807502000710b00501417402000710b60501df74020007104805
0230fb0400071061050224fb04000710df050274fb040007002606023b4d
0700840602464d0700e20602514d0710190701e57d02000710400701b67d
02000710e60d01d07802000710e809026f4008000710d70b027040080007
10300c01e77c02000710340c01e77c02000710380c01dc7c020007103c0c
010c7d02000710400c010c7d02000710440c01dc7c02000710480c01317d
020007104c0c01317d02000710640d01307c020007107e0d0280fb040007
10970d0274fb040007100f0e02c4fb04000700570e02534d0700b90e025c
4d07001b0f02614d0710880002d0fb04000710a10002c4fb04000710ea00
0214fc04000700350102634d0700a001026b4d0700050202714d07006a02
027a4d0700cf0202844d07003a03028c4d0700a50302934d07000a040297
4d07007504029b4d0700da04029d4d07004505029f4d0700b00502a14d07
10ee0501238d020007101e0601f48c02000710420601298d020007107206
01f48c020007109606012f8d02000710c60601f48c020007100f0701358d
020007103f0701f48c02000710a207013b8d02000710d20701f48c020007
10f60701418d02000710260801f48c02000710240d01c98b020007102a0d
01dd8902000710300d01028b02000710360d01888a020007103c0d01768b
02000710420d01408c02000710bc0c0220fc04000710d50c0214fc040007
107b0d0274fc04000700c20d02a94d07001f0e02b64d07007c0e02ba4d07
00d90e02c04d07003a0f02c44d07009f0f02c64d0700000002cb4d071037
00010d95020007105e0001de94020007107f0001139502000710a60001de
9402000710c70001199502000710f40001de94020007101501011f950200
07103c0101de94020007100e0501ea92020007101405010c94020007101a
0501b99302000710200501459302000710a6040280fc04000710bf040274
fc040007104f0502d4fc040007007a0502d34d0710b20501bc9a02000710
d905018d9a02000710fa0501c29a020007102106018d9a020007104e0601
c89a020007107406018d9a02000710950601ce9a02000710bc06018d9a02
000710bd0a01a39802000710c30a01f69802000710c90a017e9902000710
cf0a01dc9902000710550a02e0fc040007106e0a02d4fc04000710f80a02
34fd040007101c0b01119d02000710400b01e29c02000710120d01399c02
000710aa0c0240fd04000710c30c0234fd040007104a0d0284fd04000700
920d02de4d0710ca0d01a4a202000710f10d0175a202000710a5020153a1
020007005d0002e04d07102c020290fd0400071045020284fd04000710db
0202d4fd04000700260302e84d07008b0302f24d0700f00302ff4d070055
0402124e0700ba0402234e07001f05022c4e07008405023d4e0700ef0502
4e4e07005406025a4e0700b90602654e07001e0702724e07008907027e4e
0700ee0702854e07005908028e4e0700c40802904e07002f0902954e0710
7309013bb002000710a309010cb002000710bc0a0141b002000710ec0a01
0cb002000710100b0147b002000710400b010cb002000710630b01c3ba02
000710740b01a10101000710d40f02e0fd04000710ed0f02d4fd04000710
3c0001f6ac020007104200015eae0200071048000112af02000710770002
24fe04000700c20002974e0700270102a34e07008c0102a94e0700f10102
b84e0700560202c94e0700bb0202d94e07001d0302e34e07007f0302f24e
0700e40302fc4e0700490402fe4e0700ae0402034f0710e9040155ba0200
071010050126ba020007105c0601c3ba020007106d0601a1010100071056
0a010fb8020007005b0902054f0710ee090230fe04000710070a0224fe04
000710660a028cd009000710700a02644108000710850a0294fe04000710
9d0a02a0fe04000710b10a0294fe04000710370b028cd009000710610b02
8cd009000700b00b02134f07002a0c02154f0710100d02d4fe0400070058
0d02174f0700ba0d02244f07001c0e02294f07108b0f02e0fe04000710a4
0f02d4fe04000710e70f0224ff040007002f00022b4f07009100023c4f07
00f30002414f071060020230ff0400071079020224ff04000710bc020274
ff04000700030302434f0700600302494f0700be03024f4f07001c040254
4f0710530401dfc6020007107a0401b0c602000710e0060104c602000710
78060280ff0400071091060274ff040007100f0702d4ff04000700570702
564f0700b60702624f0700150802674f07007408026c4f0700d30802724f
0700320902774f07106a09011acc02000710910901ebcb020007101b0c01
e9ca02000710b30b02e0ff04000710cc0b02d4ff040007104a0c02240005
000700920c02794f0700f10c02814f0700500d02864f0700af0d028b4f07
000e0e02914f07006d0e02954f0700cc0e02984f07002b0f02ad4f07008a
0f02c24f0700e90f02c74f0710210001f1d202000710480001c2d2020007
10f20201a0d1020007108a0202300005000710a302022400050007101b03
02740005000700620302c94f0700bf0302d14f07001d0402db4f07007b04
02dd4f0710b204012fd702000710d9040100d70200071030070151d60200
0710c80602800005000710e10602740005000710590702c40005000700a0
0702e24f0700fd0702eb4f07005b0802f44f0700b90802f64f0710f00801
6ddb020007101709013edb020007106e0b018fda02000710060b02d00005
0007101f0b02c40005000710860b02100105000710cc0b0288e409000710
d50b0288e409000710db0b029cd009000710e50b029cd009000710f10c02
340105000700390d02fb4f0700980d0206500710d00d01e1e002000710f7
0d01b2e002000710180e01e7e0020007103f0e01b2e002000710e2000141
df02000710e8000194df020007001d000208500710690002400105000710
8200023401050007102e010284010500070075010216500700d201021d50
07002f0202235007008c020228500700e90202315007004603023b500700
a30302435007000004024a5007005d04024f500700ba040251500710f104
014eea020007101805011fea0200071039050154ea020007106305011fea
020007108405015aea02000710ab05011fea020007104f0a0101e7020007
10550a0130e8020007105b0a01dde7020007108b0902900105000710a409
02840105000710a10a02d40105000700e90a0259500700470b0262500700
a40b0267500700010c0269500710380c0136f2020007105f0c0107f20200
0710d90c013cf202000710000d0107f202000710210d0142f20200071048
0d0107f202000710370201caee020007103d020118f002000710430201c5
ef02000710730102e001050007108c0102d4010500071075020224020500
0700bd0202715007001c03027b5007007b030280500700da030282500710
120401c6f70200071039040197f7020007105a0401ccf702000710810401
97f702000710a20401d2f702000710c9040197f702000710c707012cf602
000710cd0701d2f602000710d307017ff6020007105f0702300205000710
7807022402050007100c08027402050007005408028a500700b308029150
07001209029650070071090298500710a909014ffd02000710d0090120fd
02000710f1090155fd02000710180a0120fd02000710390a015bfd020007
10600a0120fd02000710500d01b5fb02000710560d015bfc020007105c0d
0108fc02000710e80c02800205000710010d02740205000710ac0d02c402
05000700f30d02a0500700500e02a6500700ad0e02ab5007000e0f02ad50
0710490f01200803000710700f01f10703000710910f01260803000710be
0f01f10703000710df0f012c0803000710060001f107030007104f000132
08030007107f0001f10703000710a30001380803000710d30001f1070300
0710f700013e0803000710270101f107030007104b01014408030007107b
0101f10703000710210801c605030007102708011303030007102d080166
0303000710330801e003030007103908013e04030007103f08019c040300
0710450801fa0403000710220702d002050007103b0702c4020500071073
0802200305000710bf0802140305000710c60801ce0d03000710ec08019f
0d030007100e0901d40d030007103509019f0d030007105b0901da0d0300
07108209019f0d03000710a30901e00d03000710ca09019f0d03000710cf
0d01f70903000710d50d011a0c03000710db0d01520b03000710e10d01eb
0a03000700c50b02b5500700eb0b02c3500710290d02140305000700580e
02dc500700b40e02e6500700100f02ec5007006c0f02f3500700c80f02fc
500710720f01321e030007107c0f01601e0300070023000208510700a000
02115107000401021b5107006801021e510700ca0102215107002c02022f
5107008e020237510700f00202425107005203024e510700b40302515107
001004025a5107006c04025d510700c80402605107002405026551070080
05026a510700dc050277510700380602865107009606028d510700f40602
945107005207029f510710cf0702540305000700410802ac510700a60802
b15107000b0902b8510700700902be510700d50902c05107003a0a02c551
07009f0a02c7510710dd0a015d22030007100d0b012e2203000710530b01
6322030007107d0b012e22030007109e0b01692203000710c50b012e2203
000710e90b016f2203000710190c012e22030007103d0c01752203000710
6d0c012e2203000710600e01801f03000710640e011e1f03000710680e01
511f030007106c0e01511f03000710700e011e1f03000710740e01511f03
000710780e011e1f030007107c0e011e1f03000710800e01511f03000710
840e01511f03000710880e01511f030007108c0e01511f03000710900e01
511f03000710940e01511f03000710980e01511f030007109c0e01511f03
000710a00e01511f03000710a40e01511f03000710a80e01511f03000710
ac0e01511f03000710b00e01511f03000710b40e011e1f03000710b80e01
511f03000710bc0e01511f030007105e0201c01e030007106402019b1f03
0007106a02015720030007107002017121030007107602010b2103000710
e50102600305000710fe0102540305000710a50202b40305000700f00202
cc510700550302d3510700ba0302d85107001f0402de510700840402e451
0700e90402ec5107004e0502f3510700b30502fc51070018060206520700
7d060208520700e206020d5207004707020f5207108b0701df2c03000710
bb0701b02c030007101e0801e52c030007104e0801b02c03000710720801
eb2c03000710a20801b02c03000710e00c01812a03000710e60c01962b03
000710ec0c01fc2b030007105d0a01d92a03000710610a010c2b03000710
650a010c2b03000710690a010c2b030007106d0a010c2b03000710710a01
0c2b03000710750a010c2b03000710790a010c2b030007107d0a010c2b03
000710340b014d2a030007103e0b015d2a03000710780c02c00305000710
910c02b40305000710150d021404050007005c0d0214520700b90d021b52
0700160e021d520700730e0222520700d00e0224520710110f018a310300
0710370f015b31030007108b0101d22f030007102301022004050007103c
0102140405000710b40102740405000700fb01022a520700580202335207
00b60202455207001403024a5207104b0301c935030007107203019a3503
000710ca0501ea34030007106205028004050007107b0502740405000710
f30502c404050007003a06024c52070097060256520700f506025c520700
530702615207108a0701e03903000710b10701b13903000710e109010539
03000710790902d00405000710920902c40405000710310a021405050007
007c0a0263520700e90a0268520700560b026a520700c30b027252070030
0c02755207009b0c0278520700060d0285520700710d0294520700dc0d02
97520700490e029c520700b80e02a1520700250f02a8520700920f02af52
0700010002b6520700700002b8520700dd0002bb5207004a0102bf520700
b70102c5520700220202d05207008f0202d8520700fc0202e25207006703
02ea520700d20302005307104e0401855503000710830401565503000710
aa04018b5503000710e004015655030007102f05019155030007105f0501
565503000710c20501975503000710f205015655030007103b06019d5503
0007106b0601565503000710b40601a35503000710ea0601565503000710
110701a95503000710410701565503000710650701af5503000710980701
565503000710210801b55503000710510801565503000710750801bb5503
000710a50801565503000710080901c15503000710380901565503000710
de0901c75503000710140a01565503000710860501a94e030007108c0501
444a03000710920501f64b03000710980501024b030007109e05017c4b03
000710a40501965003000710aa0501f44f03000710b005019a4c03000710
b60501395103000710bc05014b4f03000710c20501395303000710c80501
be4a03000700e6010205530700cd020207530710350402140505000710f7
0502440505000700210602095307105b0601635f030007108b0601345f03
000710ac0601695f03000710d60601345f03000710f706016f5f03000710
1e0701345f03000710420701755f03000710720701345f03000710930701
7b5f03000710ba0701345f03000710db0701815f03000710020801345f03
000710260801875f03000710560801345f030007107a08018d5f03000710
aa0801345f03000710cb0801935f03000710f20801345f03000710640f01
265b030007106a0f01795b03000710700f011b5c03000710760f01795c03
0007107c0f011b5d03000710820f016e5d03000710880f01cc5d03000710
8e0f012a5e03000710940f01885e03000710fc0e02500505000710150f02
440505000710c30f02a40505000700ee0f0214530710fc0c01b96d030007
10000d01b96d03000710040d01b96d03000710080d01b96d030007100c0d
01b96d03000710100d01b96d03000710140d01b96d03000710180d01b96d
030007101c0d01b96d03000710200d01b96d03000710240d01b96d030007
10280d01b96d030007102c0d01b96d03000710300d01b96d03000710340d
01b96d03000710380d01b96d030007103c0d01b96d03000710400d01b96d
03000710440d01b96d03000710480d01b96d030007104c0d01b96d030007
109a0b015c6e030007109e0b015c6e03000710a20b015c6e03000710a60b
015c6e03000710aa0b015c6e03000710ae0b015c6e03000710b20b015c6e
03000710b60b015c6e03000710ba0b01816e03000710be0b015c6e030007
10c20b015c6e03000710480c01346e030007104c0c01b96d03000710500c
01b96d03000710540c01b96d03000710580c01b96d030007105c0c01b96d
03000710600c01b96d03000710640c01b96d03000710680c01b96d030007
106c0c01b96d03000710700c01b96d03000710740c01b96d03000710780c
01b96d030007107c0c01b96d03000710800c01b96d03000710840c01b96d
03000710880c01b96d030007108c0c01b96d03000710900c017272030007
10940c01b96d03000710980c01b96d030007109c0c01a07203000710a00c
01a07203000710a40c01a07203000710a80c01b96d03000710ac0c01b96d
03000710b00c01097203000710b40c01097203000710b80c010972030007
10bc0c01097203000710c00c01cb7203000710c40c01cb7203000710c80c
01cb7203000710cc0c01b96d03000710d00c01b96d03000710d40c01b96d
03000710d80c01b96d03000710dc0c01b96d03000710e00c01b96d030007
10e40c01b96d03000710e80c01b96d03000710ec0c01897203000710f00c
01b96d03000710f40c01b96d03000710f80c01b96d030007102600019f65
030007104d00017065030007106e0001a565030007109500017065030007
10b60001ab6503000710dd0001706503000710fe0001b165030007102501
01706503000710460101b765030007106d0101706503000710a005015d63
03000710a605010e6403000710ac0501616403000710b20501b063030007
10b80501bf6403000710380502b00505000710510502a40505000710fa05
020406050007004106021a5307009e060229530700fb0602385307005907
023a530700b707023f530710ee0701f37303000710150801c47303000710
5b0801f97303000710820801c473030007101e0b013e6e03000710220b01
5c6e03000710260b015c6e030007102a0b014a6e030007102e0b014a6e03
000710320b014a6e03000710360b014a6e030007103a0b014a6e03000710
3e0b01246e03000710420b01246e03000710460b01536e030007104a0b01
3e6e030007104e0b015c6e03000710520b01246e03000710560b015c6e03
0007105a0b01246e030007105e0b013e6e03000710620b015c6e03000710
660b01786e030007106a0b015c6e030007106e0b015c6e03000710720b01
5c6e03000710760b015c6e030007107a0b015c6e030007107e0b015c6e03
000710820b015c6e03000710860b015c6e030007108a0b015c6e03000710
8e0b012a7003000710920b012a7003000710960b012a7003000710f40301
506d03000710fa03012373030007105d0001cc6a030007106700011e6b03
000710150301c66b030007101f0301486c030007108c0302100605000710
a503020406050007102304025406050007006a040241530700c804024f53
0700260502545307105d0501a17703000710840501727703000710a20701
c476030007103a0702600605000710530702540605000710cb0702a40605
0007001208025653070070080261530700ce080266530710050901497b03
0007102c09011a7b030007104a0b016c7a03000710e20a02b00605000710
fb0a02a40605000710980b02f40605000700df0b02685307003c0c027353
07009a0c0278530700f80c027a530700560d027c5307108e0d01a3820300
0710b50d01748203000710d60d01a98203000710fd0d017482030007100f
0e01af8203000710360e017482030007005a0b022a560700790b02315607
00980b023a560700b70b024c560700d60b0255560700f50b026556070014
0c0276560700330c0281560700520c028f560700710c0297560700900c02
a2560700af0c02ad560700ce0c02b9560700ed0c02c35607000c0d02d056
07002b0d02db5607004a0d02ef560700690d0203570700880d0210570700
a70d021b570700c60d0228570700e50d0230570700040e0245570700230e
0257570700420e0269570700610e027c570700860e028e570700a50e0297
570700c40e02a0570700e30e02b2570700020f02c1570700210f02cb5707
00400f02cd5707005f0f02d25707007e0f02dd5707009d0f02e8570700bc
0f02f7570700db0f0206580700fa0f0212580710a40201cd7f03000710aa
0201a88003000710b00201678103000700310102835307102b0202000705
000710440202f40605000710c2020298e409000710cb020298e409000710
d602028ce409000710e00202dd4308000710ea02028ce409000710fa0202
8ce409000710920302540705000700b4030291530700bb03029953070039
0402af5307004d0402e1530700520402e65307002d0502225407004c0502
2d5407006b0502365407008a050241540700a905024c540700c805025754
0700e70502625407000606026f5407002506027f54070044060287540700
63060294540700820602a0540700a10602ae540700c00602b4540700df06
02bf540700fe0602c95407001d0702d15407003c0702dc5407005b0702e6
5407007a0702ed540700990702f6540700b80702fd540700d70702065507
00f60702105507001508021b550700340802265507005308022c55070072
0802335507009108023b550700b0080244550700cf080252550700ee0802
5f5507000d0902705507002c0902795507004b0902815507006a09028b55
070089090293550700a809029a550700c70902ad550700e60902b9550700
050a02c3550700240a02cd550700430a02d4550700620a02d9550700810a
02de550700a00a02e6550700bf0a02ef550700de0a02f8550700fd0a0201
5607001c0b020a5607003b0b021a5607005a0902726307007a0902b06307
00990902e9630700b8090223640700d809025d640700f80902c864070017
0a020e650700360a024c650700560a0284650700750a02b9650700940a02
e4650700b40a020e660700d30a0241660700f20a0273660700120b02a466
0700310b02dc660700500b0213670700700b02496707008f0b027c670700
ae0b02b4670700ce0b02ea670700ed0b02286807000c0c025e6807002c0c
02926807004b0c02e26807006a0c0228690700890c0272690700a80c02be
690700c70c02016a0700e60c023a6a0700050d02696a0700240d02d66a07
00430d022a6b0700620d02696b0700810d02a16b0700a00d02066c0700bf
0d02616c0700df0d028b6c0700ff0d02af6c07001f0e02d36c07003f0e02
fc6c07005f0e02246d07007f0e02956d07009f0e02026e0700bf0e02386e
0700df0e025d6e0700fe0e02a06e07001e0f02fd6e07003d0f02486f0700
5d0f028e6f07007d0f02ca6f07009d0f02fb6f0700bd0f0248700700dd0f
026a700700fc0f028f7007001900022a5807003800023d58070057000247
580700760002575807009500026d580700b4000283580700d30002945807
00f20002a1580700110102b1580700300102b95807004f0102c95807006e
0102d75807008d0102e3580700ac0102e7580700cb0102f5580700ea0102
025907000902020f590700280202205907004702022b5907006602023759
070085020243590700a402024d590700c3020255590700e202025f590700
01030269590700200302715907007a030279590700a00302a0590700f603
02c0590700fb0302c85907001a0402165a0700390402525a070058040276
5a0700780402a95a0700980402b15a0700b80402c15a0700d80402d05a07
00f70402115b0700160502645b0700350502ac5b0700540502fd5b070073
05024a5c07009205028f5c0700b10502dc5c0700d00502235d0700ef0502
835d07000e0602dd5d07002d0602275e07004c06025e5e07006b06028c5e
07008a0602bd5e0700aa0602ff5e0700c90602405f0700e806027a5f0700
070702a95f0700260702da5f0700460702156007006507024b6007008407
026d600700a4070290600700c30702c4600700e20702e86007000208020b
610700210802446107004008026a610700600802916107007f0802ca6107
009e0802f3610700be08021f620700dd08025a620700fc0802a66207001c
0902f46207003b090232630700d90802f4840700f808024f8507001c0902
a98507002309021a86070043090284860700620902d08607008109021287
0700a509025e870700ac0902ce870700cc090239880700ec090259880700
150a027c880700350a02c5880700550a0213890700750a0263890700950a
02b2890700b40a02fe890700bf0a02478a0700df0a028f8a0700ff0a02dc
8a07001f0b022b8b07003f0b02798b07005e0b02c48b07007e0b020d8c07
009e0b02428c0700be0b02a38c0700de0b020b8d0700fe0b02718d07001e
0c02d78d07003e0c023a8e07005e0c028d8e07007e0c02b88e07009e0c02
db8e0700be0c020c8f0700de0c02438f0700fe0c02788f07001e0d02ad8f
07003e0d02da8f07005e0d020a9007007e0d02399007009e0d026a900700
be0d02ac900700de0d02fb900700fe0d02129107001d0e02629107003c0e
027b9107005b0e02cb9107007a0e02ea910700990e0238920700b80e0268
920700d70e02b6920700f70e02f8920700160f0216930700360f02419307
00560f025b930700750f028a930700940f02e0930700b40f0227940700d4
0f0259940700f40f028e9407001c0002b07007003c0002d27007005c0002
f57007007c00025e7107009c0002ce710700bc000235720700dc00025472
0700fc0002757207001c0102af7207003c0102eb7207005c010227730700
7c01026f7307009c0102ac730700bb010206740700db01023f740700fa01
02807407001a0202b8740700390202e9740700590202217507007902026f
750700990202af750700b90202d4750700d902020e760700f90202487607
00190302687607003903028a760700590302b17607007903023077070099
030261770700b80302d2770700d7030223780700f7030251780700160402
a6780700360402d47807005504023779070075040253790700950402b179
0700b504021f7a0700d50402947a0700f40402e87a0700140502fa7a0700
3405021b7b07005405023c7b0700740502737b0700940502b07b0700b405
02fb7b0700d40502337c0700f40502767c0700130602c07c0700370602fd
7c07003e06024a7d07005d0602907d07007d0602f27d07009d0602767e07
00c10602bd7e0700c80602647f0700e80602048007000807022c80070028
07024d80070048070277800700680702b6800700880702f3800700a80702
1c810700c7070277810700eb0702c5810700f20702118207001108025682
0700310802b78207005008020b8307006f080261830700930802bb830700
9a08022c840700ba080296840700db080285a50700fa0802c9a507001909
021aa6070038090269a6070057090298a60700760902e5a6070095090204
a70700b409024fa70700d309028ba70700f20902afa70700250a02e1a707
10460a028008050007105b0a025407050007108d0a026407050007109f0a
02640705000710ef0a02840705000710010b02840705000710510b02a407
05000710630b02a40705000710b30b02c40705000710c50b02c407050007
10210c02e40705000710df0d02a00805000710f50d02e407050007103d0e
02040805000710fb0f02c00805000700140002bd940700330002f0940700
530002299507007300027d9507009300029b950700b30002c9950700d300
02d9950700f300022e9607001301029d960700330102c796070053010203
970700730102409707009301029c970700b30102ee970700d30102299807
00f301025198070013020280980700380202e99807004002021199070065
0202389907006d02029f9907008d0202e8990700b602020c9a0700d50202
5c9a0700f502029c9a0700140302ce9a07003403020e9b07003f03024d9b
07005e03029b9b07007e0302bf9b07009d0302f09b0700bd0302149c0700
dd0302529c0700fd0302769c07001d04029b9c0700420402c19c07004a04
02f69c07006904022a9d07008804026b9d0700a70402af9d0700c60402eb
9d0700e504022d9e0700050502679e0700250502959e0700450502dc9e07
006505024b9f07008405026e9f0700a30502af9f0700c20502f39f0700e1
05022fa0070000060271a00700200602aba00700400602cea00700600602
f4a0070080060223a10700a006025ca10700c0060288a10700e00602b7a1
0700000702dea1070020070209a2070040070245a2070060070280a20700
800702d3a207009f0702f9a20700be07025aa30700dd0702bea30700fc07
02e1a307001c080227a407003c080279a407005c0802a3a407007c0802cb
a407009c0802f1a40700bc080244a5071011000204080500071059000224
0805000710170202e008050007102d020224080500071075020244080500
0710330402000905000710490402440805000710860402a8e4090007108f
0402a8e4090007109a04029ce409000710a40402534508000710ae04029c
e409000710be04029ce409000710ce04029ce409000710df04029ce40900
0710560502140a05000700760502f7a70710160702400c050007102b0702
140a050007105d0702240a050007106f0702240a05000710bf0702440a05
000710d10702440a05000710210802640a05000710330802640a05000710
830802840a05000710950802840a05000710e50802a40a05000710f70802
a40a05000710470902c40a05000710590902c40a05000710a90902e40a05
000710bb0902e40a050007100b0a02040b050007101d0a02040b05000710
790a02240b05000710370c02600c050007104d0c02240b05000710950c02
440b05000710530e02800c05000710690e02440b05000710b10e02640b05
0007106f0002a00c05000710850002640b05000710cd0002840b05000710
8b0202c00c05000710a10202840b05000710e90202a40b05000710a70402
e00c05000710bd0402a40b05000710050502c40b05000710c30602000d05
000710d90602c40b05000710210702e40b05000710df0802200d05000710
f50802e40b050007103d0902040c05000710fb0a02400d05000710110b02
040c050007004f0b020fa807006e0b0225a807008e0b023ba80700ae0b02
65a80700cd0b0275a80700ec0b02aaa807000b0c02fba807002a0c024ba9
0700490c029ea90700680c02b8a90700870c02c9a90700a60c0210aa0700
c50c0263aa0700e40c02a5aa07001f0d02e7aa07003e0d0202ab07005e0d
0215ab07007e0d0251ab07009d0d0261ab0700bc0d02acab0700db0d02f9
ab0700fa0d020aac0700190e0251ac0700380e02c2ac0700730e0204ad07
00920e0218ad0700b20e022cad0700d20e0243ad0700f10e0253ad070010
0f02a4ad07004b0f02d1ad07006a0f02eaad07008a0f0203ae0700a90f02
4cae0700c80f028bae0700e70f02d3ae0700dd0802dbbd0700fc080215be
07001b090250be07003a09026fbe0700590902bbbe070078090200bf0700
97090230bf0700b6090268bf0700d50902a0bf0700f40902eebf0700130a
020cc00700320a025dc00700510a02aec00700700a0201c107008f0a0234
c10700ae0a0265c10700cd0a027dc10700ec0a02a7c107000b0b02d2c107
002a0b02eac10700490b0216c20700680b0241c20700870b025ec20700a6
0b028cc20700c50b02bbc20700e40b020ac30700030c024cc30700220c02
83c30700410c02bcc30700600c02ffc307007f0c021ac407009e0c024bc4
0700bd0c027fc40700dc0c02d0c40700fb0c0215c507001a0d0260c50700
390d02a0c50700580d02d9c50700770d021cc60700960d02d7c60700b50d
02f5c60700d40d021bc70700f30d023ec70700120e0266c70700310e02ab
c70700500e02e8c707006f0e022fc807008e0e0253c80700ad0e02b9c807
00cc0e021ec90700eb0e027ac907000a0f0299c90700290f02f6c9070048
0f0215ca0700670f0254ca0700860f029cca0700a50f02e2ca0700c40f02
f0ca0700e30f0217cb070006000224af070025000271af0700440002b6af
070063000203b007008200024ab00700a1000273b00700c00002d3b00700
df000240b10700fe000280b107001d0102e0b107003c010213b207005b01
0254b207007a0102b7b207009901022ab30700b801023ab30700d701027c
b30700f60102a1b30700150202e0b30700340202ffb3070053020224b407
0072020243b407009102026fb40700b002028eb40700cf0202c0b40700ee
0202dfb407000d030209b507002c030228b507004b030252b507006a0302
71b50700890302bab50700a80302d9b50700c7030220b60700e603023fb6
070005040275b6070024040294b60700430402b9b60700620402dbb60700
81040217b70700a004023ab70700bf04025cb70700de0402acb70700fd04
02cdb707001c05021eb807003b050241b807005a050263b80700790502a5
b80700980502c4b80700b7050208b90700d6050231b90700f5050277b907
001406029ab90700330602bcb90700520602e7b9070071060213ba070090
060244ba0700af06027fba0700ce0602a2ba0700ed0602c4ba07000c0702
09bb07002b07022cbb07004a07024ebb070069070283bb0700880702b9bb
0700a7070208bc0700c6070257bc0700e507027abc07000408029cbc0700
230802bcbc0700420802fcbc070061080235bd070080080280bd07009f08
02a3bd0700be0802c5bd0700f60802e9da07001509020adb070034090250
db070053090273db070072090295db0700910902c0db0700b00902e3db07
00cf090205dc0700ee090228dc07000d0a024adc07002c0a0285dc07004b
0a02a8dc07006a0a02cadc0700890a020fdd0700a80a0231dd0700c70a02
53dd0700e60a0263dd0700050b0286dd0700240b02a8dd0700430b02bfdd
0700620b02e1dd0700810b0204de0700a00b022dde0700bf0b024fde0700
de0b0272de0700fd0b02c2de07001c0c0211df07003b0c0234df07005a0c
0256df0700790c0276df0700980c02b6df0700b70c02efdf0700d60c0239
e00700f50c025ce00700140d027ee00700330d0293e00700520d02cde007
00710d0208e10700900d0227e10700af0d0273e10700ce0d02b8e10700ed
0d02e8e107000c0e0220e207002b0e0258e207004a0e02a6e20700690e02
c4e20700880e0215e30700a70e0238e30700c60e025ae30700e50e02a9e3
0700040f02ece30700230f0224e40700420f025ee40700610f02a2e40700
800f02f5e407009f0f0228e50700be0f0258e50700dd0f0270e50700fc0f
0292e507000200022ecb07002100026dcb0700400002abcb07005f0002cd
cb07007e000209cc07009d000244cc0700bc000255cc0700db000297cc07
00fa0002dfcc07001901022acd070038010266cd0700570102afcd070076
0102fbcd070095010242ce0700b401028cce0700d30102d9ce0700f20102
f0ce070011020210cf070030020232cf07004f02027acf07006e0202c9cf
07008d020211d00700c8020254d00700e702026dd0070007030286d00700
260302ced0070045030217d1070064030261d10700830302aad10700a203
02f3d10700c1030237d20700e0030268d20700ff0302d3d207001e04021b
d307003d04025fd307005c0402b5d307007b040219d407009a0402a2d407
00b90402b2d40700d80402e2d40700f7040207d507001605024ed5070035
05026dd5070054050292d50700730502b1d50700920502ddd50700b10502
fcd50700d005022ed60700ef05024dd607000e060277d607002d060296d6
07004c0602c0d607006b0602dfd607008a060228d70700a9060247d70700
c806028ed70700e70602add70700060702e3d7070025070202d807004407
0227d8070063070249d8070082070285d80700a10702a8d80700c00702ca
d80700df07021ad90700fe07023bd907001d08028cd907003c0802afd907
005b0802d1d907007a08020fda07009908022eda0700b8080272da0700d7
08029bda07004a09020ef607006a090226f607008a09025ef60700a90902
6ef60700c80902f4f60700e7090205f70700060a024cf70700250a029ff7
0700440a02e0f70700630a0222f807009e0a022df80700bd0a0248f80700
dd0a0260f80700fd0a029bf807001c0b02abf807003b0b0220f907005a0b
0231f90700790b0278f90700980b02cbf90700b70b020cfa0700d60b024e
fa0700110c0259fa0700300c026cfa0700500c027ffa0700700c02f8fa07
008f0c0208fb0700ae0c02d2fb0700cd0c02f8fb0700ec0c0208fd07000b
0d0213fd07002a0d026ffd0700490d02ccfd0700680d02ddfd0700870d02
24fe0700a60d0277fe0700c50d02b8fe0700000e02fafe07001f0e0212ff
07003f0e022aff07005f0e027aff07007e0e028aff07009d0e02c1ff0700
bc0e02e7ff0710db0e027b0001000710fa0e02b00001000710190f02c100
01000710380f02080101000710570f025b0101000710760f029c01010007
10950f02de0101000710b40f02340201000710ef0f027e02010007001b00
02b5e507003a0002d0e5070059000201e6070078000235e6070097000286
e60700b60002cbe60700d5000216e70700f4000256e7070013010292e707
00320102d5e7070051010290e80700700102b1e807008f0102f6e80700ae
010233e90700cd01027ae90700ec0102d1e907000b02020eea07002a0202
75ea0700490202ceea07006802022deb07008702028aeb0700a60202c9eb
0700c50202eceb0700e402020fec070003030242ec070022030257ec0700
4103027aec07006003029dec07007f0302bdec07009e0302e0ec0700bd03
0202ed0700dc030213ed0700fb030255ed07001a04029ded0700390402e8
ed070058040224ee07007704026dee0700960402b9ee0700b5040200ef07
00d404024aef0700f3040297ef0700120502bdef0700310502e0ef070050
050208f007006f05021ef007008e050241f00700ad050263f00700cc0502
abf00700eb0502faf007000a060242f1070045060285f107006406029bf1
0700840602b1f10700a40602dbf10700c30602ebf10700e2060241f20700
01070279f207002007028af207003f0702d1f207005e070224f307007d07
0265f30700b80702a7f30700d70702bdf30700f70702d3f3070017080201
f4070036080211f407005508026ff40700740802c8f40700930802d9f407
00b2080220f50700d1080273f50700f00802b4f507002b0902f6f5071073
0e02e11e01000710920e02221f01000710cd0e02641f01000710ec0e0277
1f010007100c0f02891f010007102b0f02b41f010007104a0f02c51f0100
0710690f020e2001000710880f02522001000710a70f02952001000710c6
0f02d42001000710e50f021c2101000710330702a3100100071052070264
1101000710710702ce11010007109007022e1201000710af07023f120100
0710ce0702861201000710ed0702d912010007100c08021a130100071047
08025c1301000710660802711301000710860802861301000710a60802db
1301000710c50802eb1301000710e408027614010007100309029c140100
07102209024c1501000710410902d715010007106009021d16010007107f
09026116010007109e0902271701000710bd09024b1701000710dc09025c
1701000710fb0902a317010007101a0a02f61701000710390a0237180100
0710740a02791801000710930a028c1801000710b30a029f1801000710d3
0a02cc1801000710f20a02dc1801000710110b02221901000710300b0240
19010007104f0b025119010007106e0b029819010007108d0b02eb190100
0710ac0b022c1a01000710e70b026e1a01000710060c02841a0100071026
0c029a1a01000710460c02c41a01000710650c02d41a01000710840c0207
1b01000710a30c02181b01000710c20c025f1b01000710e10c02b21b0100
0710000d02f31b010007101f0d02351c010007105a0d028f1c0100071079
0d02a41c01000710990d02ba1c01000710b90d02ef1c01000710d80d02ff
1c01000710f70d026f1d01000710160e02801d01000710350e02471e0100
0710540e028e1e010007100e00029502010007102e0002ac02010007104e
0002ea02010007106d0002fa02010007108c0002450301000710ab000291
0301000710ca0002a20301000710e90002e903010007100801023c040100
07102701027d0401000710620102bf0401000710810102d80401000710a1
0102f10401000710c101021e0501000710e001022e0501000710ff01026b
05010007101e02027c05010007103d0202c305010007105c020216060100
07107b0202570601000710b60202990601000710d50202aa0601000710f5
0202bb06010007101503024e07010007103403025e0701000710530302ff
0701000710720302250801000710910302660801000710b0030204090100
0710cf0302c90901000710ee03020a0a010007100d04024e0a010007102c
0402900a010007104b0402cf0a010007106a04022b0b0100071089040253
0b01000710a80402810b01000710c70402a00b01000710e60402fe0b0100
07100505025d0c010007102405026e0c01000710430502b50c0100071062
0502080d01000710810502490d01000710bc05028b0d01000710db0502a1
0d01000710fb0502b70d010007101b06020a0e010007103b0602580e0100
07105a0602680e01000710790602b40e01000710980602da0e01000710b7
0602190f01000710d60602600f01000710f50602b30f0100071014070200
1001000710a30e02a23d01000710c20e02ee3d01000710e10e02923e0100
0710000f023c3f010007101f0f024d3f010007103e0f02943f010007105d
0f020540010007107c0f024740010007109b0f029d4001000710ba0f02e7
4001000710f50f025f41010007106207027e2f010007108107028f2f0100
0710a00702d62f01000710bf0702293001000710de07026a3001000710fd
0702ac30010007101c08020231010007105708024c310100071076080262
3101000710960802783101000710b60802c73101000710d50802d7310100
0710f4080218320100071013090229320100071032090270320100071051
0902e132010007107009022333010007108f0902793301000710ae0902c3
3301000710e90902443401000710080a025a3401000710280a0270340100
0710480a02b43401000710670a02c43401000710860a02043501000710a5
0a02153501000710c40a025c3501000710e30a02cd3501000710020b020f
3601000710210b026536010007105c0b02af36010007107b0b02c0360100
07109b0b02d63601000710bb0b02263701000710db0b02733701000710fa
0b02833701000710190c02433801000710380c02693801000710570c02c8
3801000710760c02193901000710950c02623901000710b40c02a7390100
0710d30c02b83901000710f20c02ff3901000710110d02703a0100071030
0d02b23a010007104f0d02083b010007108a0d02523b01000710a90d0264
3b01000710c90d02763b01000710e90d02eb3b01000710080e02fb3b0100
0710270e027f3c01000710460e02a53c01000710650e02163d0100071084
0e025d3d010007100400023721010007102300024821010007104200028f
2101000710610002e22101000710800002242201000710bb000266220100
0710da0002782201000710fa00028a22010007101a0102b0220100071039
0102c02201000710580102ba23010007107701028924010007109601029a
2401000710b50102e12401000710d40102342501000710f3010275250100
07102e0202b725010007104d0202cb25010007106d0202df25010007108d
0202072601000710ac0202172601000710cb0202d92601000710ea0202ea
2601000710090302312701000710280302842701000710470302c5270100
0710820302072801000710a10302192801000710c103022b2801000710e1
03026b28010007100004027b28010007101f04029829010007103e040267
2a010007105d0402782a010007107c0402bf2a010007109b0402122b0100
0710ba0402532b01000710d90402952b01000710f80402eb2b0100071033
0502352c010007105205024b2c010007107205025f2c01000710920502a2
2c01000710b10502b22c01000710d00502ef2c01000710ef0502002d0100
07100e0602472d010007102d06029a2d010007104c0602db2d010007106b
06021d2e010007108a0602732e01000710c50602bd2e01000710e40602d2
2e01000710040702e82e010007102407022b2f010007104307023b2f0100
0710d10e02455d01000710f10e02835d01000710100f02935d010007102f
0f02ee5d010007104e0f02ff5d010007106d0f02465e010007108c0f02b7
5e01000710c70f02f95e01000710e60f02175f010007105607027a4f0100
0710750702eb4f010007109407022d5001000710b307028d5001000710d2
0702e350010007100d08022d51010007102c08024151010007104c080255
51010007106c08029551010007108b0802a55101000710aa080285520100
0710c90802aa5201000710e8080220530100071007090231530100071026
0902785301000710450902e953010007106409022b540100071083090281
5401000710be0902cb5401000710dd0902de5401000710fd0902f1540100
07101d0a021855010007103c0a022855010007105b0a028355010007107a
0a02945501000710990a02db5501000710b80a024c5601000710f30a028e
5601000710120b02a35601000710320b02b95601000710520b02e2560100
0710710b02f25601000710900b024a5701000710af0b025b5701000710ce
0b02a25701000710ed0b02135801000710280c02555801000710470c0268
5801000710670c027b5801000710870c02a85801000710a60c02b8580100
0710c50c02135901000710e40c02245901000710030d026b590100071022
0d02dc59010007105d0d021e5a010007107c0d02305a010007109c0d0242
5a01000710bc0d027a5a01000710db0d028a5a01000710fa0d02105c0100
0710190e02215c01000710380e02685c01000710570e02d95c0100071092
0e021b5d01000710b10e02335d0100071014000272410100071034000285
4101000710540002ea4101000710730002fa410100071092000285420100
0710b10002ab4201000710d00002f94201000710ef00025143010007100e
0102ac44010007102d0102bd44010007104c01020445010007106b010275
45010007108a0102b74501000710a90102c24501000710c8010218460100
07100302026246010007102202027646010007104202028a460100071062
0202e04601000710810202f04601000710a00202664701000710bf02028c
4701000710de0202d34701000710fd02021c48010007101c03022d480100
07103b03027448010007105a0302e5480100071079030227490100071098
03027d4901000710d30302c74901000710f20302e04901000710120402f9
4901000710320402404a01000710510402504a01000710700402af4a0100
07108f0402c04a01000710ae0402074b01000710cd0402784b01000710ec
0402ba4b010007100b0502104c010007104605025a4c0100071065050272
4c010007108505028a4c01000710a50502b64c01000710c40502c64c0100
0710e30502134d01000710020602244d010007102106026b4d0100071040
0602dc4d010007107b06021e4e010007109a06023a4e01000710ba060256
4e01000710da0602974e01000710f90602a74e01000710180702224f0100
0710370702334f010007106a0e026e7e01000710890e02d57e01000710a8
0e02247f01000710c70e02ca7f01000710e60e027b8001000710050f028c
8001000710240f02d38001000710430f02448101000710620f0286810100
0710810f02dc8101000710bc0f02268201000710db0f023a8201000710fb
0f024e82010007102a0702836e01000710490702f46e0100071084070236
6f01000710a30702486f01000710c307025a6f01000710e30702bf6f0100
0710020802cf6f010007102108021970010007104008023f70010007105f
08025f71010007107e08029f71010007109d0802ef7101000710bc0802aa
7201000710db0802bb7201000710fa080202730100071019090273730100
0710540902b57301000710730902c57301000710930902d57301000710b3
09024a7401000710d209025a7401000710f10902a77401000710100a02cd
74010007102f0a023b75010007104e0a027c75010007106d0a02ba750100
07108c0a02f87501000710ab0a02327601000710ca0a02b27601000710e9
0a02c37601000710080b020a7701000710270b027b7701000710620b02bd
7701000710810b02cd7701000710a10b02dd7701000710c10b0258780100
0710e00b02687801000710ff0b02d678010007101e0c02fc78010007103d
0c025f79010007105c0c02a079010007107b0c02dd79010007109a0c029a
7a01000710b90c02d27a01000710d80c02317b01000710f70c02427b0100
0710160d02897b01000710350d02fa7b01000710700d023c7c010007108f
0d024f7c01000710af0d02627c01000710cf0d02c57c01000710ee0d02d5
7c010007100d0e02777d010007102c0e029d7d010007104b0e02f77d0100
0710060002295f010007102600026e5f010007104500027e5f0100071064
00024f6001000710830002606001000710a20002b56001000710c1000250
6101000710e000029f6101000710ff0002e661010007101e010257620100
0710590102996201000710780102b06201000710980102c26201000710b8
0102176301000710d70102276301000710f60102cf630100071015020287
6401000710340202986401000710530202ed640100071072020288650100
0710910202d76501000710b002021e6601000710cf02028f66010007100a
0302d16601000710290302e76601000710490302fc6601000710690302c9
6701000710880302d96701000710a70302256801000710c603024b680100
0710e503028f6801000710040402f068010007102304021f690100071042
04027f6901000710610402b26901000710800402dc69010007109f040207
6a01000710be0402186a01000710dd04025f6a01000710fc0402d06a0100
0710370502126b01000710560502286b010007107605023d6b0100071096
0502a96b01000710b60502cc6b01000710d50502dc6b01000710f4050223
6c01000710130602496c01000710320602806c01000710510602c46c0100
0710700602256d010007108f0602616d01000710ae0602996d01000710cd
0602f56d01000710ec0602066e010007100b07023c6e010007108f0e020b
a401000710ae0e021ba401000710cd0e026ea401000710ec0e02a5a40100
07100b0f0211a5010007102a0f0222a501000710490f0269a50100071068
0f02daa501000710a30f021ca601000710c20f0237a601000710e20f024b
a6010007103b0702df96010007105b0702f096010007107b07027c970100
07109a0702da9701000710b90702009801000710d80702279801000710f7
0702939801000710160802f598010007103508024c99010007105408025d
9901000710730802a49901000710920802159a01000710d00802579a0100
0710ef0802729a010007100f09028d9a01000710350902fa9a010007103d
0902709b010007105d0902cf9b010007107c0902df9b010007109b09024c
9c01000710ba0902a49c01000710d90902e29c01000710f80902f39c0100
0710170a023a9d01000710360a02ab9d01000710720a02ed9d0100071091
0a02ff9d01000710b10a02119e01000710d10a02409e01000710f00a0250
9e010007100f0b02989e010007102e0b02049f010007104d0b02159f0100
07106c0b025c9f010007108b0b02cd9f01000710c60b020fa001000710e5
0b0223a001000710050c0237a001000710250c025fa001000710440c026f
a001000710630c02bda001000710820c02cea001000710a10c0215a10100
0710c00c0286a101000710fb0c02c8a1010007101a0d02e5a1010007103a
0d02f9a1010007105a0d022aa201000710790d023aa201000710980d0292
a201000710b70d02a3a201000710d60d02eaa201000710f50d025ba30100
0710300e029da3010007104f0e02b1a3010007106f0e02c5a3010007101b
00027682010007103a0002868201000710590002ce8301000710780002df
8301000710970002268401000710b60002978401000710f10002d9840100
0710100102ed84010007103001020185010007105001022985010007106f
01023985010007108e0102b18501000710ad0102c28501000710cc010209
8601000710eb01027a8601000710260202bc8601000710450202d0860100
0710650202e48601000710850202228701000710a40202328701000710c3
0202948701000710e20202a58701000710010302ec87010007102003025d
88010007105e03029f88010007107d0302b388010007109d0302c7880100
0710c303027f8901000710cb0302e98901000710eb03024b8a010007100a
04025b8a01000710290402088b010007104804022e8b01000710670402a8
8b01000710860402ec8b01000710a50402458c01000710c40402568c0100
0710e30402868c01000710020502eb8c01000710210502108e0100071040
0502368f010007105f0502998f010007107e05021790010007109d050254
9101000710bc0502c09101000710db0502929201000710fa05024b930100
0710190602a393010007103e0602e1930100071045060262940100071064
0602d79401000710830602bf9501000710a20602d09501000710c1060217
9601000710e006028896010007101c0702ca9601000710e20d02b1d10100
0710020e0208d201000710220e025ed201000710420e02b1d20100071061
0e02c1d201000710800e02f3d2010007109f0e0219d301000710be0e025d
d301000710dd0e02d9d301000710fc0e020dd4010007101b0f0256d40100
07103a0f02a3d4010007105f0f02f1d4010007107e0f0247d5010007109d
0f02a3d501000710a40f02e5d501000710c30f0238d601000710e20f029a
d601000710e30602e6bc01000710020702ffbc0100071022070218bd0100
0710470702e8bd010007104e070247be010007106e07029fbe010007108d
0702afbe01000710ac070288bf01000710cb0702aebf01000710ea070228
c0010007100908026cc001000710280802cdc001000710470802fdc00100
071066080262c10100071085080286c201000710a40802acc301000710c3
08020fc401000710e208028dc401000710010902cac50100071020090236
c60100071045090208c7010007104c090289c7010007106b0902fec70100
07108a0902e6c801000710a9090224c901000710c8090235c901000710e7
09027cc901000710060a02edc901000710420a022fca01000710610a0242
ca01000710810a0255ca01000710a10a027cca01000710c00a028cca0100
0710df0a02e8ca01000710fe0a02f9ca01000710390b0240cb0100071058
0b0256cb01000710780b026ccb01000710980b0294cb01000710b70b02a4
cb01000710d60b0297cc01000710f50b02a8cc01000710140c02efcc0100
0710330c0260cd01000710520c02a2cd01000710710c02b1cd0100071090
0c0207ce01000710ce0c023ecf01000710ed0c0254cf01000710170d026a
cf01000710370d02b7cf01000710570d020dd001000710770d0265d00100
0710970d02bcd001000710a20d0210d101000710c20d025cd10100071002
00028fa6010007102100029fa601000710400002eca6010007105f000220
a7010007107e000231a7010007109d000278a701000710bc0002e9a70100
0710f700022ba80100071016010247a80100071036010263a80100071056
010293a801000710750102a3a801000710940102f7a901000710b3010208
aa01000710d201024faa01000710f10102c0aa010007102f020202ab0100
07104e020218ab010007106e02022eab0100071093020207ac010007109a
020266ac01000710ba0202beac01000710df0202b5ad01000710e6020214
ae010007100603026bae010007102b03026caf01000710320302cbaf0100
071052030222b00100071071030232b00100071090030202b101000710af
030228b101000710ce030250b101000710ed0302c9b1010007100c04020d
b2010007102b040266b2010007104a040277b201000710690402a7b20100
07108804020cb301000710a7040231b401000710c6040257b501000710e5
0402bab50100071004050238b6010007102305020ab701000710480502c3
b7010007104f050244b8010007106e0502b9b8010007108d0502a1b90100
0710ac0502dfb901000710cb0502f0b901000710ea050237ba0100071009
0602a8ba01000710280602eaba01000710470602faba010007106606025f
bb01000710850602aabb01000710a406022abc01000710940e021cf40100
0710b30e0242f401000710d20e027cf401000710f10e02b8f40100071010
0f02c9f4010007102f0f0210f5010007104e0f0281f501000710890f02c3
f501000710a80f02dbf501000710c80f02f3f501000710e80f027bf60100
07101807026ee701000710370702dbe70100071056070292e80100071075
0702ebe8010007109407023ae901000710b3070262e901000710d2070273
e901000710f10702bae9010007101008022bea010007104b08026dea0100
07106a080285ea010007108a08029dea01000710aa0802bbea01000710c9
0802cbea01000710e8080212eb0100071007090223eb010007104209026a
eb0100071061090281eb0100071081090297eb01000710a10902bbeb0100
0710c00902cbeb01000710fb09028aec010007101a0a02a9ec010007103a
0a02c8ec010007105a0a0223ed01000710790a0233ed01000710980a0287
ed01000710b70a0298ed01000710d60a02dfed01000710f50a0250ee0100
0710300b0292ee010007104f0b02b1ee010007106f0b02d0ee010007108f
0b0245ef01000710ae0b0255ef01000710cd0b0293ef01000710ec0b02b9
ef010007100b0c020df0010007102a0c0272f001000710490c0283f00100
0710680c02caf001000710870c023bf101000710c20c027df101000710e1
0c0295f101000710010d02adf101000710210d02d9f101000710400d02e9
f1010007105f0d023af2010007107e0d024bf2010007109d0d0292f20100
0710bc0d0203f301000710f70d0245f301000710160e025bf30100071036
0e0271f301000710560e02b0f301000710750e02c0f301000710010002dc
d601000710200002edd6010007103f000234d7010007105e0002a5d70100
07109a0002e7d701000710b90002fed701000710d9000215d801000710f9
000251d801000710190102b9d80100071039010228d90100071059010295
d90100071079010202da010007109901026cda01000710b90102c6da0100
0710d90102f8da01000710f8010208db0100071017020235db0100071036
02025bdb0100071055020236dc010007107402024bdd010007109302029e
dd01000710b20202eadd01000710d1020232de01000710f00202b8de0100
07100f0302fade010007102e03020bdf010007104d030254df010007106c
0302c6df010007108b030208e001000710aa030257e001000710c903029e
e001000710e80302f2e0010007102304024ee10100071042040264e10100
071062040279e101000710820402a4e101000710a20402dde101000710c2
04021ce201000710e2040259e20100071002050296e201000710220502cb
e20100071042050203e3010007106205023ae30100071082050273e30100
0710a20502cae301000710c2050213e401000710e2050223e40100071001
06025ce40100071020060282e4010007103f060215e5010007105e06028d
e5010007107d0602d6e5010007109c060230e601000710bb06027ce60100
0710da0602bee601000710f9060221e701000710050e0289150200071024
0e029a1502000710620e02e11502000710810e02fe1502000710a70e021b
1602000710af0e02571602000710cf0e02921602000710f40e02a2160200
07100b0f020017020007102a0f025417020007104f0f0270170200071056
0f02a91702000710750f02df1702000710940f02f01702000710d00f0237
1802000710ef0f025118020007101e07020206020007103d070244060200
07105c07028706020007107b0702310702000710820702f80702000710a1
0702320802000710c00702ce0802000710ff07028609020007101e0802a3
0902000710440802c009020007104c08024c0a020007106c0802bb0a0200
07108b0802cb0a02000710aa08020a0b02000710cf0802300b02000710ee
08029e0b020007100d0902e50b020007101409022d0c020007103309029c
0c02000710520902e20c02000710710902170d02000710900902280d0200
0710af09026f0d02000710d409027f0d02000710f30902c10d0200071012
0a02040e02000710310a02ae0e02000710380a02750f02000710570a0209
1002000710990a02c11002000710b80a02df1002000710d80a02fd100200
0710df0a022c1102000710fe0a024311020007101e0b025b11020007103e
0b028911020007105d0b029911020007107c0b02df11020007109b0b02f0
1102000710ba0b02371202000710f50b02e51202000710140c02f9120200
0710340c020d1302000710540c02391302000710730c0249130200071092
0c029e1302000710b10c02af1302000710d00c02f61302000710ef0c024c
14020007102a0d02961402000710490d02aa1402000710690d02be140200
0710890d02eb1402000710a80d02fb1402000710c70d02371502000710e6
0d025415020007100700028bf601000710260002b8f7010007104500020d
f8010007106400022bf90100071083000270f901000710a20002b4f90100
0710c10002c5f901000710e000020cfa01000710ff00027dfa010007101e
0102bffa010007103d010202fb010007105c01024cfb0100071097010287
fb01000710b601029afb01000710d60102aefb01000710f60102f2fb0100
071016020255fc0100071035020265fc01000710540202b0fc0100071073
0202d6fc010007109202021efd01000710b1020263fd01000710d00202a6
fd01000710ef0202e6fd010007100e0302f7fd010007102d03023efe0100
07104c0302affe010007106b0302f1fe010007108a030247ff01000710a9
030280ff01000710c80302beff0100071003040208000200071022040228
00020007104204024100020007106204029b0002000710810402ab000200
0710a00402530102000710bf0402640102000710de0402ab0102000710fd
04021c02020007101c05025e02020007103b0502b40202000710790502fe
02020007109805021b0302000710be0502380302000710d40502a7030200
0710f40502f803020007101306020804020007103206024b040200071057
0602710402000710760602d604020007107d06021705020007109c060279
0502000710bb06029a0502000710da0602ab0502000710f90602f2050200
0710010f02aa3102000710200f02bb31020007103f0f020232020007105e
0f02733202000710990f02b53202000710b80f02d33202000710d80f02ee
3202000710f70f023133020007108b07024a2402000710aa07025a240200
0710c907029c2402000710040802c62402000710230802e2240200071043
0802fc24020007106208021d25020007108108022d2502000710a0080269
2502000710bf08027a2502000710de0802c1250200071019090207260200
07103809021e26020007105809023526020007107709026b260200071096
09027b2602000710b50902e62602000710d409020c2702000710f3090242
2702000710120a02822702000710310a02932702000710500a02da270200
07108b0a028a2802000710aa0a02ad2802000710ca0a02d02802000710e9
0a02062902000710080b02162902000710270b02902a02000710460b02a1
2a02000710810b02e82a02000710a00b02062b02000710c00b02242b0200
0710df0b02892b02000710fe0b02992b020007101d0c02d22b020007103c
0c02f82b020007105b0c02732c020007107a0c02fc2c02000710990c0247
2d02000710b80c028b2d02000710d70c029c2d02000710f60c02e32d0200
0710310d02ae2e02000710500d02c62e02000710700d02db2e020007108f
0d02042f02000710ae0d02142f02000710cd0d02d72f02000710ec0d02e8
2f020007100b0e022f30020007102a0e02a03002000710650e02e2300200
0710840e02fe3002000710a40e02133102000710c30e02403102000710e2
0e025031020007100f00026b18020007102f0002e118020007104e0002f1
18020007106d00026419020007108c0002751902000710ab0002bc190200
0710ca00022d1a02000710e900026f1a02000710240102a01a0200071043
0102b61a02000710630102cb1a02000710830102ee1a02000710a20102fe
1a02000710dd0102591b02000710fc01026d1b020007101c0202801b0200
07103c02028f1b020007105b02029f1b02000710960202e41b02000710b5
0202f41b02000710d50202041c02000710f502021b1c020007101403022b
1c020007104f03025b1c020007106e0302711c020007108e0302871c0200
0710ae0302e11c02000710cd0302f11c02000710ec0302401d020007100b
0402661d020007102a04028a1e02000710490402461f0200071068040295
1f02000710870402bd1f02000710a60402542002000710c504029e200200
0710e40402d520020007100305020b21020007102205021c210200071041
0502632102000710600502d421020007109b0502162202000710ba05022c
2202000710da0502422202000710fa050270220200071019060280220200
0710380602af2202000710570602c02202000710760602072302000710b1
06024f2302000710d00602692302000710f006028323020007100f0702a6
23020007102e0702b623020007104d0702f223020007106c070203240200
07101d0f026251020007103c0f027251020007105b0f02a651020007107a
0f02b75102000710990f022a5202000710b80f028c5202000710d70f02f4
5202000710f60f02785302000710e107025e400200071000080293400200
07101f0802a340020007103e0802dc40020007105d0802ed40020007107c
08025041020007109b0802974102000710ba0802084202000710f508024a
42020007101409026542020007103409027f420200071053090217430200
0710720902274302000710910902554302000710b00902664302000710cf
0902d14302000710ee09023a44020007100d0a029144020007102c0a02ee
44020007104b0a025345020007106a0a02a64502000710890a0217460200
0710a80a02684602000710c70a02e34602000710020b022f470200071021
0b024e4702000710410b026c4702000710600b02dc47020007107f0b02ec
47020007109e0b02474802000710bd0b02584802000710dc0b02b6480200
0710fb0b021349020007101a0c02874902000710390c02f0490200071058
0c02434a02000710770c02944a02000710960c020f4b02000710d10c025b
4b02000710f00c027a4b02000710100d02984b020007102f0d02144c0200
07104e0d02244c020007106d0d02744c020007108c0d02854c02000710ab
0d02364d02000710ca0d029d4d02000710e90d02164e02000710080e028f
4e02000710270e02ed4e02000710460e02694f02000710650e02c54f0200
0710840e024b5002000710bf0e02a25002000710de0e02bd5002000710fe
0e02d850020007101600024133020007103500027b3302000710540002a1
3302000710730002dd33020007109200021a3402000710b1000264340200
0710d00002753402000710ef0002bc34020007100e01022d350200071049
01026f3502000710680102943502000710880102b53502000710a70102eb
3502000710c60102fb3502000710e5010238360200071004020249360200
07102302029036020007104202020137020007107d02024337020007109c
0202683702000710bc0202893702000710db0202d83702000710fa0202e8
3702000710190302153802000710380302263802000710570302bc380200
07107603022639020007109503026d3902000710b40302de3902000710ef
0302203a020007100e0402403a020007102e04025c3a020007104d04028f
3a020007106c04029f3a020007108b0402e63a02000710aa0402f73a0200
0710c904023e3b02000710e80402af3b02000710950502f13b02000710b4
05020e3c02000710d405022a3c02000710f30502a93c02000710120602b9
3c02000710310602073d02000710500602243d020007106f0602353d0200
07108e06027e3d02000710ad0602b33d02000710cc0602fa3d02000710eb
0602653e020007100a0702e43e020007102907022d3f0200071048070274
3f02000710670702e53f02000710a20702274002000710c1070244400200
0710000f022970020007101f0f024570020007103f0f026270020007105e
0f029170020007107d0f02a170020007109c0f02307102000710bb0f0241
7102000710da0f02887102000710f90f02f971020007106e070245640200
07108d07028c6402000710ac0702fd6402000710e707023f650200071006
08025c6502000710260802796502000710450802a46502000710640802b4
6502000710830802086602000710a20802196602000710dd080260660200
0710fc08027b66020007101c09029866020007103b0902c666020007105a
0902d66602000710790902066702000710980902176702000710b709025e
6702000710d60902cf6702000710110a02116802000710300a0235680200
0710500a025268020007106f0a028968020007108e0a02996802000710ad
0a020d6902000710cc0a021e6902000710eb0a026569020007100a0b02d6
6902000710450b02186a02000710640b02326a02000710840b024f6a0200
0710a30b02906a02000710c20b02a06a02000710e10b02eb6a0200071000
0c02fc6a020007101f0c02a46b020007103e0c02eb6b020007105d0c025c
6c02000710980c029e6c02000710b70c02bf6c02000710d70c02dc6c0200
0710f60c02106d02000710150d02206d02000710340d02686d0200071053
0d02796d02000710720d02c06d02000710910d02316e02000710cc0d0273
6e02000710eb0d02976e020007100b0e02b46e020007102a0e02eb6e0200
0710490e02fb6e02000710680e021e6f02000710870e022f6f02000710a6
0e02766f02000710c50e02e76f02000710150002d6530200071034000232
5402000710530002b854020007108e00020f5502000710ad00022b550200
0710cd0002475502000710ec0002a255020007100b0102b255020007102a
0102ce5502000710490102df5502000710680102765602000710870102d3
5602000710a60102335702000710c50102bd570200071000020218580200
07101f02023258020007103f02024a58020007105e0202ad58020007107d
0202bd58020007109c0202e15802000710bb0202f25802000710da020277
5902000710f90202de5902000710180302455a02000710370302a25a0200
0710560302fd5a02000710750302825b02000710b00302d85b02000710cf
0302f65b02000710ef0302105c020007100e0402825c020007102d040292
5c020007104c04024f5d020007106b0402605d020007108a0402065e0200
0710a90402c85e02000710c804021f5f02000710e704027b5f0200071006
050201600200071041050258600200071060050276600200071080050294
60020007109f0502c86002000710be0502d86002000710dd05021d610200
0710fc05022e61020007101b06029261020007103a0602d9610200071059
06024a62020007109406028c6202000710b30602aa6202000710d30602c7
6202000710f206020f63020007101107021f6302000710300702b6630200
07104f0702c763020007103e0f027a89020007105d0f02a889020007107c
0f02098a020007109b0f026d8a02000710ba0f02908a02000710da0f02d6
8a02000710f90f02e68a02000710e10702a57c02000710000802bd7c0200
0710200802cf7c020007104008020d7d020007105f08021d7d020007107e
0802707d020007109d0802817d02000710bc0802c87d02000710db080239
7e020007101609027b7e02000710350902937e02000710550902a57e0200
0710750902fe7e020007109409020e7f02000710b309023d7f02000710d2
09024e7f02000710f10902ef7f02000710100a02b880020007102f0a02ff
80020007104e0a02708102000710890a02b28102000710a80a02d4810200
0710c80a02f18102000710e70a024d8202000710060b027b820200071025
0b028b8202000710440b02c58202000710630b02d68202000710820b023a
8302000710a10b02818302000710c00b02f28302000710fb0b0234840200
07101a0c025084020007103a0c026f8402000710590c02e0840200071078
0c02f08402000710970c026c8502000710b60c027d8502000710d50c02e2
8502000710f40c02428602000710130d027e8602000710320d0293860200
0710510d02aa8602000710700d02fe86020007108f0d020f8702000710ca
0d02568702000710e90d026f8702000710090e02818702000710290e02c0
8702000710480e02d08702000710670e02418802000710860e0252880200
0710a50e02998802000710c40e020a8902000710ff0e024c89020007101e
0f026389020007103400023b72020007105300025b720200071073000278
7202000710920002ab7202000710b10002bb7202000710d00002fc720200
0710ef00020d73020007100e01025473020007102d0102c57302000710b6
0102077402000710d50102207402000710f501023f74020007101402027d
74020007103302028d7402000710520202c974020007108d02020b750200
0710ac0202297502000710cc0202487502000710eb02027975020007100a
03028975020007102a0302b57502000710490302e47502000710680302f4
75020007108803021f7602000710a70302637602000710c6030273760200
0710e60302a77602000710050402de7602000710240402ee760200071044
04025b7702000710630402c77702000710820402d77702000710a2040206
7802000710c104023e7802000710e004024e7802000710ff04028f780200
07101e0502a078020007103d0502e778020007105c05025879020007107b
05029a79020007109a0502d27902000710b90502077a02000710f405023e
7a02000710130602577a02000710330602697a02000710530602a87a0200
0710720602b87a02000710910602eb7a02000710b00602fc7a02000710cf
0602437b02000710ee0602b47b02000710290702f67b0200071048070217
7c02000710680702367c02000710870702577c02000710a60702677c0200
0710370f02784c08000710410f02e4e5090007104b0f02884c0800071055
0f02e8e5090007105f0f02984c08000710690f02ece509000710730f02a8
4c080007107d0f02f0e509000710870f02b84c08000710910f02f4e50900
07109b0f02c84c08000710a50f02f8e509000710af0f02d84c08000710b9
0f02fce509000710c30f02e84c08000710cd0f0200e609000710d70f02f8
4c08000710e10f0204e609000710eb0f02084d08000710f50f0208e60900
0710ff0f02184d08000710070d02b84a08000710110d0274e5090007101b
0d02c84a08000710250d0278e5090007102f0d02d84a08000710390d027c
e509000710430d02e84a080007104d0d0280e509000710570d02f84a0800
0710610d0284e5090007106b0d02084b08000710750d0288e5090007107f
0d02184b08000710890d028ce509000710930d02284b080007109d0d0290
e509000710a70d02384b08000710b10d0294e509000710bb0d02484b0800
0710c50d0298e509000710cf0d02584b08000710d90d029ce509000710e3
0d02684b08000710ed0d02a0e509000710f70d02784b08000710010e02a4
e5090007100b0e02884b08000710150e02a8e5090007101f0e02984b0800
0710290e02ace509000710330e02a84b080007103d0e02b0e50900071047
0e02b84b08000710510e02b4e5090007105b0e02c84b08000710650e02b8
e5090007106f0e02d84b08000710790e02bce509000710830e02e84b0800
07108d0e02c0e509000710970e02f84b08000710a10e02c4e509000710ab
0e02084c08000710b50e02c8e509000710bf0e02184c08000710c90e02cc
e509000710d30e02284c08000710dd0e02d0e509000710e70e02384c0800
0710f10e02d4e509000710fb0e02484c08000710050f02d8e5090007100f
0f02584c08000710190f02dce509000710230f02684c080007102d0f02e0
e509000710d70a02f84808000710e10a0204e509000710eb0a0208490800
0710f50a0208e509000710ff0a02184908000710090b020ce50900071013
0b022849080007101d0b0210e509000710270b02384908000710310b0214
e5090007103b0b02484908000710450b0218e5090007104f0b0258490800
0710590b021ce509000710630b026849080007106d0b0220e50900071077
0b02784908000710810b0224e5090007108b0b02884908000710950b0228
e5090007109f0b02984908000710a90b022ce509000710b30b02a8490800
0710bd0b0230e509000710c70b02b84908000710d10b0234e509000710db
0b02c84908000710e50b0238e509000710ef0b02d84908000710f90b023c
e509000710030c02e849080007100d0c0240e509000710170c02f8490800
0710210c0244e5090007102b0c02084a08000710350c0248e5090007103f
0c02184a08000710490c024ce509000710530c02284a080007105d0c0250
e509000710670c02384a08000710710c0254e5090007107b0c02484a0800
0710850c0258e5090007108f0c02584a08000710990c025ce509000710a3
0c02684a08000710ad0c0260e509000710b70c02784a08000710c10c0264
e509000710cb0c02884a08000710d50c0268e509000710df0c02984a0800
0710e90c026ce509000710f30c02a84a08000710fd0c0270e50900071066
0702859802000710850702af9802000710a40702bf9802000710c30702dc
9802000710fe07022399020007101d08024599020007103d080268990200
07105d0802bb99020007107c0802fc99020007109b08020c9a02000710ba
08026b9a02000710d90802b29a02000710f80802239b02000710290902ac
e409000710330902a847080007103d0902b0e409000710470902b8470800
0710510902b4e4090007105b0902c84708000710650902b8e4090007106f
0902d84708000710790902bce409000710830902e847080007108d0902c0
e409000710970902f84708000710a10902c4e409000710ab090208480800
0710b50902c8e409000710bf0902184808000710c90902cce409000710d3
0902284808000710dd0902d0e409000710e70902384808000710f10902d4
e409000710fb0902484808000710050a02d8e4090007100f0a0258480800
0710190a02dce409000710230a026848080007102d0a02e0e40900071037
0a02784808000710410a02e4e4090007104b0a02884808000710550a02e8
e4090007105f0a02984808000710690a02ece409000710730a02a8480800
07107d0a02f0e409000710870a02b84808000710910a02f4e4090007109b
0a02c84808000710a50a02f8e409000710af0a02d84808000710b90a02fc
e409000710c30a02e84808000710cd0a0200e509000710180002238b0200
0710370002498b02000710560002a48b02000710750002df8b0200071094
00020d8c02000710b30002708c02000710d20002d68c02000710f1000217
8d02000710100102c68d020007102f0102d78d020007104e01021e8e0200
07106d01028f8e020007108c0102d18e02000710ab0102278f02000710ca
0102718f02000710e90102a38f02000710080202ea8f020007102702025b
90020007106202029d9002000710810202ba9002000710a10202d9900200
0710c10202499102000710e00202b09102000710ff0202c091020007101e
03020792020007103d03021892020007105c03028192020007107b0302ea
92020007109a0302159302000710b90302799302000710d80302f5930200
0710f703020694020007103204024d940200071051040262940200071071
04027e9402000710910402c99402000710b00402d99402000710cf040232
9502000710ee04024395020007100d05028a95020007102c0502fb950200
07106705023d9602000710860502509602000710a605026c9602000710c6
0502c69602000710e50502d696020007100406020797020007102306022a
97020007105006027197020007106f06028c97020007108f0602ab970200
0710ae0602d79702000710cd0602e79702000710ec060204980200071027
07024b9802000710460702669802000710c60c01d6c007000710d70c0147
ed040007106f0d02601a05000710830d02441405000710ab0d0254140500
0710b40d018bd108000710c50d0135ee040007105d0e02801a0500071071
0e02541405000710990e02641405000710a20e01bcaa08000710b30e0123
ef040007104b0f02a01a050007105f0f02641405000710870f0274140500
0710900f01bda208000710a10f0111f004000710ffff02184d0800071009
00020ce609000710130002284d080007101d000210e60900071027000238
4d080007104e0002441305000710600002441305000710b0000264130500
0710c200026413050007101e0102841305000710dc0202a02405000710f2
02028413050007103a0302a41305000710f80402c024050007100e0502a4
13050007104d0502c41305000710560501341009000710670501d7e50400
0710ff0502601905000710130602c413050007103b0602d4130500071044
06011bb505000710550601c5e604000710ed0602801905000710010702d4
1305000710290702e41305000710320701c40c08000710430701b3e70400
0710db0702a01905000710ef0702e41305000710170802f4130500071020
08018a5705000710310801a1e804000710c90802c01905000710dd0802f4
13050007100509020414050007100e0901aea5060007101f09018fe90400
0710b70902e01905000710cb0902041405000710f30902141405000710fc
09014ea1060007100d0a017dea04000710a50a02001a05000710b90a0214
1405000710e10a02241405000710ea0a01d77505000710fb0a016beb0400
0710930b02201a05000710a70b02241405000710cf0b02341405000710d8
0b017fdc07000710e90b0159ec04000710810c02401a05000710950c0234
1405000710bd0c02441405000710870a02241505000710af0a0234150500
0710b80a01dfa307000710c90a0139fb04000710610b02401c0500071075
0b023415050007109d0b02441505000710a60b013cdf08000710b70b0127
fc040007104f0c02601c05000710630c024415050007108b0c0254150500
0710940c01cf9d08000710a50c0115fd040007103d0d02801c0500071051
0d02541505000710790d02641505000710820d01c27a08000710930d0103
fe040007102b0e02a01c050007103f0e02641505000710670e0274150500
0710700e01958d08000710810e01f1fe04000710190f02c01c050007102d
0f02741505000710550f028415050007105e0f013101090007106f0f01df
ff04000710390002c01a050007104d000274140500071075000284140500
07107e0001b1fe070007108f0001fff004000710270102e01a050007103b
01028414050007106301029414050007106c01012fdd080007107d0101ed
f104000710150202001b05000710290202941405000710510202a4140500
07105a0201016d080007106b0201dbf204000710030302201b0500071017
0302a414050007103f0302b41405000710480301256008000710590301c9
f304000710f10302401b05000710050402b414050007102d0402c4140500
0710360401296a08000710470401b7f404000710df0402601b05000710f3
0402c414050007101b0502d41405000710240501ed6f08000710350501a5
f504000710cd0502801b05000710e10502d41405000710090602e4140500
0710120601df940700071023060193f604000710bb0602a01b05000710cf
0602e41405000710f70602f414050007100007012f910700071011070181
f704000710a90702c01b05000710bd0702f41405000710e5070204150500
0710ee0701318207000710ff07016ff804000710970802e01b05000710ab
0802041505000710d30802141505000710dc0801d2f907000710ed08015d
f904000710850902001c05000710990902141505000710c1090224150500
0710ca090180f507000710db09014bfa04000710730a02201c0500071055
0a023416050007107d0a02441605000710860a01839a07000710970a0107
0b050007102f0b02601e05000710430b024416050007106b0b0254160500
0710740b01f37a07000710850b01f50b050007101d0c02801e0500071031
0c02541605000710590c02641605000710620c016b8907000710730c01e3
0c050007100b0d02a01e050007101f0d02641605000710470d0274160500
0710500d01b37107000710610d01d10d05000710f90d02c01e050007100d
0e02741605000710350e028416050007103e0e01df78070007104f0e01bf
0e05000710e70e02e01e05000710fb0e02841605000710230f0294160500
07102c0f012f76070007103d0f01ad0f05000710d50f02001f05000710e9
0f02941605000710070002e01c050007101b000284150500071043000294
15050007104c0001714f070007105d0001cd0005000710f50002001d0500
0710090102941505000710310102a415050007103a01019d97060007104b
0101bb0105000710e30102201d05000710f70102a415050007101f0202b4
1505000710280201e54008000710390201a90205000710d10202401d0500
0710e50202b415050007100d0302c415050007101603014d3e0800071027
0301970305000710bf0302601d05000710d30302c41505000710fb0302d4
1505000710040401531108000710150401850405000710ad0402801d0500
0710c10402d41505000710e90402e41505000710f2040140b40700071003
05017305050007109b0502a01d05000710af0502e41505000710d70502f4
1505000710e00501b58203000710f10501610605000710890602c01d0500
07109d0602f41505000710c50602041605000710ce06012ca807000710df
06014f0705000710770702e01d050007108b0702041605000710b3070214
1605000710bc0701629707000710cd07013d0805000710650802001e0500
0710790802141605000710a10802241605000710aa0801b39d07000710bb
08012b0905000710530902201e050007106709022416050007108f090234
160500071098090162a107000710a90901190a05000710410a02401e0500
0710540a016b0e09000710650a01d51a05000710fd0a0280200500071011
0b02541705000710390b02641705000710420b01900e08000710530b01c3
1b05000710eb0b02a02005000710ff0b02641705000710270c0274170500
0710300c01831608000710410c01b11c05000710d90c02c02005000710ed
0c02741705000710150d028417050007101e0d01a6d2060007102f0d019f
1d05000710c70d02e02005000710db0d02841705000710030e0294170500
07100c0e01f6d9060007101d0e018d1e05000710b50e02002105000710c9
0e02941705000710f10e02a41705000710fa0e0137c9060007100b0f017b
1f05000710a30f02202105000710b70f02a41705000710df0f02b4170500
0710e80f012dd606000710f90f01692005000710110002a416050007101a
0001ca60070007102b00019b1005000710c30002201f05000710d70002a4
1605000710ff0002b4160500071008010184500500071019010189110500
0710b10102401f05000710c50102b41605000710ed0102c41605000710f6
01017600070007100702017712050007109f0202601f05000710b30202c4
1605000710db0202d41605000710e402014afd06000710f5020165130500
07108d0302801f05000710a10302d41605000710c90302e41605000710d2
030172c403000710e303015314050007107b0402a01f050007108f0402e4
1605000710b70402f41605000710c0040155fb06000710d1040141150500
0710690502c01f050007107d0502f41605000710a50502041705000710ae
0501eaf606000710bf05012f1605000710570602e01f050007106b060204
17050007109306021417050007109c060179f306000710ad06011d170500
07104507020020050007105907021417050007108107022417050007108a
0701a6f0060007109b07010b180500071033080220200500071047080224
17050007106f080234170500071078080131e706000710890801f9180500
07102109024020050007103509023417050007105d090244170500071066
0901a5dc06000710770901e719050007100f0a02602005000710230a0244
17050007104b0a02541705000710df0a02641805000710070b0274180500
0710100b01e83306000710210b01912b05000710b90b02c02205000710cd
0b02741805000710f50b02841805000710fe0b019723060007100f0c017f
2c05000710a70c02e02205000710bb0c02841805000710e30c0294180500
0710ec0c01a20506000710fd0c016d2d05000710950d02002305000710a9
0d02941805000710d10d02a41805000710da0d0166a105000710eb0d015b
2e05000710830e02202305000710970e02a41805000710bf0e02b4180500
0710c80e0172fc05000710d90e01492f05000710710f0240230500071085
0f02b41805000710ad0f02c41805000710b60f0144ae05000710c70f0137
3005000710910002402105000710a50002b41705000710cd0002c4170500
0710d6000114c506000710e700015721050007107f010260210500071093
0102c41705000710bb0102d41705000710c40101c2a906000710d5010145
22050007106d0202802105000710810202d41705000710a90202e4170500
0710b202016fc006000710c302013323050007105b0302a021050007106f
0302e41705000710970302f41705000710a0030100bd06000710b1030121
2405000710490402c021050007105d0402f4170500071085040204180500
07108e04018251060007109f04010f2505000710370502e021050007104b
05020418050007107305021418050007107c0501d24d060007108d0501fd
250500071025060200220500071039060214180500071061060224180500
07106a0601204b060007107b0601eb260500071013070220220500071027
07022418050007104f0702341805000710580701984606000710690701d9
27050007100108024022050007101508023418050007103d080244180500
07104608018b4406000710570801c72805000710ef080260220500071003
09024418050007102b0902541805000710340901a72606000710450901b5
2905000710dd0902802205000710f10902541805000710190a0264180500
0710220a01b92d06000710330a01a32a05000710cb0a02a0220500071099
0f029a9b02000710bb0f029c9b02000710fe0f02b39b020007105f000260
2305000710730002c418050007109b0002d41805000710a400017cf40500
0710b500012531050007104d0102802305000710610102d4180500071089
0102e41805000710920101b6da05000710a301011332050007103b0202a0
23050007104f0202e41805000710770202f4180500071080020157ef0500
0710910201013305000710290302c023050007103d0302f4180500071065
03020419050007106e030162d5050007107f0301ef3305000710170402e0
23050007102b04020419050007105304021419050007105c04010acf0500
07106d0401dd340500071005050200240500071019050214190500071041
05022419050007104a05013cbc050007105b0501cb3505000710f3050220
24050007100706022419050007102f06023419050007103806010d9b0600
0710490601b93605000710e10602402405000710f506023419050007101d
0702441905000710260701b48c05000710370701a73705000710cf070260
2405000710e307024419050007100b0802541905000710140801c9f90500
0710250801953805000710bd0802802405000710d1080254190500071006
0c02002b05000710fe0802e42a050007102d0902e42a05000710d40d0264
2b050007100f0e02642b05000710440e02659b02000710120f027d9b0200
0710220f027f9b02000710710f02959b02000710feff02b39b0200071022
0002b59b02000710890002cd9b02000710b20002cf9b02000710e20002de
9b02000710030102ed9b020007104a0102fc9b020007105f0102ff9b0200
07107d01020e9c02000710520202239c02000710ba03023b9c02000710c0
0302589c02000710df03025b9c02000710e50302779c020007100404027a
9c020007100a0402979c020007104104029a9c02000710730402b79c0200
0710a60402d39c02000710d90402f09c02000710fb0402f39c0200071055
05021b9d02000710ba05021e9d02000710e50502549d020007101506028a
9d02000710470602a79d02000710790602c49d02000710920602e19d0200
0710970602fe9d02000710ae0602019e02000710b306021e9e02000710ca
0602219e02000710cf06023e9e02000710fd0602419e0200071033070253
9e02000710320b02b02b05000710380802942b05000710670802942b0500
07106d0b02f42b050007109c0b02f42b050007100e0e02619e0200071026
0e027c9e020007104e0e02a99e02000710ed0e02d3b002000710030f027e
b102000710190f02e3b1020007102f0f024bb202000710450f028fb20200
07105b0f02d3b202000710710f0215b3020007109b0f025fb302000710b7
0f0288b302000710fb0f028bb302000710d60702fce609000710e60702fc
e609000710f70702fce609000710730802d42d05000710c608025c9f0200
0710d70802ae9f02000710b10902be9f02000710d40902ed9f0200071034
0a023fa002000710570a026ea002000710b50a02c0a002000710ef0a0212
a102000710160b0214a1020007102c0b0254a102000710420b029da10200
0710580b02e6a1020007106e0b022ba202000710930b0272a202000710a9
0b02aca202000710bf0b0221a302000710d50b02a6a302000710eb0b02f3
a302000710010c0258a402000710170c029fa4020007102d0c02f3a40200
0710430c024ea502000710590c02c1a5020007106f0c02f9a50200071085
0c024fa6020007109b0c0293a602000710b10c02d7a602000710c70c023c
a702000710dd0c0289a702000710f30c02d4a702000710090d0249a80200
07101f0d02a5a802000710350d02efa8020007104b0d0236a90200071061
0d0291a902000710770d02d8a9020007108d0d021aaa02000710a30d026e
aa02000710b90d02d1aa02000710cf0d0236ab02000710e50d028dab0200
0710fb0d02ceab02000710110e0227ac02000710270e0294ac020007103d
0e021bad02000710530e0289ad02000710690e02fdad020007107f0e0254
ae02000710950e02eaae02000710ab0e0245af02000710c10e02d7af0200
0710d70e0234b002000710640002102c0500071098000220e609000710a1
000220e609000710ac000214e609000710b60002d85c08000710c0000214
e609000710d0000214e609000710e0000214e609000710f1000214e60900
0710680102642c050007108c0102dd9e02000710ac0102039f02000710d4
0102702c05000710e90102642c0500071013020224e6090007101d0202ff
5c0800071027020228e6090007103102020f5d080007103b02022ce60900
07104502021f5d080007106f0202e42c050007107802016c480500071089
0201ef52050007109d0201f94805000710ae020107530500071033030210
2d05000710470302e42c050007106f0302f42c05000710780301a14b0500
0710890301ef53050007109d0301884c05000710ae03010753050007101a
0402302d050007102e0402f42c05000710560402042d050007105f040132
3905000710700401d65405000710840401bf390500071095040107530500
0710010502502d05000710150502042d050007103b0502a02d050007109a
0502f8e609000710a30502f8e609000710a9050230e609000710b3050230
e609000710cb0502fae609000710f40502fae6090007100a0602fae60900
07104606023c9f020007108006024a9f020007109e070208e709000710a7
070208e709000710b20702fce609000710bc07020e5e08000710c60702fc
e60900071039080263c00200071059080276c0020007107908028bc00200
0710a2080298c002000710cb0802a6c002000710eb0802b7c00200071014
0902c7c002000710340902d8c002000710540902f3c0020007107d09020a
c102000710a6090220c102000710cf090232c102000710f809024bc10200
0710210a025ac1020007104c0a026fc102000710750a0280c1020007109e
0a029bc102000710c70a02a6c102000710f00a02b7c102000710190b02c1
c102000710410b02cdc102000710520b02d9c1020007107b0b02e9c10200
0710a40b0200c202000710cd0b020cc202000710f60b0221c2020007100b
0c0228c202000710340c0236c2020007105d0c0245c202000710900c0257
c202000710bd0c0266c202000710e60c0276c2020007100f0d028ac20200
0710380d0295c202000710630d02a9c202000710a20d02b6c202000710c2
0d02c2c202000710e20d02d2c202000710020e02dcc2020007102c0e02eb
c202000710590e02f9c202000710880e020cc302000710af0e0223c30200
0710df0e0235c3020007100f0f023ec3020007103f0f024ec3020007106f
0f0260c3020007109f0f0279c302000710cf0f028ec302000710ff0f02aa
c3020007101500028eb302000710260002f6b30200071037000295b40200
071048000266b5020007105e000206b60200071074000242b6020007108a
00029cb602000710a00002fbb602000710b6000267b702000710cc0002d9
b702000710e2000219b802000710fb00026fb802000710090102cbb80200
07102b010227b9020007104601026db902000710610102c6b9020007107c
010288ba02000710970102d7ba02000710b201020abb02000710cd01024c
bb02000710e801029abb02000710030202e7bb020007101e02022bbc0200
071039020278bc02000710540202d0bc020007106f020227bd020007108a
020265bd02000710a50202b6bd020007100e030209be020007108c03025b
be02000710af03028abe02000710310402dcbe020007105704022ebf0200
0710ac040234bf02000710dc04023fbf02000710fc04024bbf020007100d
05024fbf0200071037050255bf0200071060050264bf02000710a005026f
bf02000710cb050279bf02000710f4050283bf020007101d06028dbf0200
07104606029dbf02000710660602a6bf020007108f0602b0bf02000710b8
0602bdbf02000710e10602c6bf020007101e0702d0bf02000710470702eb
bf02000710700702ffbf020007109907020cc002000710b907021fc00200
0710d9070233c002000710f9070240c00200071019080250c00200071020
0f024bc802000710430f029dc802000710750f029fc802000710d80f02a9
c802000710ffff02aac3020007102f0002c4c3020007105f0002ddc30200
0710b90002e8c302000710f3000230bf0200071011010232bf0200071076
01023ac4020007100902028cc4020007105a0302dec402000710ef0302e3
c4020007107b040235c502000710f804023cc5020007104d050237c50200
0710a30502002e05000710b80502d42d05000710eb050218e709000710f4
050218e709000710ff05020ce7090007100906024a5e080007101306020c
e7090007102306020ce7090007103306020ce7090007104406020ce70900
0710c00602542e050007104f070244c5020007101508025bc50200071051
080282c5020007108d0802a9c502000710c90802d0c5020007106d0902fa
c5020007109109024cc602000710c709024ec6020007102a0a0258c60200
07105a0a0280c602000710810a0284c602000710c40a0296c60200071040
0b027cc602000710540b027ec602000710a30b02a5c602000710c20b02b0
c602000710e10b02b9c602000710000c02c5c6020007101f0c02d6c60200
07103e0c02e3c6020007105d0c02f2c602000710710c02f9c60200071090
0c0204c702000710af0c0213c702000710ce0c021dc702000710ed0c0235
c7020007100c0d0248c7020007102b0d0254c702000710550d0267c70200
07106e0d02a3c702000710170e02a7c702000710bc0e02f9c70200071088
0e016690050007108c0e01669005000710900e01669005000710940e0166
9005000710980e016690050007109c0e01669005000710a00e0166900500
0710a40e01ec9005000710a80e01769105000710c30e02efcb02000710c8
0e023ccc02000710d60e0240cc02000710db0e0261cc02000710f20e0265
cc02000710f70e029fcc020007100e0f02a3cc02000710130f02f0cc0200
07102a0f02f4cc020007102f0f0231cd02000710460f0235cd020007104b
0f024acd02000710620f024ecd02000710670f028acd02000710b20f017c
8e05000710c80f028ecd02000710cd0f029bcd02000710050002ccc80200
0710250002d9c802000710ac0002c8c802000710c00002cac80200071017
0102e8c802000710420102f0c8020007105d0102fbc80200071081010206
c90200071098010216c9020007104302021ac902000710a702026cc90200
07105d0302bec90200071081030210ca020007109f030212ca02000710c2
030222ca020007101e04022cca020007104504024fca02000710c904024b
ca02000710dd04024dca020007102c05025bca0200071053050267ca0200
07107a050270ca020007108b050279ca020007103a06027dca02000710a3
0602cfca02000710c10602d1ca02000710e40602e1ca02000710400702eb
ca02000710a407020ecb02000710b6070210cb02000710fc070212cb0200
07103708021dcb0200071092080250cb020007103b0902a2cb020007105c
0902a4cb02000710770902a6cb020007103e0a02802e05000710530a0254
2e05000710ad0a02a8cb020007102d0b02aacb020007104b0b02accb0200
07106a0b02bccb02000710d20b02cccb02000710c80c0228e709000710d1
0c0228e709000710dc0c021ce709000710e60c02905e08000710f00c021c
e709000710000d021ce709000710100d021ce709000710210d021ce70900
0710b00d02d42e05000710f70d02e4cb020007107c0e01b68f0500071080
0e01549005000710840e01669005000710b60d02205f08000710d20d02bc
d002000710d70d02e3d002000710fc0d02005f08000710180e02ead00200
07101d0e0211d102000710240e02505f08000710b70e0218d102000710bc
0e023fd102000710780f0243d1020007107d0f0276d1020007101c0002a2
cd02000710c80002a8cd02000710070102b4cd02000710510102bdcd0200
0710680102c2cd020007106d0102fecd02000710e9010203ce020007101c
020205ce020007100003021ece0200071005030235ce02000710c203023f
ce0200071039040255ce0200071060040257ce02000710b8050270ce0200
0710bd050287ce02000710d4050291ce02000710110602e02e0500071026
0602d42e050007109f0702a05e08000710fe0702a6ce02000710030802c5
ce02000710190802ccce020007101e0802f0ce020007103a0802c05e0800
07109b0802f4ce02000710a0080213cf02000710aa08021acf02000710af
08023ecf02000710bf0802e05e08000710ea080242cf02000710ef080262
cf02000710650902005f08000710bd090266cf02000710c209027fcf0200
0710de0902105f08000710410a0283cf02000710460a029acf02000710ba
0a02205f08000710e40a02a1cf02000710e90a02c0cf02000710100b02c5
cf02000710150b02eecf02000710250b02305f08000710750b02f3cf0200
07107a0b021bd0020007108a0b02405f08000710b70b02605f08000710ee
0b02705f08000710410c0220d002000710460c023dd002000710720c0242
d0020007107d0c0253d002000710830c0266d002000710880c027ad00200
0710ad0c028dd002000710b20c02b7d0020007103a0902a8d4020007105b
090115a6050007108f090255d602000710b809025ad602000710d7090276
d602000710060a02d1d6020007102f0a02d6d602000710740a02cfd40200
07109c0a02ded402000710c40a0214d502000710ee0a025fd50200071016
0b0281d5020007103e0b02b3d502000710660b02c9d502000710850b02e0
d502000710a40b02fad502000710ca0b02d8d602000710130c02f6d60200
07103b0c020ad702000710a20c02f8d702000710a70c0203d802000710f1
0c0231d802000710f60c023dd8020007103f0d0227d702000710630d0236
d702000710850d024dd702000710a70d025cd702000710c60d026cd70200
0710e50d028fd702000710fb0d026bd8020007101a0e028ed80200071058
0e0248e709000710610e0248e7090007106c0e023ce709000710760e02c0
5f08000710800e023ce709000710900e023ce709000710a00e023ce70900
0710b10e023ce709000710280f02942f050007102d0f013db00500071031
0f0145b005000710350f014db005000710390f0155b0050007103d0f015d
b005000710410f0165b005000710450f016db005000710490f0175b00500
07104d0f017db005000710510f0185b005000710740f02d05f080007107e
0f02d85f08000710c20f0292d802000710c80f0296d802000710f70f029a
d8020007100800027dd1020007100d0002b0d1020007106a0002b7d10200
07106f0002ead102000710980002f1d1020007109d000224d202000710cb
000122a105000710cf000122a105000710d3000122a105000710d7000122
a105000710db000122a105000710df000122a105000710e3000122a10500
0710e7000122a105000710eb000122a105000710ef000122a1050007101e
0101cba0050007107a010238e70900071083010238e7090007108e01022c
e709000710980102905f08000710a201022ce709000710b201022ce70900
0710c201022ce709000710d301022ce7090007104a0202342f0500071065
0202402f050007107a0202342f05000710da02022bd20200071039030241
d20200071064030249d202000710e2030201d3020007106004026fd20200
07109d040272d2020007104a0502c4d202000710e60502eed20200071015
0601e9a7050007101906011ca9050007101d060129a90500071021060136
a905000710ac06020bd302000710ce06021ad302000710f0060237d30200
07101207025dd30200071034070282d3020007105607029dd30200071078
0702bfd3020007109a0702d8d302000710bc0702f8d302000710ed07026d
d402000710290802bbd40200071090080213d402000710bb080222d40200
0710e6080235d40200071020090281d4020007102d090296d40200071039
00012daf05000710bf00029ed802000710080102bfd802000710f40102c1
d802000710740202c4d802000710b30202c7d802000710580302cad80200
0710830302d2d802000710670402e0d802000710920402e8d802000710e7
0402a02f05000710fc0402942f050007102f050258e70900071038050258
e7090007104305024ce7090007104d0502fc5f080007105705024ce70900
07106705024ce7090007107705024ce7090007108805024ce709000710ff
0502f42f05000710470602f6d802000710e6080214d902000710fe08023c
d90200071049090251d902000710560902a3d902000710dd0902bad90200
0710210a02e2d9020007102e0a0234da020007105f0a0250da020007106e
0a0261da020007107d0a027bda02000710a40a028fda02000710c20a029e
da02000710fb0a02b5da020007100a0b02c6da02000710190b02e0da0200
07107d0b02f4da02000710a50b0203db02000710de0b021adb0200071008
0c020030050007101d0c02f42f05000710500c0268e709000710590c0268
e709000710640c025ce7090007106e0c02226008000710780c025ce70900
0710880c025ce709000710980c025ce709000710a90c025ce70900071020
0d02543005000710530d0231db0200071010010241db0200071008020244
db020007105f05024edb020007104807025cdb02000710a40a0260db0200
0710af0c0264db02000710c70c0279db020007100b0d0290db02000710c0
0d0293db02000710fa0d02a5db02000710510e02bbdb02000710b00e02be
db02000710d60e02603005000710eb0e025430050007101e0f0278e70900
0710270f0278e709000710320f026ce7090007103c0f0247600800071046
0f026ce709000710560f026ce709000710660f026ce709000710770f026c
e709000710f30f02b43005000710de0a029ce709000710e80a02bc600800
0710f20a029ce709000710020b029ce709000710120b029ce70900071023
0b029ce7090007109a0b02d43105000710f10c022cde02000710210d0236
de02000710410d0263de02000710660d0293de020007106d0d0296de0200
0710730d029ade02000710970d02b3de02000710bb0d02d3de02000710f1
0d02f5de020007100a0e0227df02000710290e026edf02000710480e02b5
df02000710800f02fcdf02000710850f0200e002000710910f0219e00200
0710c40f0232e002000710470002d0db02000710ac0002dfdb0200071095
0102f2db02000710ae010202dc02000710d8010205dc0200071008020217
dc0200071038020226dc0200071075020243dc020007107a020259dc0200
07108e02028bdc0200071093020290dc02000710040302ccdc020007101d
0302e3dc020007106a0302e6dc020007107a0302ebdc02000710940302fd
dc02000710a1030200dd02000710ad030202dd0200071035040204dd0200
07105404020ddd0200071073040217dd02000710cf040222dd020007102e
0502c03005000710430502b4300500071076050288e7090007107f050288
e7090007108a05027ce7090007109405026b60080007109e05027ce70900
0710ae05027ce709000710be05027ce709000710cf05027ce70900071046
06021431050007107d060225dd02000710e0060254dd02000710f106023d
dd0200071031070265dd020007105e070220310500071073070214310500
0710a6070298e709000710af070298e709000710ba07028ce709000710c4
0702906008000710ce07028ce709000710de07028ce709000710ee07028c
e709000710ff07028ce7090007107b0802743105000710c708027edd0200
07100c09029fdd02000710770902d6dd02000710a80902eddd0200071082
0a02803105000710970a02743105000710ca0a02a8e709000710d30a02a8
e709000710520a0274e4020007105c0a0276e402000710670a0280e40200
07108a0a028ae402000710f20a025ee4020007101d0b0268e40200071023
0b026ae402000710390b0295e402000710b90b02c3e402000710c80b02fc
e402000710d70b024de502000710e60b029fe502000710fb0b02f1e50200
0710200c02f9e502000710450c0201e6020007106a0c0209e6020007106f
0c0212e602000710790c0218e6020007109e0c021ee602000710a30c0227
e602000710ad0c022de602000710d20c0233e602000710d70c023ce60200
0710e10c0242e602000710030d0248e602000710c50d02cc6008000710fd
0d027ce6020007101c0e0284e602000710bf0e024fe602000710f70e0259
e602000710230f02e03105000710380f02d431050007106b0f02b8e70900
0710740f02b8e7090007107f0f02ace709000710890f020d610800071093
0f02ace709000710a30f02ace709000710b30f02ace709000710c40f02ac
e70900071009000243e00200071066000252e002000710ab00025fe00200
0710c600026ce002000710de000279e002000710ee000286e00200071017
010295e0020007104001019fdb05000710590102bee0020007108c0102d7
e002000710d10102e8e002000710310202f7e0020007106b020204e10200
071085020211e1020007109c02021ee102000710a302022be1020007101c
0302a1e002000710210302a5e0020007106f03023ae1020007108003024e
e102000710ac030282e102000710b3030297e102000710d50302bbe10200
0710dc0302cee102000710fe030203e20200071008040217e20200071012
040264e2020007106e04024be202000710ad04027de202000710b2040281
e202000710be040286e202000710f104028ce20200071036050291e20200
071088050297e202000710aa05029ce202000710da0502bce202000710e5
0502a2e202000710150602c4e2020007102f0602abe202000710b80602cc
e202000710d70602e7e202000710f606021ee3020007102d070272e30200
071060070277e3020007106e07027de302000710b5070294e302000710de
070282e3020007101c08028be3020007109f08026de3020007100d09029c
e3020007102f0902a6e302000710510902b7e302000710740902c7e30200
0710070a02d9e302000710160a0207e402000710350a0230e402000710bb
0b0273ea02000710e90b0288ea020007103e0c02003305000710530c02f4
3205000710860c02e8e7090007108f0c02e8e7090007109a0c02dce70900
0710a40c027a6108000710ae0c02dce709000710be0c02dce709000710ce
0c02dce709000710df0c02dce709000710760d02543305000710c10d029d
ea020007104f0e02b7ea02000710a10f02d5ea02000710e20f02dfea0200
07103b00023432050007107a00028ce60200071016010297e6020007103a
0102bbe602000710550102dfe6020007107a010204e702000710a7010229
e7020007101e02022ce70200071080020274e7020007109c020253e70200
0710040302c5e702000710190302e9e702000710200302ede70200071039
0302f0e702000710400302f8e70200071059030200e80200071060030205
e802000710e9030210e8020007101c04023de80200071048040240320500
07105d0402343205000710900402c8e709000710990402c8e709000710a4
0402bce709000710ae04022c6108000710b80402bce709000710c80402bc
e709000710d80402bce709000710e90402bce70900071065050294320500
0710d4050273e8020007106b06028de802000710b90602c8e802000710dc
0602f7e802000710f706024ae9020007101e070289e902000710500702ad
e902000710390802b0e902000710540802bae902000710e20802dee90200
0710130902ece902000710950902a03205000710aa0902943205000710dd
0902d8e709000710e60902d8e709000710f10902cce709000710fb090253
6108000710050a02cce709000710150a02cce709000710250a02cce70900
0710360a02cce709000710b20a02f432050007101a0b02fae90200071048
0b021bea02000710710b023dea020007108d0b025eea020007108f0b025d
ef02000710b90b0274ef02000710000c028bef02000710170c02a2ef0200
0710340c02adef020007105d0c02afef02000710670c02d6ef0200071071
0c02f9ef02000710c50c0216f002000710db0c0252f002000710f70c0289
f002000710130d02c0f0020007102b0d0200f102000710440d0232f10200
0710600d026af1020007107b0d029ef102000710970d02d2f10200071073
0f0205f202000710820f022af202000710890f0248f202000710a30f027b
f202000710bb0f02b2f202000710d80f02c6f202000710f00f02cef20200
0710670002f7ea0200071076000235eb0200071099000273eb02000710af
00028eeb02000710e40002a6eb02000710eb0002c2eb02000710ad0102f3
eb02000710d90102feeb02000710fa010207ec020007102b02020dec0200
07104c020210ec020007105e02021bec0200071091020222ec02000710c7
020225ec02000710e6020230ec020007101c03023bec020007109003023e
ec020007100404023fec0200071031040240ec020007105f04024aec0200
07104205021cec020007106e0502603305000710830502543305000710b6
0502f8e709000710bf0502f8e709000710ca0502ece709000710d405029c
6108000710de0502ece709000710ee0502ece709000710fe0502ece70900
07100f0602ece7090007108b0602b433050007102307024dec0200071083
070262ec02000710e6070266ec020007106a08026aec020007102e09026e
ec020007108109028dec02000710960902a4ec02000710b40902b0ec0200
0710e20902b2ec02000710f10902ddec02000710560a0206ed0200071060
0a026aed020007107e0a028eed02000710910a02c1ed02000710a90a0203
ee02000710b30a0245ee02000710d70a0286ee02000710e60a02aeee0200
0710010b02eeee02000710210b0212ef02000710300b0228ef020007103f
0b023fef02000710570b0256ef020007105e0b025aef02000710080b0259
fc02000710250b026dfc020007104b0b0273fc02000710520b0289fc0200
0710720b0291fc020007108a0b02c5fc02000710b30b02d9fc02000710cb
0b02e1fc02000710e40b02f0fc02000710040c020ffd020007101c0c021b
fd02000710350c022afd02000710480c0249fd02000710520c0276fd0200
0710720c0295fd020007108a0c02a7fd02000710a30c02b6fd02000710b6
0c02d5fd02000710c00c0202fe02000710e40c0221fe02000710fc0c0227
fe02000710150d0236fe02000710320d024afe020007104f0d0250fe0200
0710560d0258fe02000710730d026cfe02000710990d0272fe02000710a0
0d027afe02000710bf0d0290fe02000710d70d02c4fe02000710fe0d02d8
fe02000710160e02e0fe020007102f0e02effe020007104e0e020eff0200
0710660e021aff020007107f0e0229ff02000710920e0248ff020007109c
0e0275ff02000710bb0e0294ff02000710d30e02a6ff02000710ec0e02b5
ff02000710ff0e02d4ff02000710090f020100030007102c0f0220000300
0710440f022600030007105d0f023500030007107a0f0249000300071097
0f024f00030007109e0f02570003000710bb0f026b0003000710e10f0271
0003000710e80f028700030007106b0502a9f702000710800502c8f70200
07108a0502f5f702000710ae050214f802000710c805021af802000710e1
050229f802000710fe05023df8020007101b060243f8020007102506024b
f8020007104206025ff8020007106a060265f8020007107406027bf80200
07108f060283f802000710a70602c3f802000710d00602d7f802000710f3
0602dff8020007100c0702eef8020007103007020df90200071053070219
f9020007106c070228f9020007108a070247f90200071094070274f90200
0710b8070293f902000710db0702a5f902000710f40702b4f90200071012
0802d3f9020007101c080200fa020007104408021ffa0200071067080225
fa0200071080080234fa020007109d080248fa02000710ba08024efa0200
0710c1080256fa02000710de08026afa020007100f090270fa0200071016
090286fa020007103309028efa020007104b0902c6fa020007106e0902da
fa02000710860902e2fa020007109f0902f1fa02000710bc090210fb0200
0710d409021cfb02000710ed09022bfb02000710000a024afb020007100a
0a0277fb02000710270a0296fb020007103f0a02a8fb02000710580a02b7
fb020007106b0a02d6fb02000710750a0203fc02000710960a0222fc0200
0710ae0a0228fc02000710c70a0237fc02000710e40a024bfc0200071001
0b0251fc02000710090002ddf202000710230002fcf2020007103b000208
f30200071054000217f30200071067000236f30200071071000263f30200
07108b000282f302000710a3000294f302000710bc0002a3f302000710cf
0002c2f302000710d90002eff302000710f700020ef4020007100f010214
f40200071028010223f40200071045010237f4020007106201023df40200
071069010245f40200071086010259f402000710ac01025ff402000710b3
010276f402000710d301027ef402000710eb0102b5f402000710140202c9
f4020007102c0202d1f402000710450202e0f402000710650202fff40200
07107d02020bf5020007109602021af502000710a9020239f502000710b3
020266f502000710d3020285f502000710eb020297f502000710040302a6
f502000710170302c5f502000710210302f2f50200071045030211f60200
07105d030217f60200071076030226f6020007109303023af602000710b0
030240f602000710b7030248f602000710d403025cf602000710fa030262
f60200071001040278f60200071032040280f6020007104a0402b8f60200
0710730402ccf6020007108d0402d4f602000710a60402e3f602000710c6
040202f702000710e004020ef702000710f904021df7020007100e05023c
f70200071018050269f70200071038050288f7020007105205029af70200
0710d10702ca0303000710850d029034050007109a0d02843405000710cd
0d0228e809000710d60d0228e809000710e10d021ce809000710eb0d0224
6208000710f50d021ce809000710050e021ce809000710150e021ce80900
0710260e021ce8090007109d0e02e43405000710db0e02eb0303000710e5
0f020c04030007100800028f0003000710200002c30003000710930002d7
0003000710b10002df0003000710ca0002ee0003000710ee00020d010300
07100c01021901030007102501022801030007103e010247010300071048
01027401030007106c01029301030007108a0102a50103000710a30102b4
0103000710bc0102d30103000710c60102000203000710ee01021f020300
07100c02022502030007102502023402030007104202024802030007105f
02024e02030007106602025602030007108302026a0203000710af020270
0203000710b60202860203000710cf02028e0203000710de0202a4020300
0710ed0202bb02030007100b0302cf0203000710120302d3020300071063
0302c03305000710780302b43305000710ab030208e809000710b4030208
e809000710bf0302fce709000710c90302bc6108000710d30302fce70900
0710e30302fce709000710f30302fce709000710040402fce7090007107b
0402143405000710ac0402d60203000710c004022803030007104f050239
03030007109005026c0303000710db05029f030300071073060220340500
0710880602143405000710bb060218e809000710c4060218e809000710cf
06020ce809000710d90602fb6108000710e306020ce809000710f306020c
e8090007100307020ce8090007101407020ce8090007108b070284340500
07108602024d0403000710b40302f03405000710c90302e43405000710fc
030238e80900071005040238e8090007101004022ce8090007101a040249
62080007102404022ce8090007103404022ce8090007104404022ce80900
07105504022ce809000710df0402443505000710ce05025c0403000710ea
05027504030007109306028e04030007106d0702b70403000710e20702ce
0403000710220902dc0403000710a60902f40403000710bb09020b050300
0710110a02310503000710590a024d0503000710d00a0273050300071003
0b027b0503000710650c02830503000710980c02910503000710da0c02ca
0503000710a20d02e50503000710ba0d020c0603000710a50e0224060300
07106e0f02b20603000710b80f02590603000710c20f027d06030007101c
0c028436050007106b0c02910803000710e00c02ae08030007105f0d0200
09030007109e0d02903605000710b30d02843605000710e60d0278e80900
0710ef0d0278e809000710fa0d026ce809000710040e02fe62080007100e
0e026ce8090007101e0e026ce8090007102e0e026ce8090007103f0e026c
e809000710b60e02e43605000710f60e02520903000710f30002ed060300
07100d0102f40603000710820102b506030007109f0102bc0603000710fd
0102250703000710af02024a0703000710b602026a07030007106f030286
0703000710760302a10703000710860302b807030007108d0302de070300
07100a04025035050007101f04024435050007109f040248e809000710a8
040248e809000710b304023ce809000710bd0402906208000710c704023c
e809000710d704023ce809000710e704023ce809000710f804023ce80900
07106f0502c435050007108a0502d035050007109f0502c43505000710f0
05020308030007104f0602190803000710ac060258e809000710b5060258
e809000710c006024ce809000710ca0602b26208000710d406024ce80900
0710e406024ce809000710f406024ce8090007100507024ce8090007107c
0702243605000710970702303605000710ac0702243605000710cb0701b1
4806000710cf07015a4906000710d307015d4a06000710d70701294a0600
07101708022408030007108408023d0803000710450a024c0803000710a7
0a025f0803000710f00a026e0803000710fa0a027e08030007101c0b01cb
4706000710340b0268e8090007103d0b0268e809000710480b025ce80900
0710520b02d862080007105c0b025ce8090007106c0b025ce8090007107c
0b025ce8090007108d0b025ce809000710490c023c0c03000710530c0240
0c03000710580c02450c030007107a0c02f60b03000710aa0c02fb0b0300
0710030d02290c03000710080d02320c03000710250d02490c030007102a
0d02500c03000710560d02630c03000710870d026a0c03000710ab0d026c
0c03000710190e011567060007101d0e015e6706000710210e0165670600
0710250e016c6706000710290e01b967060007102d0e017a670600071031
0e01956706000710350e01a16706000710390e01ad6706000710570f0270
0c03000710660f02a20c03000710e70f02d40c030007104e0102f0360500
0710630102e436050007109601028ce8090007109f01028ce809000710aa
010280e809000710b40102306308000710be010280e809000710ce010280
e809000710de010280e809000710ef010280e8090007106b020244370500
07101a03026e09030007103803028de809000710ce03028709030007109a
05029a09030007109f0502aa09030007103d0602b60903000710420602c4
0903000710550602cf09030007105a0602dd0903000710850602e6090300
07108a0602f409030007108f0602f80903000710940602080a030007105a
0702606308000710920702460a03000710b107024e0a030007105d08021c
0a03000710980802260a030007106b0902560a030007107a0902860a0300
07109d0902b60a03000710ac0902d10a03000710cf0902ed0a03000710d4
0902130b03000710080a02200b030007100d0a02460b03000710410a0253
0b03000710460a02700b030007107a0a027d0b030007107f0a029f0b0300
0710b30a02ac0b03000710b80a02cc0b03000710e10a02d90b03000710f0
0a02e70b030007108b0b02fe0b03000710900b02040c03000710cd0b0259
0c03000710ef0b02600c03000710170c02080c030007101c0c02100c0300
0710260c02140c030007102b0c02190c03000710350c021d0c030007103a
0c02250c03000710440c02360c03000710e20f028012030007102a0602f2
0e030007102f0602080f030007106306020e0f03000710680602230f0300
0710870602a80f03000710160702c60f03000710270702ef0f030007105a
0701295e060007105f0702ce0f03000710660702d60f030007106d0702de
0f03000710740702e70f030007107b070204100300071080070212100300
07109607021510030007109b0702191003000710a207021c1003000710a7
0702211003000710ae0702241003000710b30702271003000710ba07022a
1003000710bf0702321003000710c607023510030007102308024b100300
07103408025310030007107a08026810030007108b0802701003000710d1
0802861003000710e208028e1003000710ff0802a31003000710360902b9
10030007103b0902cd10030007105d0902d610030007109b0902ec100300
0710a00902071103000710f10902101103000710f6090224110300071047
0a025111030007104c0a026911030007109d0a02961103000710a20a02a8
1103000710300c02d51103000710710c02e011030007109f0c02e6110300
0710f30c02e91103000710fd0c02ec1103000710300d020b12030007106b
0e021c1203000710700e023d1203000710960e01b976060007109a0e01cf
76060007109e0e01d67606000710a20e01dd7606000710400f0245120300
0710b90f025d1203000710d30f026e12030007100c0002d70c0300071013
0002da0c030007106c0002ef0c03000710910002f20c03000710980002f5
0c03000710f100020b0d030007101601020e0d030007101d0102110d0300
0710760102260d030007109b0102290d03000710a201022c0d03000710e6
0102420d03000710eb0102570d03000710210202600d0300071026020276
0d030007105c02027c0d03000710610202900d03000710940202980d0300
0710990202ae0d03000710b80202b30d03000710d00202c80d03000710e0
0202cd0d03000710f00202d20d03000710000302dc0d03000710100302e2
0d03000710170302f00d030007103d0302f80d030007104203020e0e0300
07109d0302140e03000710a303021b0e03000710a80302270e03000710fd
0302390e03000710030402420e030007100804024e0e030007103d04025c
0e030007104c0402710e030007105b0402760e03000710c204028c0e0300
0710c80402930e03000710cd04029f0e03000710220502b10e0300071028
0502ba0e030007102d0502c60e030007105705022c0f0300071061050248
0f03000710660502b00f03000710a60501195e06000710ab0502660f0300
0710b20502780f03000710b90502810f03000710c00502980f03000710c7
0502900f03000710ce0502890f03000710d505029f0f03000710f10502d4
0e03000710f60502e90e03000710070702781703000710490701966e0600
07104e0702051803000710630702441803000710b00702261803000710bb
0702e017030007100908023118030007103608026918030007106608028c
18030007109d0802a71803000710c10802c218030007102c0902d9180300
07107c0902031903000710a70902191903000710f109025c19030007103b
0a02a71903000710850a02f21903000710b80a02321a03000710bd0a0252
1a03000710440b025e1a03000710580b02921a030007105f0b02e11a0300
0710730b021a1b03000710050c02531b03000710690c025b1b030007107a
0c026e1b03000710b50c02831b03000710da0c02991b03000710e90c02a8
1b03000710f80c02e71b03000710390d02f21b030007103e0d02fc1b0300
0710510d02021c03000710560d020d1c030007105d0d02131c0300071062
0d021f1c03000710750d02251c03000710de0d022b1c03000710e30d0239
1c030007100f0e02461c03000710290e024b1c03000710430e02501c0300
07105d0e02561c03000710640e025d1c03000710730e02651c030007109a
0e02701c03000710b70e02741c03000710d40e027e1c03000710ee0e0286
1c03000710080f028d1c03000710220f02941c03000710290f029c1c0300
07102e0f02a41c030007106c0f02b11c030007107d0f02b71c030007109a
0f02c31c030007100b0002a112030007105d0002c21203000710e20002ea
1203000710f100020d13030007100a01022f13030007102b010252130300
07104c0102751303000710ac0102981303000710b70102ac1303000710be
0102b71303000710d30102c513030007100f0202ea1303000710220202f5
13030007102902021114030007103e02021f14030007107a020244140300
07108102024e1403000710960202581403000710d202027d1403000710dd
0202911403000710e402029c1403000710f90202ab1403000710350302d0
1403000710480302db14030007104f0302f8140300071064030206150300
0710a003022b1503000710a70302351503000710c603023f1503000710ff
03026415030007100f04026e15030007101604027615030007102b04027f
1503000710640402a41503000710740402ac15030007107b0402b6150300
0710900402c11503000710ec0402e61503000710f30402ef1503000710f9
0402f715030007102205021c16030007104b050241160300071074050266
1603000710ae05028b1603000710d70502b51603000710000602da160300
07102a0602ff16030007107006021f17030007108606023317030007108d
06024a17030007109c0602601703000710ba06029d1703000710d00602a5
1703000710d70602b81703000710de0602c11703000710ed0602c9170300
0710530c02022403000710630c02052403000710770c023524030007107e
0c023c24030007108e0c023f2403000710a30c026f2403000710aa0c0273
24030007104c0d027624030007105b0d02a32403000710850e02d0240300
0710e60e02d82403000710f70e02eb2403000710540f0270370500071069
0f024437050007108a0602d11e03000710b10602031f03000710d8060235
1f03000710ff0602671f03000710260702991f030007104d0702cb1f0300
07106b0702fd1f03000710720702022003000710820702082003000710a9
07023a2003000710b007023e2003000710b70702442003000710c7070249
2003000710e507027b2003000710ec0702802003000710fc070286200300
07101a0802b82003000710210802bd2003000710310802c320030007104f
0802f52003000710560802fa200300071066080200210300071084080232
21030007108b08023621030007109b0802392103000710b908026b210300
0710c008026f2103000710e40802722103000710f3080282210300071002
0902912103000710540902406308000710b70902c12103000710e30902f1
2103000710020a02f721030007102e0a022722030007104d0a022d220300
0710790a025d2203000710980a02622203000710c40a02922203000710e3
0a029622030007100f0b02c622030007102e0b02cc22030007105a0b02fc
22030007108d0b02ff22030007109c0b02142303000710b70b0228230300
0710cb0b02582303000710d20b025c2303000710e20b025f2303000710f6
0b028f2303000710fd0b029423030007100d0c02972303000710210c02c7
2303000710280c02cb2303000710380c02ce23030007104c0c02fe230300
07100b0002cc1c03000710110002d51c030007105e0002e51c0300071064
0002ee1c03000710af0002fb1c03000710c00002fe1c03000710c5000202
1d03000710e00002051d0300071005010290e8090007101b0102111d0300
0710470102131d030007105b0102161d03000710870102181d030007109b
01021b1d03000710c701021d1d03000710db0102211d0300071007020224
1d030007101b0202271d03000710470202291d030007105b02022d1d0300
0710870202301d030007109b0202341d03000710c70202371d03000710db
02023b1d030007100703023e1d030007101b0302421d0300071047030245
1d030007105b03024d1d03000710870302541d030007109b03026a1d0300
0710c703027f1d03000710db0302901d03000710f80302a01d0300071009
0402a51d030007104d0402b11d030007105e0402b41d03000710630402b8
1d030007107e0402bb1d03000710b80402c71d03000710c90402ca1d0300
0710ce0402ce1d03000710e90402d11d030007102d0502dd1d0300071032
0502e81d030007106e0502f31d03000710730502011e030007109205020a
1e03000710b005021b1e03000710b705021f1e03000710d60502221e0300
0710f40502301e03000710fb0502371e030007101e0602401e030007102d
0602571e030007103c06026e1e030007106306029f1e03000710fc0e0232
29030007106f0f02512903000710960f026a2903000710b70f029c290300
0710d50f029f29030007106900023b25030007102a0102682503000710be
0202952503000710750302c62503000710b40302f32503000710e1030210
26030007104c0402212603000710b80402242603000710e1040251260300
07101f05028526030007103205028726030007105d05029d26030007109e
0502b72603000710ae0502c426030007100f0602ce2603000710240602fb
2603000710640602312703000710770602332703000710a206024a270300
0710bb0602652703000710cb06027227030007100707027d270300071016
07028a2703000710b10702dee909000710ba0702dee909000710c50702d2
e909000710cf0702276408000710d90702d2e909000710e90702d2e90900
0710f90702d2e9090007100a0802d2e909000710810802bc3705000710d6
0802376408000710e108023964080007102b0902c727030007104d0902d8
27030007106f0a029a2703000710d90a02e03705000710ee0a02bc370500
0710210b02ece9090007102a0b02ece909000710350b02e0e9090007103f
0b026e6408000710490b02e0e909000710590b02e0e909000710690b02e0
e9090007107a0b02e0e909000710f10b023438050007101f0c021e280300
0710ca0c022e2803000710ec0c02472803000710010d026a280300071046
0d029b2803000710370e02c02803000710750e02de2803000710b10e02e1
28030007107f0b02122d03000710bf0b024c2d03000710580d024f2d0300
0710d10e02722d03000710f90e02862d03000710170f02bf2d030007101e
0f02f72d03000710250f02312e030007102c0f025b2e03000710330f0290
2e03000710930f02d32e03000710310002b82903000710d70002e9290300
0710de0002082a030007101a01024038050007102f010234380500071062
0102fce9090007106b0102fce909000710760102f0e90900071080010294
64080007108a0102f0e9090007109a0102f0e909000710aa0102f0e90900
0710bb0102f0e909000710390202943805000710690202282a03000710c1
02023a2a03000710e902024a2a03000710db04024d2a03000710620502a0
3805000710740502943805000710c205020cea09000710cb05020cea0900
0710d6050200ea09000710e00502f36408000710ea050200ea09000710fa
050200ea090007100a060200ea090007101b060200ea09000710920602f4
38050007101d0702003905000710320702f43805000710f107024f2a0300
0710130802722a030007104e0802752a03000710070902942a0300071089
0902972a03000710a40902bf2a03000710d609021cea09000710df09021c
ea09000710ea090210ea09000710f40902176508000710fe090210ea0900
07100e0a0210ea090007101e0a0210ea090007102f0a0210ea09000710a6
0a02543905000710dc0a02df2a03000710ec0a02162b03000710f30a025a
2b03000710fa0a02902b03000710010b02c92b03000710080b02052c0300
07100f0b023c2c03000710160b02702c030007101d0b029e2c0300071024
0b02dc2c030007102c00020d2f03000710a90002512f03000710d9000253
2f03000710110102582f030007108701025d2f03000710b90102622f0300
0710290202672f030007105b02026c2f03000710cb0202712f03000710fd
0202762f030007106603027b2f03000710220402c22f03000710240702c5
2f03000710cc0c02603905000710e10c02543905000710140d022cea0900
07101d0d022cea09000710280d0220ea09000710320d023d65080007103c
0d0220ea090007104c0d0220ea090007105c0d0220ea090007106d0d0220
ea09000710e40d02b439050007102e0f0230ea09000710650f02c82f0300
0710940f02cd2f03000710c80f02e32f030007103b0002c0390500071050
0002b439050007108300028cea090007108c00028cea0900071097000280
ea09000710a10002696508000710ab000280ea09000710bb000280ea0900
0710cb000280ea09000710dc000280ea09000710530102143a0500071092
0102eb2f03000710630302123003000710ac0402bf3003000710e0040220
3a05000710f50402143a050007102805029cea090007103105029cea0900
07103c050290ea0900071046050298650800071050050290ea0900071060
050290ea0900071070050290ea0900071081050290ea090007100b060274
3a050007102b0602eb3003000710030902803a05000710180902743a0500
07104b0902acea09000710540902acea090007105f0902a0ea0900071069
0902c26508000710730902a0ea09000710830902a0ea09000710930902a0
ea09000710a40902a0ea09000710560a02d43a05000710780a0200310300
07105f0b02163103000710850b022531030007109e0b02343103000710b7
0b02433103000710dc0b02523103000710d80d02613103000710180e026e
3103000710510202e03a05000710660202d43a05000710ba0202bcea0900
0710c30202bcea09000710ce0202b0ea09000710d80202e36508000710e2
0202b0ea09000710f20202b0ea09000710020302b0ea09000710130302b0
ea090007108a0302343b05000710cb030279310300071021050297310300
0710f90502403b050007100e0602343b05000710410602ccea090007104a
0602ccea09000710550602c0ea090007105f0602096608000710690602c0
ea09000710790602c0ea09000710890602c0ea090007109a0602c0ea0900
0710240702943b05000710470702983103000710c20902a03b05000710d7
0902943b050007100a0a02dcea09000710130a02dcea090007101e0a02d0
ea09000710280a02306608000710320a02d0ea09000710420a02d0ea0900
0710520a02d0ea09000710630a02d0ea09000710da0a02f43b05000710f7
0a02b431030007108f0b02cd3103000710ac0b02dc3103000710710c0200
3c05000710860c02f43b05000710b90c02ecea09000710c20c02ecea0900
0710cd0c02e0ea09000710d70c02586608000710e10c02e0ea09000710f1
0c02e0ea09000710010d02e0ea09000710120d02e0ea09000710890d0254
3c05000710b20d02eb3103000710af0e0204320300071049000235320300
07104e00026532030007106c00027a3203000710710002af3203000710a6
0002b53203000710ab0002e13203000710b70002f63203000710bc000227
3303000710db00022d3303000710e000025c3303000710f5000271330300
0710fa0002a53303000710150102ab33030007101a0102d6330300071029
0102eb33030007102e01021b340300071089010221340300071099030242
34030007102b0402633403000710c50502673403000710dd05027c340300
0710210602933403000710d60602963403000710fd0602603c0500071012
0702543c05000710450702fcea090007104e0702fcea09000710590702f0
ea090007106307027c66080007106d0702f0ea090007107d0702f0ea0900
07108d0702f0ea090007109e0702f0ea09000710150802b43c050007101a
0801e2e8060007101e0801f0e80600071022080100e90600071026080110
e906000710cd0802a834030007103909011ae8060007109c0a02a0660800
0710b40a02be3403000710d40a02c934030007102a0b028c660800071076
0b02cd3403000710b70b02d234030007101a0c02d53403000710470e02a0
6608000710a40e02eb3403000710780f020135030007105e0d024ceb0900
0710670d024ceb09000710720d0240eb090007107c0d025a670800071086
0d0240eb09000710960d0240eb09000710a60d0240eb09000710b70d0240
eb090007102e0e02943e05000710510e02ea350300071011000217350300
0710300002223503000710720002c03c05000710870002b43c05000710ba
00020ceb09000710c300020ceb09000710ce000200eb09000710d80002c9
6608000710e2000200eb09000710f2000200eb0900071002010200eb0900
071013010200eb090007108a0102143d05000710da01027735030007105d
02028f3503000710640202973503000710450302203d050007105a030214
3d050007108d03021ceb090007109603021ceb09000710a1030210eb0900
0710ab0302ec6608000710b5030210eb09000710c5030210eb09000710d5
030210eb09000710e6030210eb090007105d0402743d05000710b6060280
3d05000710cb0602743d05000710fe06022ceb090007100707022ceb0900
071012070220eb090007101c070214670800071026070220eb0900071036
070220eb0900071046070220eb0900071057070220eb09000710e10702d4
3d050007101c0802a03503000710e80a02b43503000710f10a02bd350300
0710fa0a02cb3503000710210b02e03d05000710360b02d43d0500071069
0b023ceb09000710720b023ceb090007107d0b0230eb09000710870b0235
6708000710910b0230eb09000710a10b0230eb09000710b10b0230eb0900
0710c20b0230eb09000710390c02343e050007105e0c02d0350300071016
0d02403e050007102b0d02343e05000710910c02a43c030007109b0c02ae
3c03000710c00c02ba3c03000710ca0c02c73c03000710ed0c02d83c0300
0710f70c02ea3c030007101c0d02f73c03000710260d02053d030007104b
0d02143d03000710550d02243d03000710780d022f3d03000710820d023b
3d03000710a50d024a3d03000710af0d025a3d03000710d40d02643d0300
0710de0d026f3d03000710030e02873d030007100d0e02a03d0300071030
0e02b33d030007103a0e02c73d030007105d0e02d33d03000710670e02e0
3d030007108c0e02fb3d03000710960e02173e03000710bb0e02223e0300
0710c50e022e3e03000710ea0e023f3e03000710f40e02513e0300071017
0f025b3e03000710210f02663e03000710460f02763e03000710500f0287
3e03000710750f029e3e030007107f0f02b63e03000710a40f02c23e0300
0710ae0f02cf3e03000710d30f02e43e03000710dd0f02fa3e0300071077
0702b83803000710810702c63803000710a60702cf3803000710b00702d9
3803000710d30702e33803000710dd0702ee380300071002080209390300
07100c08022539030007103108023939030007103b08024e390300071060
08025b39030007106a08026939030007108d08027c390300071097080290
3903000710bc0802a43903000710c60802b93903000710eb0802c6390300
0710f50802d439030007101a0902e43903000710240902f5390300071047
0902083a030007105109021c3a030007107609022f3a0300071080090243
3a03000710a50902583a03000710af09026e3a03000710d409027b3a0300
0710de0902893a03000710030a02973a030007100d0a02a63a0300071032
0a02b73a030007103c0a02c93a03000710610a02d93a030007106b0a02ea
3a03000710900a02fb3a030007109a0a020d3b03000710bf0a02283b0300
0710c90a02443b03000710ee0a025b3b03000710f80a02733b030007101d
0b02893b03000710270b02a03b030007104c0b02b23b03000710560b02c5
3b03000710790b02de3b03000710830b02f83b03000710a80b02073c0300
0710b20b02173c03000710d70b022c3c03000710e10b02423c0300071006
0c02533c03000710100c02653c03000710330c02743c030007103d0c0284
3c03000710620c028f3c030007106c0c029b3c03000710420002a03e0500
0710570002943e050007108a00025ceb090007109300025ceb090007109e
000250eb09000710a800027e6708000710b2000250eb09000710c2000250
eb09000710d2000250eb09000710e3000250eb090007105f0102f43e0500
0710c00102023603000710d401025436030007102b02026536030007106c
0202943603000710cf0202c33603000710850302ea3603000710b40302ec
3603000710e40302053703000710f803021037030007100c04021f370300
07102004023237030007103404023937030007104804024637030007105c
04025537030007107004025d370300071084040268370300071098040273
3703000710bf0402773703000710e204027c37030007100a050288370300
07102305029537030007104b0502a13703000710520502ae37030007107a
0502b73703000710810502c13703000710a90502ca3703000710b30502d4
3703000710d60502e03703000710e00502ed3703000710050602fc370300
07100f06020c38030007103206021738030007103c060223380300071061
06022d38030007106b06023838030007108e06024238030007109806024d
3803000710bd0602573803000710c70602623803000710ec060272380300
0710f606028338030007101907028c380300071023070296380300071048
0702a03803000710520702ab3803000710840902e06b08000710570a027e
eb090007107a0a0285eb09000710850a0270eb09000710bb0a0274eb0900
0710c10a0270eb09000710c70a0278eb09000710d50a0278eb09000710db
0a0278eb09000710e60a027eeb09000710f10a027eeb09000710fb0a027e
eb090007100c0b0280eb090007101d0b0280eb09000710300b027eeb0900
07103b0b027eeb09000710450b027eeb09000710560b0280eb0900071074
0b027eeb09000710a70b027ceb09000710bd0b027ceb09000710860f02e8
6c08000710ff0f02e86c08000710020002083f030007100c0002173f0300
0710310002263f030007103b0002363f03000710650002483f030007106f
00025b3f030007109900026a3f03000710a300027a3f03000710c800028a
3f03000710d200029b3f03000710f70002af3f03000710010102c43f0300
0710260102d83f03000710300102ed3f03000710550102f93f030007105f
01020640030007108401021640030007108e0102274003000710b1010231
4003000710bb01023c4003000710e00102494003000710ea010257400300
07100d02026240030007101702026e40030007103c02027d400300071050
02028d40030007107502029b40030007107f0202aa4003000710a90202bd
4003000710b30202d14003000710dd0202e84003000710e7020200410300
07101103021241030007101b03022541030007104503022e41030007104f
03023841030007107303024841030007107d0302594103000710a303026b
4103000710d503027e410300071025040201370300071039040203370300
0710ae0402d04103000710cc04022242030007102605022842030007108a
05022a42030007109b05022c4203000710f805022e42030007107d060241
4203000710fa06024842030007104f0702434203000710fe0702003f0500
0710130802f43e050007105d08029067080007104c0902e06b0800071066
0902a06b080007108e0e02e86c08000710ca0e02e86c08000710f10e02e8
6c08000710900f02e86c08000710b40f02e86c08000710fc0f02e86c0800
0710ffff02e86c08000710370002e86b080007104c0002e86c080007108c
0002e86c08000710c50002e86c08000710fe0002e86c080007104d0102e8
6c08000710850102e86b08000710d20102ea6b08000710dd0102ec6b0800
0710e70102ee6b08000710f00102ef6b08000710f90102f36b080007103e
0202e86c08000710160302e86c08000710410302e86c08000710e80302e8
6c080007100c0402e86c08000710dc0402e86c08000710330502e86c0800
0710950502e86c08000710d90502e86c08000710200702e86c0800071048
0702e86c080007106a0702e86c08000710a50702e86c08000710e20702e8
6c080007100a0802e86c08000710570802e86c08000710820802e86c0800
0710cf0802e86c08000710f30802e86c08000710150902e86c0800071040
0902e86c080007106b0902e86c08000710960902e86c08000710c20902e8
6c08000710e60902e86c08000710080a02e86c08000710330a02e86c0800
07108a0a02e86c08000710b40a02e86c08000710ee0a02e86c0800071029
0b02e86c08000710630b02e86c080007109d0b02e86c08000710c40b02e8
6c08000710670c02e86c080007108b0c02e86c08000710f80c02e86c0800
0710230d02e86c080007104e0d02e86c08000710ab0d02e86c08000710d9
0d02e86c08000710160e02e86c08000710520e02e86c08000710830002e8
6c08000710fe0002e86c08000710730102e86c08000710af0102e86c0800
0710d00102e86c08000710290202e86c08000710540202e86c080007109b
0202e86c08000710ef0202e86c08000710220302e86c08000710840302e8
6c08000710bf0302e86c08000710fc0302e86c08000710230402e86c0800
07106a0402e86c08000710ba0402e86c08000710e00402e86c0800071004
0502e86c080007104f0502e86c080007106d0502e86c08000710910502e8
6c080007102c0602e86c08000710920602e86c08000710de0602e86c0800
0710120702e86c08000710330702e86c08000710d70702e86c08000710f1
0702e86c08000710400802e86c08000710a00802e86c08000710db0802e8
6c08000710160902e86c080007103d0902e86c08000710850902e86c0800
0710a90902e86c08000710080a02e86c08000710580a02e86c0800071080
0a02e86c08000710a40a02e86c080007102c0d027eeb090007104f0d02e8
6c080007105a0d02e86c08000710810d02e86c08000710ac0d02e86c0800
0710d70d02e86c08000710020e02e86c08000710300e02e86c080007100b
0f02e86c08000710360f02e86c08000710710f02e86c080007109c0f02e8
6c08000710c70f02e86c08000710f20f02e86c08000710b50c02e0eb0900
0710be0c027eeb09000710c90c02b44303000710d80c02e0eb0900071015
0d027eeb090007101f0d027eeb090007102c0d02ec6c08000710310d0274
eb09000710390d0274eb09000710580d0280eb090007105f0d027eeb0900
07106a0d027eeb09000710740d027eeb09000710850d0280eb0900071090
0d0280eb09000710ab0d027eeb09000710b50d027eeb09000710c00d027e
eb09000710ca0d027eeb09000710d20d0270eb09000710ff0d0270eb0900
07101a0e0270eb09000710310e0270eb090007104c0e027eeb0900071057
0e027eeb09000710610e027eeb09000710720e0280eb090007107d0e0280
eb09000710830e0274eb09000710ae0e02b94303000710c20e02be430300
0710d00e02e0eb09000710850f026ceb090007108e0f026ceb0900071099
0f0260eb09000710a30f02906b08000710ad0f0260eb09000710bd0f0260
eb09000710cd0f0260eb09000710de0f0260eb09000710230002e86c0800
0710fe0002e86c08000710290102e86c08000710740102e86c080007107a
01027eeb09000710970102e86c08000710a20102e86c08000710250202e8
6c08000710490202e86c08000710700202e0eb090007106f040250420300
0710890502e86c08000710e3060284eb09000710ea060285eb090007102b
070285eb0900071049070270eb0900071051070278eb090007105e07027c
eb090007106b07027eeb09000710960702ec6c080007109b070274eb0900
0710a1070285eb09000710c3070274eb09000710f3070274eb0900071028
080285eb09000710a9080270eb09000710c40802634203000710d8080270
eb09000710e6080288eb090007102109027e42030007104b090283420300
0710520902be420300071066090274eb090007106c090270eb090007109d
0902f942030007100f0a022e43030007103a0a026143030007106d0a026e
4303000710980a0288eb09000710a30a0274eb09000710a90a0270eb0900
0710da0a0270eb09000710ed0a02724303000710700b028d4303000710df
0b0270eb09000710e70b0278eb09000710f40b027ceb09000710010c027e
eb09000710340c027eeb090007103f0c02a043030007104f0c02a5430300
0710600c02e0eb090007106e0c02e0eb090007107b0c027eeb090007108a
0c02aa43030007109a0c02af4303000710dd0601a05c07000710e10601a0
5c07000710110701db5d07000710150701735d070007101907019b5d0700
07101d07019b5d070007102107019b5d07000710250701885d0700071029
0701885d070007102d07019b5d070007103107019b5d070007103507019b
5d070007103907019b5d070007103d0701885d070007104107019b5d0700
0710450701735d07000710490701735d070007104d0701735d0700071051
0701735d07000710550701735d07000710590701735d070007105d070173
5d07000710610701735d07000710650701735d07000710690701735d0700
0710f60702314403000710920802f06c080007109d0802f26c08000710cf
08023444030007104009016e56070007104909018556070007109a090261
4403000710ae0902664403000710090a027eeb09000710330a026a440300
07105c0a02e0eb09000710b70d01e55607000710c10d0111570700071087
0f027f4403000710550002543f0500071075000288eb09000710af0002e1
4303000710c6000270eb09000710cc000274eb09000710d8000278eb0900
0710e500027ceb09000710ec0002e86c0800071009010280eb0900071018
010280eb090007103301027eeb090007103b010270eb0900071068010270
eb0900071081010280eb0900071090010280eb0900071096010274eb0900
0710af0102e86c08000710da0102e86c08000710050202e86c0800071030
0202e86c080007105e0202e86c080007103f0302e86c080007106a0302e8
6c08000710a50302e86c08000710d00302e86c08000710fb0302e86c0800
0710260402e86c08000710570402e86c08000710380502e86c0800071063
0502e86c08000710a505021a4403000710160602e86c080007103a0602e8
6c08000710610602e0eb09000710850601ff5c07000710890601285c0700
07108d0601a05c07000710910601a05c070007109506016d5b0700071099
06016d5b070007109d06016d5b07000710a106016d5b07000710a50601a0
5c07000710a90601a05c07000710ad0601a05c07000710b10601a05c0700
0710b50601a05c07000710b90601a05c07000710bd0601a05c07000710c1
0601a05c07000710c50601a05c07000710c90601a05c07000710cd0601a0
5c07000710d10601a05c07000710d50601a05c07000710d90601a05c0700
07104c0002e86c08000710850002e86c08000710a90002e86c0800071008
0002603f050007101d0002543f05000710de0002f0eb09000710e70002f0
eb09000710f20002e4eb09000710fc0002546d08000710060102e4eb0900
0710160102e4eb09000710260102e4eb09000710370102e4eb09000710ae
0102b43f05000710e801028244030007101202029b44030007106c0202b7
4403000710970202c64403000710ad0202d54403000710f60202e4440300
0710a30602f34403000710260702344503000710f20702754503000710fa
0902b64503000710230a02c14503000710420a02ca4503000710750a02d0
4503000710910a02d34503000710a30a02de4503000710170b02df450300
07103e0b02e545030007106a0b02f545030007108b0b02f84503000710ab
0b02064603000710d80b02074603000710ef0b02124603000710070d02fb
4503000710460f021346030007107b0f021e4603000710ab0f0224460300
0710e80f022746030007103b090214ec090007104c090214ec09000710c3
0902d44005000710fa0902b84603000710bf0a02e04005000710d40a02d4
4005000710070b0230ec09000710100b0230ec090007101b0b0224ec0900
0710250b02e46d080007102f0b0224ec090007103f0b0224ec090007104f
0b0224ec09000710600b0224ec09000710d70b02344105000710110c02cc
4603000710460c02eb4603000710e60c02f84603000710570d0206470300
0710950d02124703000710310e022547030007100900022d460300071035
00023d46030007105600024046030007107f0102c03f05000710940102b4
3f05000710c7010200ec09000710d0010200ec09000710db0102f4eb0900
0710e50102786d08000710ef0102f4eb09000710ff0102f4eb090007100f
0202f4eb09000710200202f4eb09000710970202144005000710d6020243
4603000710a10301f67307000710a50301197407000710a90301fd730700
0710ad0301047407000710b103010b7407000710b50301127407000710b9
0301997407000710bd03017c7507000710c10301ba7407000710c50301e8
7407000710c90301097507000710cd03015f7507000710f20301a1730700
0710d504025146030007100305025446030007102405025846030007102b
05027646030007105205027a46030007105905027d46030007107605029b
4603000710920501b97307000710fb050220400500071010060214400500
071043060210ec090007104c060210ec0900071057060204ec0900071061
06029b6d080007106b060204ec090007107b060204ec090007108b060204
ec090007109c060204ec09000710130702744005000710e60702a3460300
0710ab0802804005000710c00802744005000710f3080220ec09000710fc
080220ec0900071007090214ec09000710110902c36d080007101b090214
ec090007102b090214ec09000710750d02da4803000710910d02c6480300
0710980d02cb4803000710cb0d02d24803000710e90d02e24803000710ca
0e02ed4803000710f70e02f548030007100b0f02fd4803000710120f0203
4903000710190f020a4903000710200f02124903000710690f021a490300
0710700f02224903000710c00f022b4903000710fd010240410500071012
020234410500071045020240ec090007104e020240ec0900071059020234
ec090007106302021e6e080007106d020234ec090007107d020234ec0900
07108d020234ec090007109e020234ec09000710150302a4410500071042
0302384703000710cb03024c4703000710b50502b04105000710ca0502a4
41050007101807026247030007108c0802664703000710a308027b470300
0710fa08029247030007105909029547030007107f090250ec0900071088
090250ec0900071093090244ec090007109d09023d6e08000710a7090244
ec09000710b7090244ec09000710c7090244ec09000710d8090244ec0900
07104f0a020442050007106e0a01ba9007000710720a01008c0700071076
0a01318c070007107a0a019e8d070007107e0a017f8f07000710820a0145
9007000710860a01c28c070007108a0a01fe8c070007108e0a014b8c0700
0710920a017c9007000710960a019e8b070007109a0a01e28b070007109e
0a01658c07000710a20a01ab8c07000710dd0a02a74703000710960b02bb
4703000710af0b02ec4703000710c30b02124803000710f30b0233480300
0710fa0b025848030007101d0c02784803000710450c027d48030007105f
0c02844803000710900c028d4803000710bc0c029548030007100b0d029e
4803000710520d02bd4803000710f00a0284ec090007107a0b0284430500
0710910b02414a030007107f0d02904305000710940d02844305000710c7
0d02a0ec09000710d00d02a0ec09000710db0d0294ec09000710e50d02fb
6e08000710ef0d0294ec09000710ff0d0294ec090007100f0e0294ec0900
0710200e0294ec090007109c0e02e44305000710e80e02544a030007104e
0f026d4a030007106b0f02764a03000710890f02824a03000710900f028c
4a03000710970f02954a030007109e0f029e4a03000710ca0f02a74a0300
0710dc0f02b54a03000710eb0f02c04a03000710fa0f02ce4a0300071003
00027b4903000710220002854903000710d70001548a07000710e100016e
8a07000710fb000210420500071010010204420500071043010260ec0900
07104c010260ec0900071057010254ec09000710610102646e080007106b
010254ec090007107b010254ec090007108b010254ec090007109c010254
ec090007101302026442050007103402028e4903000710bb0202a5490300
07100a0302b94903000710110302bf4903000710390302c0490300071040
0302c649030007102e0402704205000710430402644205000710f3040270
ec09000710fc040270ec0900071007050264ec09000710110502896e0800
07101b050264ec090007102b050264ec090007103b050264ec090007104c
050264ec09000710c30502c442050007103a0602c7490300071063060162
94070007102e0702d04205000710430702c4420500071076070280ec0900
07107f070280ec090007108a070274ec09000710940702a96e080007109e
070274ec09000710ae070274ec09000710be070274ec09000710cf070274
ec090007104b08022443050007109d0802d34903000710590902ef490300
07104f0a02304305000710640a02244305000710970a0290ec09000710a0
0a0290ec09000710ab0a0284ec09000710b50a02d36e08000710bf0a0284
ec09000710cf0a0284ec09000710df0a0284ec090007107c0c02974c0300
0710810c02c64c03000710a50c02db4c03000710e40c02054d030007100f
0d023a4d03000710140d02684d030007101e0d027d4d030007100d0e02ab
4d03000710df0e02bd4d030007109a0f02cb4d030007100a0002de4a0300
0710170002ea4a03000710240002f84a03000710310002064b030007103e
0002144b030007104b00021f4b030007105800022a4b0300071061000235
4b03000710ac0002364b030007102e0102f04305000710430102e4430500
0710760102b0ec090007107f0102b0ec090007108a0102a4ec0900071094
01021f6f080007109e0102a4ec09000710ae0102a4ec09000710be0102a4
ec09000710cf0102a4ec090007105902024444050007109002024f4b0300
0710ab0302504405000710c00302444405000710f30302c0ec09000710fc
0302c0ec09000710070402b4ec09000710110402466f080007101b0402b4
ec090007102b0402b4ec090007103b0402b4ec090007104c0402b4ec0900
0710c30402a44405000710570502654b03000710c70502754b03000710f8
05028e4b030007103f0602a74b030007105c0602b24b03000710c60602cc
4b03000710d30702b34b03000710f80702b044050007100d0802a4440500
0710400802d0ec09000710490802d0ec09000710540802c4ec090007105e
0802686f08000710680802c4ec09000710780802c4ec09000710880802c4
ec09000710990802c4ec09000710100902044505000710590902db4b0300
0710440a02e74b030007106e0a02ff4b03000710ff0a02304c03000710f9
0b023a4c03000710380c02624c03000710750002d74d03000710020102e1
4d03000710fe0102e54d03000710550202fb4d03000710b40202fe4d0300
07100c0402304505000710210402044505000710540402e0ec090007105d
0402e0ec09000710680402d4ec090007107204029e6f080007107c0402d4
ec090007108c0402d4ec090007109c0402d4ec09000710ad0402d4ec0900
0710240502844505000710fb0502104e03000710040d0290450500071019
0d02844505000710450d02d44505000710880d02c46f08000710910d02c8
6f08000710990d02c46f08000710e60d02602e05000710fb0d02d4450500
0710cc0e02234e03000710d10e02f0ec09000710e40e02274e03000710e9
0e02f0ec09000710f60e02f0ec09000710cb0f022a4e03000710de0f022e
4e03000710f30f02324e03000710c40c02855403000710d10c02d6540300
0710400d02f154030007104d0d02425503000710900d025955030007109d
0d02aa5503000710b90d02c65503000710d70d02c85503000710200e02da
5503000710320e02dc55030007105f0e02de5503000710820e02f1550300
07109e0e02f95503000710c10e02145603000710e10e022c560300071009
0f023a5603000710320f02555603000710610f026f56030007108a0f028a
5603000710d40f02a45603000710e10f02f55603000710eb0f0210570300
0710f50f024c57030007100b0002364e030007102300023a4e0300071034
00023e4e03000710450002424e03000710560002464e030007106700024a
4e030007107800024e4e030007108c0002524e03000710a00002564e0300
0710ba00025a4e03000710c100025d4e03000710ea000204ed09000710f3
000204ed09000710fe0002f8ec09000710080102207008000710120102f8
ec09000710220102f8ec09000710320102f8ec09000710430102f8ec0900
0710ba0102044605000710fb0102744e03000710a103027f4e03000710ae
0302d04e03000710190402e74e03000710260402384f030007109d040254
4f03000710aa0402a54f03000710f20402bb4f03000710570502d64f0300
07106405022750030007108c06023d50030007109906028e5003000710ec
0602a95003000710fc0602ca5003000710040702f2500300071093070218
5103000710a00702695103000710090802875103000710160802d8510300
07104a0802ef51030007104f0802f9510300071082080205520300071087
08021e5203000710ba08022b5203000710bf08023f52030007101409024c
5203000710820902685203000710ca0902b95203000710d709020a530300
07105e0a022653030007106b0a02775303000710d60a02925303000710e3
0a02e35303000710250b02fa5303000710320b024b54030007102a0c0267
5403000710180902895a030007101f09028c5a03000710240902905a0300
0710eb0902935a030007101e0a02a85a03000710230a02ba5a0300071039
0a02c35a030007103e0a02cc5a03000710a50a02d55a03000710ac0a02e4
5a03000710b30a02ed5a03000710c30a02f95a03000710ca0a02085b0300
0710d10a02115b030007101c0b02195b03000710550b02275b0300071072
0b02345b030007104b0c02104605000710600c02044605000710930c0214
ed090007109c0c0214ed09000710a70c0208ed09000710b10c02d0700800
0710bb0c0208ed09000710cb0c0208ed09000710db0c0208ed09000710ec
0c0208ed09000710630d026446050007109f0d02ea5b030007103e0e02fa
5b030007104f0e020e5c03000710170402b759030007101e0402bb590300
07103c0402be59030007107e0402d65903000710850402da590300071099
0402dd5903000710a00402e15903000710b50402e45903000710bc0402e8
5903000710d10402eb5903000710d80402ef5903000710ed0402f2590300
0710f40402f65903000710090502f95903000710100502fd590300071025
0502005a030007102c0502045a03000710410502075a030007104805020b
5a030007105d05020e5a03000710640502125a03000710880501acd10700
07109b0502155a03000710a20502195a03000710b605021c5a03000710bd
0502205a03000710d20502235a03000710d90502275a03000710ee05022a
5a03000710f505022e5a030007100a0602315a03000710110602355a0300
0710260602385a030007102d06023c5a030007104206023f5a0300071049
0602435a030007105e0602465a030007106506024a5a030007107a06024d
5a03000710810602515a03000710960602545a030007109d0602585a0300
0710eb06025b5a03000710f206025f5a03000710120702507008000710fe
07026070080007100d08028070080007101c0802a070080007102f080262
5a030007104c0802695a03000710750802705a030007107a0802745a0300
0710860802785a03000710f108027f5a03000710f80802825a03000710fd
0802865a030007105d00026a570300071075000274570300071081000282
5703000710bc00028f5703000710cd0002e057030007100c0102ea570300
07109801017cd2070007109c0101bcd207000710a001017cd207000710a4
01017cd207000710a801017cd207000710ac0101b4d607000710b00101e4
d607000710b40101b4d607000710b80101b4d607000710bc0101b4d60700
0710c001012ad70700071013020230700800071078020198d10700071095
0202f85703000710b602021e5803000710c50202405803000710cc020266
5803000710d80202885803000710e40202c95803000710eb02020d590300
07100003024a59030007100703024e59030007101303025159030007101a
03025559030007102603025859030007102d03025c59030007103903025f
59030007104003026359030007104c03026659030007105303026a590300
07105f03026d590300071066030271590300071072030274590300071079
03027859030007108503027b59030007108c03027f590300071097030282
59030007109e0302865903000710aa0302895903000710b103028d590300
0710bd0302905903000710c40302945903000710cf0302975903000710d6
03029e5903000710e10302a15903000710e80302a55903000710f30302a8
5903000710fa0302ac5903000710050402af59030007100c0402b4590300
0710b20b011bf407000710b60b0100f4070007101d0002265c03000710c1
00022f5c03000710f60002325c030007101b0102415c030007104d020250
5c03000710730202535c03000710670502555c030007109f0502645c0300
0710b205028e5c030007101f0602e05c03000710450602e35c0300071081
0602e55c03000710120702375d030007103b0702895d030007104e0702b2
5d03000710780702045e03000710500902565e03000710760902595e0300
0710b209025b5e03000710e50902ad5e03000710380a02bc5e0300071060
0a020e5f03000710730a02375f030007102e0b01faec07000710320b0164
ed07000710360b014aed070007103a0b0116ed070007103e0b0103ee0700
0710420b0131ee07000710460b0155ee070007104a0b011bf4070007104e
0b01b9ee07000710520b01ebee07000710560b011def070007105a0b0125
ef070007105e0b0158ef07000710620b018eef07000710660b0152f40700
07106a0b01d8ef070007106e0b010ef007000710720b013ef00700071076
0b015df0070007107a0b017df0070007107e0b010cf107000710820b0132
f107000710860b01e1f1070007108a0b019af2070007108e0b01ccf20700
0710920b01eef207000710960b011ef3070007109a0b015af3070007109e
0b017cf307000710a20b01b1f307000710a60b011bf407000710aa0b011b
f407000710ae0b011bf407000710060202895f030007100d02029c5f0300
07102002029d5f03000710270202a85f03000710340202a95f030007103b
0202b35f030007104e04012eeb070007104c050270460500071061050264
460500071094050224ed090007109d050224ed09000710a8050218ed0900
0710b20502f57008000710bc050218ed09000710cc050218ed09000710dc
050218ed09000710ed050218ed09000710640602c44605000710f10602b4
5f03000710c60702d05f030007105c0802db5f030007109e0902d0460500
0710b30902c44605000710e6090234ed09000710ef090234ed09000710fa
090228ed09000710040a021c71080007100e0a0228ed090007101e0a0228
ed090007102e0a0228ed090007103f0a0228ed09000710c90a0224470500
0710130b02e15f03000710460c02f55f03000710850c02406003000710b7
0c025d6003000710dd0c027260030007107d0e02304705000710920e0224
4705000710c50e0244ed09000710ce0e0244ed09000710d90e0238ed0900
0710e30e023b7108000710ed0e0238ed09000710fd0e0238ed090007100d
0f0238ed090007101e0f0238ed09000710950f02844705000710db0f023e
6103000710870002536103000710b20002626103000710d5000271610300
0710ff00028961030007103d01029c6103000710920102df6103000710ad
0102ed61030007101702022662030007109e0202426203000710e6020259
6203000710400302a462030007106e0302dd6203000710ca03020d630300
07106604023d6303000710ae04026f6303000710de0802a363030007100b
0902c06303000710820902e26303000710aa0a02176403000710770b024c
64030007107e0b02636403000710900c02904705000710a50c0284470500
0710d80c0254ed09000710e10c0254ed09000710ec0c0248ed09000710f6
0c02607108000710000d0248ed09000710100d0248ed09000710200d0248
ed09000710310d0248ed09000710a80d02f44705000710ce0d0288640300
07105c0e02004805000710710e02f44705000710a40e0264ed09000710ad
0e0264ed09000710b80e0258ed09000710c20e02867108000710cc0e0258
ed09000710dc0e0258ed09000710ec0e0258ed09000710fd0e0258ed0900
0710740f02544805000710ab0f029964030007104809022c66030007104f
09023266030007108c0902396603000710aa09025e6603000710bb090264
6603000710c20902686603000710c909026e6603000710610a0276660300
07109d0a029b6603000710bc0a029e6603000710db0a02a1660300071017
0b02c66603000710360b02c96603000710550b02cc6603000710910b02f1
6603000710b00b02f46603000710cf0b02f766030007100b0c021c670300
07102a0c021f67030007104b0c022267030007105a0c024b670300071069
0c02756703000710780c029f6703000710990c02c96703000710c80c02d5
6703000710ea0c02026803000710080d022768030007103d0d024c680300
07105c0d024f6803000710710d025268030007108f0d02546803000710c4
0d02796803000710e30d027c6803000710f80d027f6803000710160e0281
68030007104b0e02a668030007106a0e02a968030007107f0e02ac680300
07109d0e02ae6803000710d20e02d36803000710f10e02d6680300071006
0f02d968030007107f0f02dc6803000710670002bc64030007106e0002c5
6403000710e30002cd6403000710ea0002d664030007101f010260480500
071034010254480500071067010274ed0900071070010274ed090007107b
010268ed09000710850102ab71080007108f010268ed090007109f010268
ed09000710af010268ed09000710c0010268ed090007103c0202b4480500
0710920202de6403000710300302fd640300071037030206650300071055
03020e65030007105c03021565030007107503021d65030007107c030225
65030007109c03022e6503000710c30302366503000710d703023d650300
07100904024565030007101504024d65030007102104025665030007103b
04025f65030007106904026d65030007107e04027b650300071099040289
6503000710be0402966503000710ca0402a36503000710dc0402b0650300
0710170502b865030007103a0502bf65030007105c0502c7650300071083
0502d065030007108f0502d865030007104f0602c04805000710640602b4
480500071097060284ed09000710a0060284ed09000710ab060278ed0900
0710b50602cc7108000710bf060278ed09000710cf060278ed09000710df
060278ed09000710f0060278ed090007107a0702144905000710530802e1
6503000710730802f06503000710f208021a66030007101609021d660300
07102909022966030007102d0f02476d03000710470f02676d030007107b
0f02696d03000710950f028c6d03000710b30f02b26d03000710c70f02f8
6d03000710e50f02196e03000710fb0f021c6e0300071000000202660300
07101100020e6603000710e80101c02208000710ec0101cb2208000710f0
0101d62208000710f40101e12208000710f80101ec2208000710fc0101f7
22080007100002010223080007100402010d230800071008020118230800
07100c02012323080007101002012e230800071014020139230800071018
0201c022080007101c02014423080007102002014c230800071024020154
23080007102802015c23080007102c02016423080007103002016c230800
07103402017423080007103802017c23080007103c020184230800071040
02018c2308000710440201982308000710480201a02308000710da0301e8
2108000710eb0302e768030007100105027669030007100d0802a1690300
0710880802e869030007100c0902306a03000710f90a02776a030007107e
0c02c76a03000710980c02f16a03000710b50c021c6b03000710d20c0246
6b03000710e10c02716b030007104e0d02956b030007106c0d02b56b0300
07107f0d02026d030007109c0d02226d03000710b80d02b86b03000710d2
0d02d86b03000710fd0d02da6b030007101a0e02ff6b03000710370e0224
6c03000710540e024d6c03000710710e02806c030007108e0e02ab6c0300
0710af0e02d76c03000710c30e02246d03000710e10e02446d03000710f4
0e02d66d03000710110f02f66d03000710e90902c07203000710030a02e0
7203000710370a02e272030007104f0a020573030007106b0a022b730300
07107f0a027173030007109b0a02927303000710bc0a02d77303000710cb
0a02d97303000710e70a02f97303000710fc0a02957303000710160b02b5
7303000710470b02b773030007106b0b02fb7303000710870b021b740300
07109a0b02e57403000710b60b02057503000710cf0b021e7403000710e9
0b023e7403000710300c024074030007104c0c026774030007106d0c02a4
7403000710810c020775030007109d0c02277503000710b00c0276750300
0710cc0c02957503000710e10c022a7503000710fb0c024a750300071048
0d024c7503000710190e022049050007102e0e02144905000710610e0294
ed090007106a0e0294ed09000710750e0288ed090007107f0e02ed710800
0710890e0288ed09000710990e0288ed09000710a90e0288ed09000710ba
0e0288ed09000710440f027449050007101500023c6e030007104500023e
6e030007106300025e6e03000710720002606e030007108f0002806e0300
0710ab0002826e03000710c90002a36e03000710df0002a66e03000710f9
0002c66e03000710850102c86e03000710a30102e86e03000710c60101fe
3108000710ca01010e3208000710ce0101153208000710d201011c320800
0710d60101233208000710da01012a3208000710de0101313208000710e2
0101383208000710fa0101c63108000710ff0102ea6e030007100f0202f7
6e03000710160202fb6e030007101d0202056f03000710240202136f0300
07102b0202226f03000710320202316f030007103902023a6f0300071040
0202496f030007107b06025f6f030007101e0702ec6f0300071033070248
7003000710800702a470030007108f0702a77003000710ab0702c7700300
0710be0702ca7003000710d80702ea7003000710e70702ec700300071006
08020c71030007101b08020e71030007103708022e71030007104a08027b
72030007106608029b72030007107f080231710300071099080251710300
0710c50802537103000710e10802787103000710fd08029d710300071019
0902c67103000710350902f9710300071051090224720300071071090250
72030007108509029d7203000710a10902bd7203000710b409024f730300
0710d009026f73030007104d0e02e44a050007109d0e02284b05000710bc
0e02344b05000710c90e02404b05000710fb0e02344b05000710080f0240
4b050007104c0f02784b050007106b0f02844b05000710780f02904b0500
0710aa0f02844b05000710b70f02904b05000710fc0f02d44b050007103e
0002977503000710b10002804905000710c60002744905000710f90002a4
ed09000710020102a4ed090007100d010298ed0900071017010210720800
071021010298ed0900071031010298ed0900071041010298ed0900071052
010298ed09000710c90102d44905000710f10102b975030007106f0202d1
7503000710b30202e67503000710c002020f76030007109903023e760300
07102504025e76030007102a0402977603000710ba0402ac7603000710bf
0402df7603000710e90402e57603000710ee0402137703000710fd040228
77030007100205025b770300071051050261770300071056050299770300
07106b0502ae7703000710700502e077030007108e0502e6770300071093
0502137803000710a20502287803000710a705025a7803000710da050260
78030007107a0702687803000710e80802837803000710e00a0287780300
0710f80a029c78030007103c0b02b37803000710f10b02b6780300071018
0c02e049050007102d0c02d44905000710600c02204a050007108d0c022c
4a050007109a0c02384a05000710cc0c022c4a05000710d90c02384a0500
0710290d027c4a05000710480d02884a05000710550d02944a0500071087
0d02884a05000710940d02944a05000710d40d02cc4a05000710010e02d8
4a050007100e0e02e44a05000710400e02d84a05000710d50002a6ed0900
0710e20002a6ed09000710900102c87803000710fa0102f04b050007100d
0202d44b05000710640202344c05000710820202b8ed090007108b0202b8
ed09000710910202aced090007109b0202bd7208000710a50202aced0900
0710fc0302de78030007107609020279030007107d09021d79030007102a
0c02804c050007103f0c02344c05000710640c02444c05000710760c0244
4c05000710d20c02644c05000710900e02a04c05000710a60e02644c0500
0710e30e02104d05000710f90e02044d05000710330f0240f0090007103c
0f0240f009000710420f02bced090007104c0f02bced0900071039000250
f00900071042000250f0090007104d000244f00900071057000296730800
071061000244f00900071071000244f00900071081000244f00900071092
000244f009000710090102544d050007102c0102347903000710c00602f0
4d05000710d50602544d05000710070702644d05000710190702644d0500
0710750702844d05000710330902b04d05000710490902844d0500071084
0902a44d05000710020a02d04d05000710170a02a44d050007103d0a0260
f009000710460a0260f009000710510a0254f0090007105b0a0222740800
0710650a0254f009000710750a0254f009000710850a0254f00900071096
0a0254f0090007100d0b02844e050007102d0b024b7903000710cd0c0290
4e05000710e20c02844e05000710150d0270f0090007101e0d0270f00900
0710290d0264f009000710330d024274080007103d0d0264f0090007104d
0d0264f0090007105d0d0264f0090007106e0d0264f009000710e50d02e4
4e05000710040e02637903000710b90f02f04e05000710ce0f02e44e0500
0710400c01378808000710440c010d8908000710480c017986080007104c
0c01a18708000710500c01548808000710540c01718808000710580c01be
87080007105c0c01fd8708000710600c01e08708000710640c011a880800
0710680c018e88080007106c0c01a58808000710700c01bf880800071074
0c01d98808000710780c01f388080007107c0c01128708000710d20c0214
7a030007106b0d02207a030007108a0d022e7a03000710d90d023f7a0300
0710870e025d7a03000710d30e02197e030007103e0f02677a0300071045
0f02737a030007105e0f02827a03000710690f02917a03000710700f029d
7a03000710880f02ad7a030007108f0f02b67a03000710a40f02bf7a0300
0710ab0f02d97a0300071001000280f0090007100a000280f00900071015
000274f0090007101f000252740800071029000274f00900071039000274
f00900071049000274f0090007105a000274f009000710d10002444f0500
0710720102787903000710aa01028c7903000710e4010298790300071060
0202a47903000710a10202b07903000710df0202bc7903000710af0302c8
7903000710c10302cf7903000710f00302d67903000710020402de790300
0710f40402e57903000710e70502f179030007104c0602fd790300071060
0602047a03000710940602087a03000710a80602107a03000710fe090250
4f05000710130a02444f05000710d60a0290f009000710df0a0290f00900
0710ea0a0284f009000710f40a02717408000710fe0a0284f0090007100e
0b0284f0090007101e0b0284f0090007102f0b0284f009000710b90b02a4
4f05000710be0b01e88308000710c20b01f28308000710c60b01fc830800
0710ca0b01068408000710ce0b01108408000710d20b011a8408000710d6
0b01248408000710da0b012e8408000710de0b01388408000710f00b019f
8408000710f40b017c8108000710f80b01017f08000710fc0b01c87f0800
0710000c01cb8008000710040c01448108000710080c01f981080007100c
0c018c8308000710340c019f8408000710380c014189080007103c0c015b
8908000710f40702e97f030007101108020480030007102e080226800300
07104b08024080030007106808025a80030007108508027180030007109c
0802888003000710b60802a48003000710d00802bf8003000710ea0802d8
8003000710040902f580030007102c09021381030007105209021e810300
0710690902308103000710860901107c08000710900901347c080007104c
0a02448103000710590a02968103000710610d02b04f05000710760d02a4
4f05000710a90d02a0f009000710b20d02a0f009000710bd0d0294f00900
0710c70d02957408000710d10d0294f009000710e10d0294f009000710f1
0d0294f009000710020e0294f0090007109e0e020450050007100e0f02ad
8103000710920f02c58103000710e90f02c88103000710020002f37a0300
0710180002ff7a030007102d0002097b030007104d0002127b0300071062
0002357b03000710770002567b03000710c20002767b03000710050102db
7b030007101b0102eb7b03000710340102f47b03000710960102fe7b0300
0710f30102097c03000710160202167c03000710430202517c0300071090
0202537c03000710ac0202727c03000710b902027c7c03000710cd020284
7c03000710d402028c7c03000710e10202a47c03000710ee0202a97c0300
0710130302bc7c030007102e0302db7c030007103b0302e57c030007104e
0302ed7c03000710550302f57c030007106203020d7d030007106f030212
7d03000710cb0302257d03000710e903025d7d03000710f30302647d0300
0710fd0302797d030007100704028e7d03000710110402a37d030007101b
0402b87d03000710250402cd7d030007102f0402e27d03000710390402f7
7d030007104304020e7e030007106004024e7d030007108004024f7d0300
07109b0401be7b08000710af0401e27b08000710b90401f07b0800071008
0502547e03000710500502777e03000710e50502a87e03000710020602bf
7e03000710260602e07e030007104a0602f77e030007107006023a7f0300
0710ac06025e7f03000710d20602787f03000710170702927f03000710b5
0702b37f03000710d70702d07f030007101b0002e08103000710eb000211
82030007105003021b82030007105704023682030007100f050252820300
07101605025a82030007104d05026182030007105405026a820300071099
0502728203000710d105029a8203000710ed0502cd8203000710f20502f3
82030007102506020a83030007102a06023483030007103f06023d830300
07105e06026f83030007106306029483030007106f0602ab830300071074
0602d48303000710e00602dd8303000710e70602e683030007104e0702ee
8303000710940802f88303000710400902138403000710150a022f840300
0710770c02338403000710ce0c024984030007102d0d024c84030007109b
0d02105005000710b00d02045005000710e30d02b0f009000710ec0d02b0
f009000710f70d02a4f009000710010e02ba74080007100b0e02a4f00900
07101b0e02a4f0090007102b0e02a4f0090007103c0e02a4f009000710b3
0e02645005000710f60e025e8403000710db0002768403000710f8000281
8403000710550102828403000710a601029c8403000710c00102a1840300
07101902028c84030007105a02029684030007108902027050050007109e
0202645005000710d10202c0f009000710da0202c0f009000710e50202b4
f009000710ef0202da7408000710f90202b4f009000710090302b4f00900
0710190302b4f0090007102a0302b4f009000710a10302c45005000710f8
0302a484030007100c0402f68403000710c505020c850300071041060214
85030007109406021c85030007103b0a02d05005000710500a02c4500500
0710d00a02d0f009000710d90a02d0f009000710e40a02c4f009000710ee
0a02fc7408000710f80a02c4f009000710080b02c4f009000710180b02c4
f009000710290b02c4f009000710b30b02445105000710e20b022a850300
0710870c02438503000710dd0d02538503000710a20e024b8503000710f6
0f028f85030007100a0002e08503000710a30002f58503000710ce000204
8603000710fa0002138603000710e001022f86030007101b02020c750800
07105d02025386030007100404020c7508000710af0602a98603000710c1
0602b186030007107a0702618603000710dd0702938603000710ef07029a
86030007101208029e8603000710240802a58603000710f90802b5860300
0710100d02d18603000710740e02df8603000710fe0f02118703000710fe
ff02118703000710210002408703000710940002918703000710c90002cc
8703000710df0002108803000710d50502348803000710f8050263880300
0710680602b488030007109d0602ef8803000710b30602338903000710c8
0802578903000710470a02898903000710740a02a68903000710eb0a02c8
8903000710130c02fd8903000710e30c02328a03000710ea0c02498a0300
07102d0d02505105000710420d02445105000710be0d02a45105000710cf
0d02a45105000710560f02d051050007109b0f0280440a000710a40f0280
440a000710aa0f02d4f009000710b40f02d4f009000710de0f026e8a0300
0710080f02b052050007101d0f02a45205000710500f02b0440a00071059
0f02b0440a000710640f02a4440a0007106e0f02e37508000710780f02a4
440a000710880f02a4440a000710980f02a4440a000710a90f02a4440a00
0710590002b4460a0007109b0002f05105000710cf0002145205000710ed
00021452050007109f010290440a000710a8010290440a000710b3010284
440a000710bd01029e7508000710c7010284440a000710d7010284440a00
0710e7010284440a000710f8010284440a000710870202445205000710ca
0202918a03000710090302a88a03000710150402c88a03000710410402d3
8a03000710620402dc8a03000710930402e28a03000710b10402e58a0300
0710c30402f08a03000710f60402f78a03000710300502fa8a030007104f
0502058b030007108b0502108b03000710be0502138b03000710f1060216
8b03000710680702178b03000710950702188b03000710c30702228b0300
0710a90802f18a03000710f70802258b03000710140902308b0300071033
0902398b030007105209023f8b03000710730902428b03000710a6090253
8b03000710260a02568b030007109a0a02578b03000710c70a02588b0300
0710f50a02628b03000710ce0b024d8b030007105d0c02658b0300071064
0c026d8b03000710fb0c02505205000710100d02445205000710430d02a0
440a0007104c0d02a0440a000710570d0294440a000710610d02c0750800
07106b0d0294440a0007107b0d0294440a0007108b0d0294440a0007109c
0d0294440a000710130e02a45205000710340e02748b03000710370c02fb
8d030007103e0c02038e03000710810c020c8e03000710880c02158e0300
0710f80c021d8e03000710ff0c02258e030007102f0d022e8e0300071036
0d02368e03000710a50d023f8e03000710ac0d02478e03000710dc0d0250
8e03000710e30d02598e03000710130e02618e030007101a0e02698e0300
0710cc0e02728e03000710d30e027a8e03000710fe0e02838e0300071005
0f028b8e03000710270f02948e03000710380f02958e03000710430f029f
8e030007105f0f02a78e03000710660f02af8e03000710710f02c78e0300
07107c0f02cc8e03000710a803022a8c03000710b403029c8b03000710bb
0302a58b03000710c20302ad8b03000710c90302b58b03000710d00302bd
8b03000710d70302c28b03000710de0302c88b03000710e50302d08b0300
0710ec0302de8b03000710f30302e78b030007108a0402ef8b03000710d8
0402558c03000710df04025d8c03000710e50402668c03000710ea04027c
8c030007104f0502828c030007105605028a8c030007105c0502938c0300
0710610502b48c030007107f0502ba8c03000710860502c28c030007108c
0502cb8c03000710910502e88c03000710820602ee8c03000710890602f6
8c03000710db0602ff8c03000710e20602078d03000710120702108d0300
0710190702188d03000710f30702218d03000710fa0702258d0300071001
08022b8d03000710310802348d030007103808023c8d0300071068080245
8d030007106f08024e8d030007108c0902568d030007109309025f8d0300
0710c30902678d03000710ca09026f8d03000710df0902788d0300071063
0a02878d030007106a0a028f8d030007109a0a02988d03000710a10a02a0
8d03000710d10a02a98d03000710d80a02b28d03000710080b02b78d0300
07100f0b02bf8d030007103f0b02c88d03000710460b02d08d03000710a7
0b02d98d03000710ae0b02e18d03000710de0b02ea8d03000710e50b02f2
8d030007108401015aeb0800071088010113ed08000710f401018dfe0800
0710f80101a1f508000710fc0101d3f508000710000201e8f20800071004
020105f30800071008020129f3080007100c02014df30800071010020171
f30800071014020195f308000710180201b9f3080007101c0201ddf30800
0710200201cbf20800071024020101f40800071028020166f2080007102c
020179f40800071030020134f408000710340201cef408000710380201f3
f4080007103c020118f5080007104002014bf50800071044020163f90800
071048020196f9080007104c020130f90800071050020117f60800071054
02018ef7080007105802012af7080007105c0201adf608000710600201e0
f7080007106402012df8080007106802015cf7080007106c0201eef90800
071070020113fa08000710740201c9f9080007107802016dfa080007107c
02016ff508000710800201e5f50800071084020149f6080007108802017b
f6080007108c0201a0fa0800071090020189fb080007109402013ffb0800
071098020164fb080007109c020138fa08000710a00201d6f108000710a4
020108f208000710a8020137f208000710ac02018ffc08000710b00201c1
fc08000710b4020145fd08000710b802019cf808000710bc020113fd0800
0710c00201ebf608000710c40201f2f8080007100403028c8b0300071033
0002045305000710a8000187f108000710ac0001a7e908000710b00001de
e908000710b40001f1e508000710b8000117e608000710bc00013de60800
0710c000012de708000710c4000156e708000710c800017fe708000710cc
0001a8e708000710d00001d1e708000710d40001cbe508000710d8000115
e808000710dc00019ae508000710e0000183e808000710e400014ce80800
0710e80001cce808000710ec0001f5e808000710f000011ee908000710f4
000147e908000710f80001f3e908000710fc0001c0ed08000710000101f7
ed0800071004010189ed080007100801017eea080007100c0101f9eb0800
07101001018beb0800071014010123eb0800071018010152ec080007101c
01019cec08000710200101c2eb080007102401014aed0800071028010157
ee080007102c010180ee080007103001012eee08000710340101e2ee0800
071038010170e9080007103c010147ea08000710400101b5ea0800071044
0101ecea0800071048010119ef080007104c010102f0080007105001012b
f00800071054010198ef08000710580101c1ef080007105c0101a9ee0800
0710600101bce40800071064010137e50800071068010167e5080007106c
010166e6080007107001019de60800071074010154f008000710780101bd
f0080007107c0101dcec08000710800101f6e608000710f40a02e4960300
0710ff0a02ee9603000710130b02f696030007101a0b02fe960300071025
0b02169703000710300b021b9703000710360b022e97030007105b0b0254
9703000710800b02789703000710cc0b02969703000710f40b02c5970300
0710560c021798030007106d0c02399803000710ab0c02739803000710b2
0c027a9803000710b80c02829803000710fd0c029a9803000710040d02a1
98030007100a0d02a998030007102f0d02b29803000710360d02b9980300
07103c0d02c19803000710970d02d29803000710c60d02e29803000710dc
0d02049903000710280e022799030007107d0e026d9903000710840e02b0
9903000710a50e018ce108000710af0e01f4e1080007109b0f02cc990300
0710a80f021e9a030007100e0602c99203000710330602e792030007103a
0602ee9203000710400602f692030007106506022393030007106c06022b
93030007107206023093030007109706024893030007109e06024f930300
0710a40602579303000710c90602759303000710d006027c9303000710d6
0602849303000710140702a893030007101b0702b09303000710210702b9
9303000710460702c393030007104d0702ca9303000710530702d2930300
0710780702f193030007107f0702f89303000710850702009403000710ca
07021f9403000710d10702269403000710d707022e94030007100d080255
94030007102708027894030007104c08029a9403000710710802d1940300
0710930802079503000710ce0802219503000710d50802289503000710db
08023095030007101a090251950300071021090258950300071027090260
95030007104d09027b95030007105409028395030007105a09028c950300
0710800902b19503000710870902ba95030007108d0902c29503000710b3
0902dd9503000710ba0902e59503000710c00902ee9503000710e5090208
96030007100a0a022d96030007102f0a024e9603000710570a0270960300
07105e0a02789603000710640a028196030007108a0a028b960300071091
0a02939603000710970a029c9603000710b00a02bf9603000710e30a02e3
9603000710600002df8e03000710770002fc8e03000710a600021d8f0300
0710dc00028a8f03000710e600029d8f03000710ec0002ae8f0300071064
0102398f030007106e0102518f03000710740102628f030007107e0102d6
8f03000710c8010138e008000710d20101a8e008000710f20102f28f0300
0710f90102fa8f03000710ff01020390030007102402021790030007102b
02021f90030007103102022890030007105302024f90030007105a020257
9003000710600202609003000710810202819003000710e202029d900300
0710ff0202c99003000710200302de9003000710440302f7900300071068
03020891030007108c0302279103000710b00302439103000710d403025d
9103000710f803027291030007101e04028691030007102504028d910300
07102b0402959103000710510402a39103000710580402ab91030007105e
0402b29103000710ab0402c89103000710b80402d19103000710bf0402d9
9103000710c50402e29103000710ea0402ee91030007100f050204920300
07103505022692030007103c05022d920300071042050235920300071066
05024d92030007108b05027392030007109205027b920300071098050282
9203000710bd0502919203000710c40502989203000710ca0502a0920300
0710d40502ab9203000710010602ba9203000710080602c19203000710fd
0002105305000710120102045305000710450102c0440a0007104e0102c0
440a000710590102b4440a0007106301020876080007106d0102b4440a00
07107d0102b4440a0007108d0102b4440a0007109e0102b4440a0007101c
02026453050007105c0202359a03000710b20202449a0300071024030255
9a03000710af0402589a03000710c104025d9a03000710080502629a0300
0710510502669a030007108906026e9a03000710960602c09a0300071059
0802dc9a03000710670802ee9a03000710ac0802099b03000710d3080224
9b03000710df0a015c0b09000710e30a01260b09000710e70a012f0b0900
0710eb0a01380b09000710ef0a01410b09000710f30a014a0b09000710f7
0a01530b09000710220b01df0a09000710290b023c9b03000710320b0241
9b030007103b0b02469b03000710440b024b9b030007104d0b02509b0300
0710560b02559b03000710940b02587608000710cf0b02187608000710f6
0b02587608000710870c025a9b030007100e0d02705305000710200d0264
53050007107f0e02d0440a000710880e02d0440a000710930e02c4440a00
07109d0e02747608000710a70e02c4440a000710b70e02c4440a000710c7
0e02c4440a000710d80e02c4440a0007104f0f02c45305000710e508026f
9d03000710fe0802759d030007101509027a9d030007102c09027f9d0300
0710430902859d030007104a09028c9d03000710de0902949d030007102b
0a02a79d030007105f0a02c19d030007107d0a02d39d03000710f00a020f
9e03000710280b02289e03000710610b023a9e03000710080c02429e0300
07100f0c024a9e03000710210c02519e03000710280c02599e030007103a
0c02609e03000710410c02689e03000710530c026f9e030007105a0c0277
9e030007106c0c027e9e03000710730c02869e03000710900c028d9e0300
0710970c02959e03000710a90c029c9e03000710b00c02a49e03000710c2
0c02ab9e03000710c90c02b39e03000710db0c02ba9e03000710e20c02c2
9e03000710f40c02c99e03000710fb0c02d19e030007100d0d02d89e0300
0710140d02e09e03000710330d02e79e030007106b0d02079f030007108f
0d021a9f03000710b40d022a9f03000710d80d02449f03000710490e0254
9f030007109e0e025c9f030007102c0f026f9f03000710330f02789f0300
0710450f02809f030007104c0f02899f030007105e0f02919f0300071065
0f02999f03000710770f02a29f030007107e0f02aa9f03000710990f02b3
9f03000710a00f02b79f03000710a70f02bd9f03000710f20f02c69f0300
0710f90f02cf9f03000710000002d05305000710150002c4530500071048
0002ec440a000710510002ec440a0007105c0002e0440a000710660002a0
7608000710700002e0440a000710800002e0440a000710900002e0440a00
0710a10002e0440a0007101d01022454050007108501025c9b03000710bc
0102ae9b030007100c0202c79b03000710750202da9b03000710850202e3
9b030007108f0202e59b030007103f0302e79b03000710b70302fa9b0300
0710b90401a72009000710bd0401832009000710c10401992009000710c5
0401a02009000710c904013f4409000710cd04011b4409000710d1040131
4409000710d50401384409000710d904015d4909000710dd040139490900
0710e104014f4909000710e50401564909000710090502b076080007101e
0502c876080007108f06020d9c03000710bc0602119c0300071002070248
9c030007101307024d9c03000710220702669c030007103307026b9c0300
0710420702849c03000710530702899c03000710620702a29c0300071073
0702a79c03000710820702c09c03000710930702c59c03000710a20702de
9c03000710b30702e39c03000710bf0702fc9c03000710d00702019d0300
0710dc07021a9d03000710ed07021f9d03000710f90702389d030007100a
08023d9d030007104a08022b9c030007106208022f9c0300071084080256
9d03000710310e02f0a5030007105f0e0205a6030007108d0e021aa60300
0710d60e022fa603000710000f024da6030007101b0f0270a60300071022
0f0274a6030007103c0f0277a603000710570f029aa6030007105e0f029e
a603000710780f02a1a603000710930f02c4a6030007109a0f02c8a60300
0710b40f02cba603000710cf0f02eea603000710d60f02f2a603000710f0
0f02f5a603000710000502c0a103000710290502c7a1030007103d0502d0
a103000710660502d7a1030007107a0502e0a103000710a30502e7a10300
0710b70502f0a103000710e00502f7a103000710f4050200a2030007101d
060207a2030007103106021ea2030007105a060233a2030007106e060245
a20300071097060255a203000710ab06027aa203000710d40602a1a20300
0710e80602c3a203000710050702e7a203000710220702eca2030007104b
0702f0a2030007105f0702f7a2030007107c0702fca203000710eb070201
a3030007101208021ba30300071039080246a30300071060080271a30300
07108708028fa303000710ae0802a8a303000710bf0802ada30300071052
0902bea3030007107c0902cba303000710aa0902e7a303000710d8090203
a403000710060a021fa403000710340a023ba403000710620a0257a40300
0710900a0273a403000710b20a028fa403000710cb0a0298a403000710f9
0a02b4a403000710330b02d0a403000710940b02d9a403000710ca0b02f5
a4030007102b0c02fea403000710550c021aa503000710790c023ca50300
0710920c023fa503000710c50c0261a503000710de0c0264a503000710f7
0c0267a5030007101b0d0289a5030007104f0d028ca503000710790d029c
a503000710a70d02b1a503000710d50d02c6a503000710030e02dba50300
07100b0002d79f03000710120002df9f03000710240002e89f030007102b
0002f09f030007103d0002f99f0300071044000201a0030007107f0001b9
14090007108400020aa0030007109a000212a003000710a1000218a00300
0710a800021da003000710cf00022ba003000710d6000234a003000710ff
000239a0030007100601023da00300071022010240a00300071029010244
a00300071045010247a0030007104c01024ba0030007105e01024ea00300
071065010252a00300071078010255a003000710ae010279a003000710be
010283a003000710d7010298a003000710de0102a0a003000710ee0102b8
a003000710f50102bda003000710240202d0a00300071052020210a10300
07106d020234a10300071074020238a103000710a402023ba103000710ab
02023fa103000710ca020242a103000710d1020246a103000710f0020249
a103000710f702024da10300071020030250a10300071027030254a10300
071046030257a1030007104d03025ba1030007106003025ea10300071082
03026fa103000710ad0302f0440a000710bc0302b8450a000710cf030277
a103000710f803027da1030007100c040285a1030007103504028ba10300
071049040293a10300071072040299a103000710860402a2a103000710af
0402a9a103000710c30402b1a103000710ec0402b7a103000710e60d027c
b003000710000e027fb0030007102e0e02aab003000710490e02d5b00300
0710500e02d9b0030007107b0e02dcb003000710a50e02ecb003000710d3
0e020bb1030007101c0f022ab103000710460f023fb103000710610f0258
b103000710680f025cb103000710820f025fb1030007109d0f0278b10300
0710a40f027cb103000710d90f027fb103000710520902eeac0300071059
0902f2ac03000710730902f5ac030007108e09020dad0300071095090211
ad03000710ca090214ad03000710f409022dad030007100f0a0258ad0300
0710160a025cad03000710300a025fad030007104b0a028aad0300071052
0a028ead030007106c0a0291ad03000710870a02bcad030007108e0a02c0
ad03000710a80a02c3ad03000710c30a02eead03000710ca0a02f2ad0300
0710e40a02f5ad03000710ff0a0220ae03000710060b0224ae0300071020
0b0227ae030007103b0b0252ae03000710420b0256ae030007105c0b0259
ae03000710770b0284ae030007107e0b0288ae03000710980b028bae0300
0710b30b02b6ae03000710ba0b02baae03000710d40b02bdae03000710ef
0b02e8ae03000710f60b02ecae03000710100c02efae030007102b0c021a
af03000710320c021eaf030007104c0c0221af03000710670c024caf0300
07106e0c0250af03000710880c0253af03000710a30c027eaf03000710aa
0c0282af03000710c40c0285af03000710df0c02b0af03000710e60c02b4
af03000710000d02b7af030007101b0d02e2af03000710220d02e6af0300
07103c0d02e9af03000710570d0214b0030007105e0d0218b00300071088
0d021bb003000710a30d0246b003000710aa0d024ab003000710c40d024d
b003000710df0d0278b00300071064040219aa030007107f04023caa0300
071086040240aa03000710a0040243aa03000710bb040266aa03000710c2
04026aaa03000710ec04026daa0300071007050298aa030007100e05029c
aa030007102805029faa03000710430502caaa030007104a0502ceaa0300
0710640502d1aa030007107f0502fcaa0300071086050200ab03000710cf
050203ab03000710ec050226ab030007100906022cab0300071022060232
ab030007103d060255ab0300071044060259ab030007105e06025cab0300
071079060280ab0300071080060284ab03000710b5060287ab03000710df
0602a0ab03000710fa0602b8ab03000710010702bcab030007101b0702bf
ab03000710360702d7ab030007103d0702dbab03000710570702deab0300
0710720702f6ab03000710790702faab03000710930702fdab03000710ae
070215ac03000710b5070219ac03000710cf07021cac03000710ea070234
ac03000710f1070238ac030007100b08023bac0300071026080253ac0300
07102d080257ac030007104708025aac0300071062080272ac0300071069
080276ac0300071083080279ac030007109e080291ac03000710a5080295
ac03000710bf080298ac03000710da0802b0ac03000710e10802b4ac0300
0710fb0802b7ac03000710160902cfac030007101d0902d3ac0300071037
0902d6ac030007100b000218a7030007101200021ca7030007102c00021f
a70300071047000242a7030007104e000246a70300071068000249a70300
07108300026ca7030007108a000270a703000710a4000273a703000710bf
000296a703000710c600029aa703000710e000029da703000710fb0002c0
a703000710020102c4a7030007101c0102c7a703000710370102eaa70300
07103e0102eea703000710580102f1a70300071073010214a8030007107a
010218a8030007109401021ba803000710af01023ea803000710b6010242
a803000710d0010245a803000710eb010268a803000710f201026ca80300
07100c02026fa80300071027020292a8030007102e020296a80300071048
020299a803000710630202bca8030007106a0202c0a803000710840202c3
a8030007109f0202e6a803000710a60202eaa803000710c00202eda80300
0710db020210a903000710e2020214a903000710fc020217a90300071017
03023aa9030007101e03023ea90300071038030241a90300071053030264
a9030007105a030268a9030007107403026ba9030007108f03028ea90300
071096030292a903000710b0030295a903000710cb0302bea903000710d2
0302c2a903000710ec0302c5a903000710070402e8a9030007100e0402ec
a903000710280402efa90300071043040212aa030007104a040216aa0300
0710160f02e0bc03000710310f0204bd03000710380f0208bd0300071070
0f020bbd030007108e0f020fbd03000710a20f0213bd03000710ec0f0230
54050007105e090226b80300071065090234b8030007108f090258b80300
0710aa09027cb803000710b1090280b803000710cb090283b803000710e6
0902a7b803000710ed0902abb803000710070a02aeb803000710350a02d2
b803000710500a02f6b803000710570a02fab803000710710a02fdb80300
07108c0a0221b903000710930a0225b903000710ad0a0228b903000710c8
0a024cb903000710cf0a0250b903000710100b0253b903000710260b0259
b9030007102d0b025fb903000710340b026cb903000710410b0278b90300
07106b0b029cb903000710860b02c0b9030007108d0b02c4b903000710cc
0b02c7b903000710e20b02cab903000710e90b02cdb903000710f00b02d9
b9030007101a0c02fdb903000710350c0221ba03000710480c0246ba0300
07105f0c026cba03000710940c0290ba03000710c90c02abba03000710fe
0c02d2ba03000710330d0225bb03000710680d0281bb03000710990d02ae
bb03000710b20d02e5bb03000710e00d0209bc03000710fb0d022dbc0300
0710020e0231bc03000710260e0234bc03000710410e0258bc0300071048
0e025cbc03000710620e025fbc030007107d0e0283bc03000710840e0287
bc030007109e0e028abc03000710b90e02aebc03000710c00e02b2bc0300
0710da0e02b5bc03000710f50e02d9bc03000710fc0e02ddbc03000710f9
040214b50300071014050238b5030007101b05023cb5030007103505023f
b50300071050050263b50300071057050267b5030007107105026ab50300
07108c05028eb50300071093050292b503000710ad050295b503000710c8
0502b9b503000710cf0502bdb503000710e90502c0b503000710170602e4
b50300071032060208b6030007103906020cb6030007105306020fb60300
07106e060233b60300071075060237b6030007108f06023ab603000710aa
06025eb603000710b1060262b603000710cb060265b603000710e6060289
b603000710ed06028db60300071007070290b603000710220702b4b60300
0710290702b8b603000710430702bbb6030007105e0702dfb60300071065
0702e3b6030007107f0702e6b6030007109a07020ab703000710a107020e
b703000710bb070211b703000710d6070235b703000710dd070239b70300
0710f707023cb70300071012080260b70300071019080264b70300071033
080267b7030007104e08028bb7030007105508028fb7030007106f080292
b7030007108a0802b6b703000710910802bab703000710ab0802bdb70300
0710c60802e1b703000710cd0802e5b703000710e70802e8b70300071002
09020cb80300071009090210b803000710350901d914090007103a090213
b8030007105009021bb80300071057090221b80300071003000291b10300
0710310002b5b1030007105f0002d9b103000710990002fdb103000710e6
000206b203000710fa00020bb2030007102401022fb20300071048010253
b2030007105701025cb20300071072010280b20300071082010289b20300
07108901028cb203000710a301028fb203000710be0102b3b203000710ce
0102bcb203000710d50102bfb203000710ef0102c4b2030007100a0202e8
b203000710110202f0b2030007102b0202f9b2030007104602021db30300
07104d020221b30300071067020224b30300071082020248b30300071092
02024fb30300071099020258b303000710b302025fb303000710ce020283
b303000710d5020287b303000710ef02028ab3030007100a0302aeb30300
07101a0302b2b303000710210302b8b3030007103b0302bdb30300071059
0302e1b3030007106c0302e7b303000710730302eeb3030007108d0302f6
b303000710a803021ab403000710af03021eb403000710c9030221b40300
0710e4030245b403000710eb030249b403000710170401c914090007101c
04024cb4030007103204025ab40300071039040268b4030007104004027c
b40300071047040281b403000710710402a5b4030007108c0402c9b40300
07109c0402d3b403000710a30402dcb403000710bd0402e9b403000710d8
04020db503000710df040211b503000710390702a0460a000710410702a0
460a000710510702a0460a0007106e0702545705000710740702a0460a00
0710820702a0460a000710900702a0460a000710af0702a0460a000710b7
0702a0460a000710c70702a0460a000710e10702845705000710b00902c8
3705000710c409028457050007100f0a02a45705000710ac0a02b0570500
0710c20a02a457050007101d0b02a8460a000710260b02a8460a0007102c
0b02a4460a000710360b022f7808000710400b02a4460a000710560b0214
5805000710950b02b0460a0007109e0b02b0460a000710a40b02ac460a00
0710ae0b023f7808000710b80b02ac460a0007102b0c02ac460a00071069
0c02ac460a0007108b0c02ac460a0007107b0d01e15a09000710a20d0220
5805000710b70d02145805000710e70d02645805000710d60f0290780800
07100100022454050007103700028054050007103e000290540500071045
0002a05405000710990002b45405000710a00002c45405000710a70002d4
5405000710b40002e45405000710120102005505000710330102b4540500
07103a0102c45405000710410102d454050007104e0102e45405000710e2
01025a7708000710eb01025a77080007101b0202a45505000710240201cb
50090007103502017352090007106302027054050007109e0202b0550500
0710b20202a45505000710d80202e45505000710050302f0550500071012
0302fc5505000710440302f05505000710510302fc55050007109a030254
5605000710ba030290460a000710c3030290460a000710c903028c460a00
0710d30302987708000710dd03028c460a0007101f040270560500071034
04025456050007105f0402b45605000710700402b4560500071090040298
460a00071099040298460a0007109f040294460a000710a90402c5770800
0710b3040294460a000710c90402f45605000710dc0402a0460a000710f5
0402a0460a000710930502105705000710a80502f45605000710d6050254
5705000710dc05029c460a000710ea05029c460a000710060602a0460a00
0710260602a0460a0007102f0602a0460a000710430602a0460a000710fe
0602a0460a0007100c0702a0460a0007101a0702a0460a000710290d0274
5c05000710e70e02905c05000710fd0e02745c05000710410f02f05c0500
0710710f01667009000710820f018e700900071060010237bd0300071040
020239bd030007107c020269bd030007108f020281bd03000710ad0202bb
bd03000710cd0202a1bd03000710ea020251bd03000710300402202b0500
0710450402645805000710760402945805000710a90402a05805000710be
0402945805000710df0402d45805000710f10402d458050007101c0502f4
58050007102d0502f4580500071049050220590500071066050234590500
0710760502445905000710bb0502345905000710cb050244590500071009
0602b05905000710340602c45905000710440602d45905000710890602c4
5905000710990602d45905000710e30602405a050007100e0702545a0500
07101e0702645a05000710630702545a05000710730702645a05000710c2
0702d05a05000710df0702e45a05000710ef0702f45a05000710340802e4
5a05000710440802f45a05000710870802605b05000710a40802745b0500
0710b40802845b05000710f90802745b05000710090902845b0500071055
0902e45b05000710d50902f05b05000710ea0902e45b05000710110a02bc
460a0007106d0a02bc460a000710970a02245c050007101b0b02b8460a00
0710360b02b8460a000710410b02b8460a000710580b02b8460a00071076
0b02b8460a0007107f0b02b8460a000710870c02245c05000710bb0c0254
5c05000710cd0c02545c05000710660702505f050007106d0702605f0500
0710bb0702745f05000710c20702945f05000710c90702a45f05000710d9
0702b45f0500071015080288490a00071030080288490a0007103b080288
490a00071052080288490a00071071080288490a00071079080288490a00
071087080288490a000710aa0b0284490a000710b30b0284490a000710b9
0b02d7bd03000710be0b0274490a000710c80b02917b08000710d20b0274
490a000710ee0b02e05f050007100f0c02745f05000710160c02945f0500
07101d0c02a45f050007102d0c02b45f05000710f10c029060050007101c
0d02a460050007102c0d02c46005000710430d0290490a0007106d0d028c
490a000710880d028c490a000710930d028c490a000710aa0d028c490a00
0710c90d028c490a000710d10d028c490a000710df0d028c490a0007100c
0e02ebbd03000710370e02a46005000710470e02c46005000710a30e0220
6105000710be0e02406105000710e60002245d05000710080102305d0500
07101b0102245d05000710690102d0460a000710720102d0460a00071078
0102c0460a000710820102d879080007108c0102c0460a000710ad010280
5d05000710c10102745d05000710d4010258490a000710dd010258490a00
0710e30102d4460a000710ed0102137a08000710f70102d4460a00071052
0202a05d050007106a0202745d05000710c3020264490a000710cc020264
490a000710d2020260490a000710dc0202787a08000710e6020260490a00
0710fc0202045e0500071047030270490a00071050030270490a00071056
030268490a000710600302887a0800071091030268490a0007109f030268
490a000710e7030270490a000710f0030270490a000710f603026c490a00
0710000402987a080007101904026c490a0007103404026c490a00071090
0402105e05000710a50402045e05000710e60402545e0500071001050260
5e05000710160502545e050007106f0502945e05000710800502945e0500
0710d10502b45e05000710da0501ba7d09000710eb05018e70090007101e
0602d05e05000710320602b45e050007105a0602c45e0500071083060162
78090007109406018e7009000710af0601997809000710c00601fb760900
0710e806023c5f05000710220702f05e05000710360702c45e050007105f
0702405f050007102c0f012f9009000710300f012f9009000710340f012f
9009000710380f012290090007103c0f01229009000710400f0122900900
0710440f01229009000710480f012290090007104c0f0137900900071050
0f012f9009000710540f01229009000710580f013790090007105c0f0122
9009000710600f01379009000710640f01379009000710680f0137900900
07106c0f012f9009000710700f01379009000710740f0122900900071078
0f012f90090007107c0f01379009000710800f012f9009000710840f0137
9009000710880f012f90090007108c0f01229009000710900f0122900900
0710940f01229009000710980f013790090007109c0f01379009000710a0
0f01229009000710a40f01229009000710a80f01229009000710ac0f0122
9009000710b00f01379009000710b40f01229009000710b80f012f900900
0710bc0f01379009000710c00f01379009000710c40f01229009000710c8
0f01229009000710cc0f01229009000710d00f012f9009000710d40f0122
9009000710d80f012a9009000710dc0f012f9009000710e00f0122900900
0710e40f01379009000710e80f01229009000710ec0f01229009000710f0
0f01379009000710f40f013c90090007104c0e01379009000710500e0122
9009000710540e01229009000710580e012290090007105c0e0122900900
0710600e01229009000710640e01379009000710680e013790090007106c
0e01379009000710700e01379009000710740e01379009000710780e0122
90090007107c0e01379009000710800e01379009000710840e0137900900
0710880e013790090007108c0e01379009000710900e0137900900071094
0e01229009000710980e013790090007109c0e01379009000710a00e0137
9009000710a40e01379009000710a80e01229009000710ac0e012a900900
0710b00e01379009000710b40e01379009000710b80e012f9009000710bc
0e01379009000710c00e01229009000710c40e01229009000710c80e0122
9009000710cc0e01229009000710d00e012f9009000710d40e0137900900
0710d80e01379009000710dc0e01379009000710e00e01379009000710e4
0e01379009000710e80e012f9009000710ec0e01229009000710f00e0122
9009000710f40e01379009000710f80e01379009000710fc0e0137900900
0710000f01229009000710040f01379009000710080f012290090007100c
0f01379009000710100f01379009000710140f01229009000710180f0122
90090007101c0f012f9009000710200f01379009000710240f012a900900
0710280f012f90090007106c0d012f9009000710700d0137900900071074
0d01379009000710780d013790090007107c0d01229009000710800d012f
9009000710840d01229009000710880d012f90090007108c0d0137900900
0710900d01229009000710940d01229009000710980d013790090007109c
0d01379009000710a00d01379009000710a40d01229009000710a80d0122
9009000710ac0d012f9009000710b00d01229009000710b40d012f900900
0710b80d01379009000710bc0d01229009000710c00d012f9009000710c4
0d01229009000710c80d01379009000710cc0d01229009000710d00d0122
9009000710d40d01229009000710d80d012f9009000710dc0d0122900900
0710e00d012f9009000710e40d01379009000710e80d012f9009000710ec
0d01379009000710f00d01379009000710f40d01379009000710f80d0137
9009000710fc0d01379009000710000e012f9009000710040e0122900900
0710080e012290090007100c0e012f9009000710100e012f900900071014
0e01229009000710180e012290090007101c0e012f9009000710200e012f
9009000710240e012f9009000710280e012f90090007102c0e0137900900
0710300e01229009000710340e012a9009000710380e012290090007103c
0e01379009000710400e01379009000710440e01379009000710480e0122
90090007103800027461050007105600028061050007106b000274610500
0710a300029c490a000710ac00029c490a000710b2000294490a000710bc
0002367c08000710c6000294490a000710e60002a8490a000710ef0002a8
490a000710f50002a0490a000710ff0002597c08000710090102a0490a00
07101f0102c46105000710ff0202e06105000710140302c4610500071044
0302346205000710930402406205000710a80402346205000710ea040274
6205000710360502746205000710800502b46205000710a00502b0490a00
0710a70501478809000710ce05011a8809000710e005014d880900071007
06011a88090007101906015388090007104006011a880900071052060159
88090007107906011a88090007101d0702b0490a0007104a0702b0490a00
07109b0702b0490a000710eb0702b46205000710f10702b0490a000710f9
0702b0490a000710040802b0490a0007109a0802f46205000710010902f4
62050007102c0d01229009000710300d01229009000710340d012f900900
0710380d012290090007103c0d01379009000710400d0137900900071044
0d01379009000710480d013790090007104c0d01229009000710500d0137
9009000710540d01229009000710580d012290090007105c0d0122900900
0710600d01379009000710640d01229009000710680d0122900900071004
0601639609000710080601d396090007100c0601df970900071010060183
9709000710140601839709000710180601e897090007101c0601b5960900
07102006016396090007102406017197090007102806016396090007102c
06014397090007103006012998090007103406016396090007103806014f
9809000710540601989009000710980802e02d05000710ae0802f4620500
07101a0902546305000710870902546305000710f20a0260080500071008
0b02546305000710850b02c46305000710310f02f06305000710470f02c4
6305000710b80f0244640500071024050163960900071028050163960900
07102c0501a39609000710300501a39609000710340501ac960900071038
05016396090007103c05016396090007104005016396090007104405017f
96090007104805016396090007104c05011d970900071050050163960900
0710540501639609000710580501b596090007105c05013c980900071060
05013997090007106405016396090007106805012697090007106c050113
970900071070050126970900071074050113970900071078050113970900
07107c0501009709000710800501f19609000710840501e2960900071088
0501d396090007108c0501c49609000710900501639609000710940501d3
9609000710980501d396090007109c0501639609000710a0050155970900
0710a40501639609000710a80501639609000710ac0501639609000710b0
0501639609000710b40501639609000710b80501559709000710bc050155
9709000710c00501639609000710c40501ca9609000710c8050163960900
0710cc0501009709000710d00501689709000710d40501559709000710d8
0501559709000710dc0501639609000710e00501639609000710e405017f
9609000710e805018c9709000710ec0501d69709000710f005018c970900
0710f40501639609000710f80501bb9609000710fc0501bb960900071000
0601639609000710440401639609000710480401ca96090007104c040143
9709000710500401e89709000710540401e8970900071058040169960900
07105c04019e97090007106004019e97090007106404019e970900071068
04018896090007106c040188960900071070040188960900071074040163
9609000710780401d396090007107c040116980900071080040103980900
07108404016396090007108804016396090007108c040163960900071090
0401789609000710940401729609000710980401c496090007109c0401b5
9609000710a00401b59609000710a404014c9709000710a8040163960900
0710ac0401639609000710b00401639609000710b40401639609000710b8
0401639609000710bc0401bb9609000710c00401639609000710c4040163
9609000710c80401639609000710cc0401639609000710d0040163960900
0710d40401639609000710d804017f9609000710dc0401639609000710e0
0401639609000710e40401639609000710e80401639609000710ec0401b5
9609000710f00401b59609000710f40401639609000710f8040163960900
0710fc040163960900071000050163960900071004050191960900071008
0501d396090007100c05019a9609000710100501bb9609000710140501bb
96090007101805016396090007101c050163960900071020050163960900
0710130001648a090007106803017a97090007106c03018c970900071070
03018c9709000710740301ba97090007107803016396090007107c030163
9609000710800301639609000710840301639609000710880301b1970900
07108c0301639609000710900301a797090007109403017f960900071098
03019e97090007109c0301639609000710a00301439709000710a4030195
9709000710a80301959709000710ac0301639609000710b0030163960900
0710b40301639609000710b803011d9709000710bc03011d9709000710c0
03017f9609000710c403017f9609000710c80301639609000710cc0301c3
9709000710d00301ba9709000710d40301639609000710d8030163960900
0710dc0301639609000710e00301c39709000710e403018c9709000710e8
03018c9709000710ec0301919609000710f003017f9609000710f4030163
9609000710f803011d9709000710fc03011d970900071000040130970900
07100404013097090007100804013097090007100c040163960900071010
0401bb9609000710140401bb96090007101804017896090007101c040178
9609000710200401fa970900071024040178960900071028040178960900
07102c040163960900071030040178960900071034040163960900071038
04016396090007103c0401639609000710400401f197090007100c0e0240
c0030007101b0e0260520a0007102f0e0261c0030007103e0e02b0520a00
07106a0e02f066050007107e0e02e466050007109c0e0230ab04000710b8
0e02246705000710ca0e0260560a000710dc0e0260560a0007101f0f0230
6705000710330f02246705000710720f028ec003000710ff0502e0510a00
0710080602e0510a0007100e0602c8510a000710180602937d0800071022
0602c8510a000710390602b46505000710540602e065050007106a0602b4
6505000710d10602efbf03000710a80702f2bf03000710e90702f3bf0300
0710130802f4bf030007103e0802f7bf030007109f080212c003000710c7
080214c00300071009090220660500071013090217c003000710d0090220
6605000710f0090223c003000710f50902e4510a000710ff0902c37d0800
0710100a02e4510a000710150a02f4510a0007101f0a02d37d080007103f
0a0214520a0007104b0a02f4510a000710710a022fc003000710de0a02f4
510a000710190b02f4510a0007103a0b0214520a000710460b02f4510a00
07105f0b0230c003000710640b0218520a0007106e0b02f57d080007107f
0b0218520a000710840b0228520a0007108e0b02057e08000710c00b023e
c0030007105d0c0248520a000710650c0228520a000710810c0228520a00
0710a80c0248520a000710b40c0228520a000710d00c0218520a000710dc
0c0228520a000710810d0230ab040007108b0d0260520a000710950d0215
7e08000710b10d025c520a000710ba0d025c520a000710c00d023fc00300
0710c50d024c520a000710cf0d02257e08000710e10d024c520a000710ec
0d0260520a000710070e02e46605000710eb020250370500071001030244
64050007102f03029c64050007106a03029c64050007107b0302c4640500
0710930302d06405000710a70302c46405000710c50302046505000710d6
0302046505000710e80302f0bd03000710ed0302c8490a000710f7030216
be03000710fc0302d8490a00071006040238be030007100b0402e8490a00
071015040264be030007101a0402f8490a00071024040289be0300071029
0402084a0a000710330402b3be03000710380402184a0a00071042040230
ab040007104c0402284a0a000710560402087d08000710600402d8be0300
0710650402c84b0a0007106f040230ab04000710790402d84b0a00071083
0402187d080007108d0402ffbe03000710920402c84d0a0007109c040230
bf03000710a10402d84d0a000710ab040230ab04000710b50402e84d0a00
0710bf0402287d08000710c9040258bf03000710ce0402c84f0a000710d8
04027dbf03000710dd0402d84f0a000710e70402afbf03000710ec0402e8
4f0a000710f6040230ab04000710000502f84f0a0007100a0502387d0800
07102205026465050007103a05027065050007104e050264650500071070
0502c4490a000710790502c4490a0007107f0502eebf03000710840502b4
490a0007108e0502487d08000710b20502b4490a000710bf0502587d0800
0710d4050230ab04000710640e02705d0a0007106a0e026c5d0a00071074
0e02e07f080007107e0e026c5d0a000710930e02a07f08000710980e02c0
7f080007100f0f02a07f08000710140f02c07f08000710520f02a07f0800
0710570f02c07f080007108b0f02a07f08000710900f02c07f08000710cf
0f02a07f08000710d40f02c07f08000710e502023ec2030007100803024e
c2030007102b03025ec2030007104b03026ec2030007106e03027bc20300
071091030287c203000710b4030291c203000710d703029bc203000710fa
0302aac203000710200402b0c203000710460402b5c2030007106c0402bd
c203000710920402c3c203000710d00402605d0a000710d90402605d0a00
0710df04028c5c0a000710e904021c7f08000710f304028c5c0a0007104d
05025068050007106605024468050007109f050230ab04000710bb050230
ab04000710e00502846805000710fd0502846805000710480602a4680500
07106b0602806605000710810602a46805000710130702c9c20300071077
0702cac203000710a30702ecc2030007104f0802efc2030007105d0802f1
c203000710ad0802f3c2030007103b0a024c7f08000710ec0a020bc30300
07106b0c02685d0a000710740c02685d0a0007107a0c02645d0a00071084
0c026c7f080007108e0c02645d0a000710a40c02e46805000710bf0c02f0
6805000710d40c02e468050007100e0d023069050007101f0d0230690500
0710360d02a07f080007103b0d02c07f08000710640d025469050007107c
0d02606905000710900d02546905000710ae0d02946905000710bf0d0294
6905000710d50d02e46905000710f00d02f06905000710050e02e4690500
07105b0e02705d0a0007101700028fc0030007101c000278560a00071026
000290c0030007102b000288560a00071035000230ab040007103f000298
560a000710490002547e08000710530002c9c00300071058000278580a00
0710620002cac00300071067000288580a00071071000230ab040007107b
000298580a000710850002647e080007109d0002946705000710b50002a0
6705000710c90002946705000710eb000274560a000710f4000274560a00
0710fa0002eec003000710ff000264560a000710090102747e080007102e
010264560a0007103b0102847e08000710510102efc0030007105601028c
5a0a00071060010213c1030007106501029c5a0a0007106f010246c10300
0710740102ac5a0a0007107e010268c103000710830102bc5a0a0007108d
010299c103000710920102cc5a0a0007109c0102bdc103000710a10102dc
5a0a000710ab0102f0c103000710b00102ec5a0a000710ba01020fc20300
0710bf0102fc5a0a000710c9010230ab04000710d301020c5b0a000710dd
0102c07e08000710f50102f467050007100d0202006805000710210202f4
6705000710430202885a0a0007104c0202885a0a0007105202023dc20300
0710570202785a0a000710610202d07e08000710850202785a0a00071092
0202e07e08000710b5020230ab04000710c9020230ab04000710e0020244
68050007100e0002a07f08000710130002c07f08000710430002a07f0800
0710480002c07f08000710b60002a07f08000710bb0002c07f08000710e2
0002a07f08000710e70002c07f08000710100102446a050007102b010280
6a05000710400102446a050007106302020580080007106f020225c30300
0710ce0202715d0a000710e20202715d0a000710ee020246c3030007100c
03027cc3030007101a0302715d0a000710320302d46a050007106a0302d4
6a05000710780302b0c3030007107d030202c40300071082030225c40300
0710be0302d46a05000710130402e06a05000710280402d46a05000710b1
04022cc403000710b604027ec403000710bb0402b4c403000710ae0502bb
c403000710b305020dc503000710b8050231c503000710f3050248c50300
0710f805029ac503000710fd0502c2c5030007105d0702d9c50300071038
090294aa040007104f090294aa0400071066090294aa0400071081090230
ab0400071097090294aa04000710d50902146b05000710f00902206b0500
0710050a02146b050007105b0a02945d0a000710640a02945d0a0007106a
0a02805d0a000710740a02805d0a0007103e0c02546b05000710b9030260
8008000710be0302708008000710e70502706b05000710fd0502546b0500
0710470602b46b05000710050802d06b05000710180802b46b0500071078
0802146c05000710e00802dac5030007107d0c02146c050007109b0c0244
6c05000710ae0c02dbc503000710340d02606c050007104a0d02446c0500
0710850d02b46c050007100a0e028f6f080007100f0e02f080080007104b
0e02104505000710600e02b46c05000710b70e02046d05000710020f0204
6d05000710780f0133f4090007107c0f015af409000710800f0161f40900
0710840f0168f409000710880f013d000a0007108c0f0144000a00071090
0f014b000a000710940f0152000a000710980f0159000a0007109c0f0160
000a000710a00f0167000a000710a40f016e000a000710a80f0175000a00
0710d00f02dcc503000710f40f02ddc503000710910e0289cd0300071098
0e029ccd03000710ad0e029dcd03000710dd0e02bfcd03000710e40e02c3
cd03000710f90e02c6cd03000710290f02e3cd03000710300f02e7cd0300
0710450f02eacd03000710750f021fce030007107c0f0223ce0300071091
0f0226ce03000710e20f0269ce03000710e90f026dce03000710fe0f0270
ce03000710f6070264c90300071001080273c9030007100808027fc90300
07103508028fc9030007103c080298c9030007106d0802a1c90300071074
0802bbc903000710930802d5c903000710b40802d9c903000710d70802f0
c903000710de0802fcc9030007100b09020bca030007101609021aca0300
07101d090226ca030007104a090236ca030007105109023fca0300071082
090248ca0300071089090262ca03000710a809027cca03000710d8090280
ca03000710e5090288ca03000710ec090292ca03000710010a029dca0300
0710310a02b8ca030007103e0a02c0ca030007104b0a02caca0300071052
0a02d5ca03000710670a02d7ca03000710b20a02f2ca03000710e20a0257
cb03000710ef0a0266cb03000710f60a026ecb030007100b0b0277cb0300
07103b0b0291cb03000710720b02accb03000710cc0b02c1cb0300071026
0c02fdcb03000710800c0239cc03000710da0c0275cc030007100a0d02b1
cc03000710170d02b6cc03000710240d02bacc03000710390d02cbcc0300
0710b70d02e5cc03000710c40d02efcc03000710da0d02f7cc03000710e1
0d02ffcc03000710ee0d0217cd03000710fb0d021ccd03000710020e022f
cd03000710170e0230cd030007104d0e0252cd030007105a0e025ccd0300
0710700e0264cd03000710770e026ccd03000710840e0284cd030007100a
0002dec503000710170002a05d0a000710590002dfc503000710a70002e0
c503000710c40002e1c503000710e5000201c6030007103d01020ac60300
07105e010213c60300071089010236c603000710bc01023ac603000710dd
010240c603000710ff010242c60300071022020259c60300071029020265
c60300071056020274c60300071061020283c6030007106802028fc60300
07109502029fc6030007109c0202a8c603000710cd0202b1c603000710d4
0202cbc603000710f30202e5c603000710140302e9c60300071037030200
c7030007103e03020cc7030007106b03021bc7030007107603022ac70300
07107d030236c703000710aa030246c703000710b103024fc703000710e2
030258c703000710e9030272c7030007100804028cc70300071034040290
c703000710480402bcc7030007105b040298c703000710620402abc70300
0710690402b4c7030007107c040178ef09000710a40402c5c703000710c2
0402c8c703000710f60402e1c7030007102a050204c803000710d405022b
c8030007106a060245c8030007109406025ec803000710be060278c80300
0710cc060292c803000710e60602acc8030007100b0702c6c80300071043
0702e0c8030007104f0702fec8030007107e070218c9030007109f070232
c903000710c2070249c903000710c9070255c903000710feff0270ce0300
07103e000286ce030007104500028dce030007104c00029dce0300071053
0002adce030007105a0002bdce03000710610002cdce03000710680002dd
ce030007106f0002edce03000710760002fdce030007107d000210cf0300
071099000188ef090007109f00021dcf03000710c000022acf030007100e
01022dcf0300071077010232cf030007107e010253cf03000710a701026f
cf030007103d0102a06e05000710530102046d05000710e50502f46e0500
0710f8050281cf030007108d0602106f05000710a30602f46e0500071009
0702646f05000710a5020282cf03000710b202028acf03000710fc02029d
cf03000710b70302a0cf030007104e0402a3cf03000710ea0b02c05e0a00
0710cb0c02c05d0a000710d90c02c05e0a000710ee0c02c05e0a000710fb
0c02c05e0a000710060d02c05d0a0007101d0d02c05d0a000710280d02c0
5e0a000710db02018d620a000710010302707005000710170302646f0500
0710ad0802347005000710bf08023470050007101f090254700500071033
0902907005000710e90902907005000710800b02b07005000710960b0254
7005000710f80b02247105000710730c02307105000710880c0224710500
0710d00c02847105000710710d014a700a000710750d010b700a00071079
0d0126700a0007107d0d0132700a000710810d013e700a000710850d018d
710a000710890d0111710a0007108d0d0169710a000710910d0175710a00
0710950d0181710a000710990d01e6710a0007109d0d0106720a000710a1
0d010d720a000710a50d0114720a000710cf0d02b6cf03000710260e02b7
cf030007102b0e02bbcf030007103a0e02d4cf03000710560e02edcf0300
0710a60e02fecf03000710cc0e0231d003000710ee0e0249d0030007101d
0f0258d003000710400f0261d003000710640f0276d003000710880f028e
d003000710ac0f02a6d003000710d00f02c5d0030007100f0d01b57f0a00
0710130d01dc7f0a000710170d010a800a0007101b0d0111800a0007101f
0d0118800a000710230d0149820a000710270d0150820a0007102b0d0157
820a0007102f0d015e820a000710330d0165820a000710370d016c820a00
07103b0d0173820a0007103f0d017a820a000710430d0167830a00071047
0d013b840a0007104b0d0145840a0007104f0d014f840a000710790d020c
d603000710c80d020dd603000710cf0d0215d603000710d50d0221d60300
0710fc0d0232d603000710030e0239d603000710090e0241d60300071030
0e0251d603000710370e0259d6030007103d0e0263d6030007106e0e0270
d603000710750e0277d6030007107b0e0280d603000710ac0e028cd60300
0710b30e0290d603000710b90e0293d603000710d40e02acd60300071010
0f02bcd603000710150f02c6d603000710460f02c9d6030007104d0f02f0
d603000710530f021bd703000710700f022fd703000710750f0236d70300
07107c0f0239d703000710810f0240d703000710880f0243d703000710a8
0f025bd703000710af0f0273d703000710b60f028bd703000710bd0f02a4
d703000710d80f01037d0a000710dd0f02bcd703000710f602026bd30300
07106e030295d303000710970302a2d303000710e50302b5d3030007101b
0402cad303000710690402ddd3030007109f0402eed30300071021050201
d403000710be060207d403000710c506020bd403000710cb06020ed40300
07101107022ad4030007101607023bd40300071023070257d4030007102a
07025bd4030007103007025ed4030007104a07027ad4030007104f07028b
d4030007105f0702a7d403000710660702abd4030007106c0702aed40300
07109d0702cad403000710a20702e2d403000710d70702e5d4030007100f
0802e8d403000710140802f9d4030007104f080200d50300071054080204
d5030007105908022cd50300071081080233d5030007108b080235d50300
071095080237d5030007109f080239d503000710a908023bd503000710b3
08023dd503000710b8080271d503000710ee08028dd503000710370902a6
d503000710a20902bed503000710ed0902c9d5030007100e0a02d8d50300
07102f0a02dad503000710fa0a02d4d503000710420b02e9d50300071067
0b02ecd503000710900b02a08208000710180c02efd5030007103d0c02f2
d5030007104e0c02f5d5030007106f0c02f7d503000710ae0c0205d60300
0710d30c0208d603000710e20c020bd603000710030d01877f0a00071007
0d01a77f0a0007100b0d01ae7f0a000710070001716d0a0007100c0002f4
d00300071011000202d10300071027000205d1030007102c000209d10300
07103300020cd10300071038000211d1030007103f000214d10300071044
000217d1030007104b00021ad10300071050000222d1030007105e000225
d10300071095000231d103000710a6000240d103000710ec00024fd10300
07100b010252d10300071012010270d1030007101701027ed10300071032
0102a1d103000710650101996d0a0007106a010281d1030007106f010285
d10300071076010288d1030007107b01028dd10300071082010290d10300
071087010293d1030007108e010296d1030007109301029ed1030007109a
010255d103000710b5010257d103000710e20101856d0a000710e70102b5
d103000710070202cbd1030007100e0202e1d103000710150202f7d10300
07101c02020ed20300071046020224d20300071073020225d2030007107a
020236d20300071081020252d20300071088020270d2030007108f02028f
d203000710960202a1d2030007109d0202b3d203000710a20202c7d20300
0710a90202dcd203000710b00202e4d203000710b70202f4d203000710be
020206d303000710c5020219d303000710cc020221d303000710d3020228
d303000710da020231d303000710e1020239d303000710e802023ed30300
0710ef020256d3030007107e040259db03000710a9040283db0300071000
05029cdb030007101f05029fdb03000710260502a2db030007107d0502c0
db030007109c0502c3db03000710a30502c6db03000710fa0502f0db0300
0710190602f3db03000710430602f6db0300071048060212dc030007106d
060215dc0300071092060218dc0300071097060233dc03000710bf060236
dc03000710e4060239dc03000710e9060252dc0300071011070255dc0300
07104d070258dc030007106807026bdc030007108807026edc0300071004
00022bd8030007100b0002d2d703000710120002e8d703000710190002fe
d70300071020000215d8030007103b0001137d0a0007104000023ed80300
07104600024fd8030007109900025fd803000710a9000276d803000710ff
000276dc030007100501027edc030007101801028dd80300071075010276
dc030007107b01027edc030007108e0102aed803000710950102cfd80300
0710bc0102e8d803000710e20102ffd803000710ff010229d90300071026
02023fd9030007104302026dd9030007104a020299d9030007105102029f
d903000710580202aed9030007105f0202bdd903000710660202ccd90300
07106d0202dbd903000710740202ead9030007107b0202f9d90300071082
020208da030007109c0201237d0a000710a2020214da03000710c902021c
da03000710ce020224da03000710d502023eda03000710da020247da0300
07100a030261da030007100f030269da0300071016030283da030007101b
03028cda030007103a0302c9da030007103f0302d1da03000710680302f5
da03000710970302a6da03000710d00302b1da03000710d50302b8da0300
07100f0402e2da03000710370401437d0a0007103c0402ffda0300071046
040209db0300071050040213db030007105a04021edb030007106d040228
db030007107204022cdb0300071079040256db030007105b0702a8820800
071004090282dc03000710160902b48208000710210902b882080007102b
0902c08208000710bb0902a3dc03000710950a02ccdc030007107d0b02ee
dc03000710c80b020fdd03000710010c02507305000710170c0284710500
071043000234dd03000710080302e45e0a000710140302c45e0a0007104d
0302e45e0a000710540302c45e0a0007105a0302e45e0a000710820302e4
5e0a0007108e0302c45e0a000710f20302a473050007103e08023add0300
0710ae0a02b07305000710c60a02a473050007101d0b02e473050007103f
0b0258dd03000710640b02f07305000710790b02e47305000710bd0b0244
7405000710e20b0259dd03000710230d02607405000710390d0244740500
07106a0d02b47405000710cd0d0271dd03000710f20d0280790500071008
0e02b4740500071043060272dd0300071022070276dd030007100808027b
dd03000710e30202f05e0a0007104f0302085f0a000710af0102d4790500
0710380c01dc2a0b000710d70902d07a05000710ed0902d4790500071066
0c02247b05000710780c02305f0a000710810c02305f0a000710870c0220
5f0a000710910c029d83080007109b0c02205f0a0007102c0d02707b0500
0710420d02247b05000710890d02347b050007109b0d02347b05000710fb
0d02547b050007100f0e02907b05000710c50e02907b050007105c0002b0
7b05000710720002547b05000710c10002147c05000710e40002147c0500
0710230102f47c05000710910202007d05000710a70202f47c05000710aa
0302b95f0a000710b80302385f0a000710d10302b95f0a000710e00302b8
5f0a000710ec0302385f0a000710330402b85f0a0007103a0402385f0a00
0710400402b85f0a0007105d0402347d05000710840402b85f0a00071090
0402385f0a000710ac0402b85f0a000710c60402347d05000710f8040244
7e0500071019050280dd030007103e0502507e05000710530502447e0500
0710840502947e0500071097050281dd03000710bc0502a07e05000710d2
0502947e05000710180602e47e050007107d060282dd03000710a1060290
dd03000710b8060299dd03000710dd0602a8dd03000710710702f07e0500
0710860702e47e05000710aa0702247f05000710bc0702247f0500071015
0802547f05000710370802b3dd03000710c00802607f05000710d6080254
7f05000710090902a07f05000710360902a07f05000710560902d47f0500
0710680902d47f05000710c10902948105000710bd0602a08105000710d0
06029481050007101c0702e081050007102e0702e081050007108e070214
82050007100d0802b4dd030007101e0802dddd03000710280802eddd0300
07102d080207de030007104e0802ccdd030007105308020ede030007105a
0802d3dd030007105f080211de030007109d080214de03000710d6080217
de03000710f108021ade030007101609021cde0300071078090226de0300
07109b090229de03000710b809022cde030007106d0a0220820500071080
0a02148205000710d80a02608205000710e90a02608205000710fd0a0294
8205000710250b0200600a0007102e0b0200600a000710340b02bc5f0a00
07103e0b02028508000710480b02bc5f0a000710230c02a0820500071036
0c02948205000710870c02d48205000710bc0c02d48205000710e80c02f4
8205000710100d02f482050007103c0d021083050007104d0d0210830500
07106d0d024483050007107f0d02448305000710df0d023485050007103a
0e022fde03000710f10e0231de03000710aa0f0233de030007102d0b0240
8505000710430b02348505000710750b02848505000710a90b02200c0500
0710be0b02848505000710110c02a485050007106f0c0235de0300071082
0c0236de03000710800d02b08505000710930d02a48505000710d90d02f0
8505000710eb0d02f085050007100a0e022c86050007101b0e022c860500
0710670e02548605000710d40f02708605000710ea0f025486050007103d
0002c48605000710d901024bde03000710ef01025ede030007101c020270
de0300071033020285de030007105a020299de03000710710202bede0300
0710710501d2720b000710c10a02c48605000710910b02048705000710a3
0b02048705000710f50b02f48b050007102c0c02008c05000710420c02f4
8b05000710430c01b17b0b000710540c01049e0b000710770c018d5d0b00
0710880c01049e0b000710ae0c0176490b000710bf0c01049e0b000710e5
0c01296e0b000710f60c01049e0b0007101c0d01d06b0b0007102d0d0104
9e0b000710530d013c570b000710640d01049e0b0007108a0d01ca470b00
07109b0d01049e0b000710cd0d01c2260a000710de0d011c9e0b00071042
0e02448c05000710550e02e2de03000710b20e02648508000710ca0e0268
8508000710eb0e02e3de030007101b0f02508c050007102e0f02448c0500
07109d0f02e4de030007108c0002e5de030007102c0102848c050007103e
010208600a00071058010208600a000710700102908c0500071084010284
8c05000710a20102d48c05000710b3010210600a000710bc010210600a00
0710c201020c600a000710cc01029d9c08000710d601020c600a00071025
0301cda30b00071029030169a30b0007102d030148a40b00071031030199
a40b00071035030199a40b00071039030119a50b0007103d030143a50b00
0710c9030125a30b000710810502e08c05000710950502d48c0500071024
0602a37204000710d70602a57204000710e90602a6ed09000710020702d4
9f080007100c0702d89f08000710240702c49c080007102e0702c89c0800
0710390702bd7204000710a20702348d05000710ba0702108d05000710ce
0702348d05000710f70702fca208000710190802e8a508000710260802fc
a2080007102e0802fea208000710620802bea6040007101e000216a60800
07102d0002eca60400071034000216a6080007108d000218a30800071095
000214a308000710db000218a308000710e1000210a308000710eb000210
a308000710f1000218a308000710fc000214a30800071005010210a30800
071022010218a30800071032010218a30800071090010214600a000710da
010214a30800071018020210a30800071039020210a30800071050020214
a30800071056020214600a00071060020218a3080007106c020218a30800
0710a3020236a308000710c90202918d05000710e30202918d0500071089
050228a5080007109e050228a508000710a405022ca508000710b4050228
a508000710ba05022ca508000710070602918d0500071054080274a70800
071083080274a7080007108908027ca708000710a2080220600a000710bd
080230a508000710e50802948e050007101d0902948e0500071035090230
a50800071040090230a508000710c90902918d05000710e30902918d0500
07102e0a02918d050007105c0b022ca508000710520d0284a70800071012
0e0298a708000710160e016dfc0b0007101c0e029ca708000710200e017b
fc0b000710260e02a0a7080007102a0e0133040c000710300e02a4a70800
0710340e0190080c0007103a0e02a8a7080007103e0e0195080c000710f1
0f02c8a508000710010002c8a5080007100c0002c8a5080007101a0002c8
a508000710340002c8a508000710400002c8a50800071096000150c00b00
07109b000180c00b000710140202f8a5080007101a0202f8a5080007103c
02020ca7040007105202021ca7040007106b020228a7040007108a02022c
a704000710670402918d05000710a6040248600a000710b1040244600a00
071002050248600a00071007050244600a0007103c0502c8a70400071086
0502e2a7040007104f060274a70800071094060274a708000710b506027c
a708000710070702748d050007100f07027b8d05000710180702828d0500
0710280702508d050007103107025c8d050007103a0702688d05000710e0
07024c600a0007100608024c600a000710f50801d0c80b00071011090268
600a0007102109026c600a000710f10901c0c90b000710f6090160c90b00
0710550a0218600a000710030b0270600a000710400b02a0a80800071081
0b0224a508000710b60d0218600a000710bf0d021c600a000710ff0d0218
600a000710040e0218600a000710e50c0210a308000710500d0210a30800
0710640d0210a308000710780d0206a608000710880d0208a60800071099
0d02d8a5080007109f0d02d8a508000710eb0d02da600a000710210e02d8
600a0007102d0e02d8600a0007109d0e02c0a808000710a60e02d8a50800
0710c50e0206a6080007106d0f0206a608000710760f0207a6080007107f
0f0206a608000710880f02c0a808000710910f02d8a508000710ba0f0206
a608000710ca0f0208a608000710db0f02d8a508000710e40f02d8a50800
0710620302f8a50800071098030274600a000710af030274600a000710be
030234a704000710d50302b8a8080007104204026da704000710af040280
a704000710be0402b8a808000710dc0402b8a80800071015050250a30800
071047050274600a00071063050175360c0007106c05016db90b000700e4
050103000710f40502eca508000710fa0502d8a508000710040602e4a508
0007101406020fa6080007101a060210a6080007103b0602e4a508000710
540602d8a508000710770602cca5080007108e0602e4a508000710c20602
d0a508000710dd0602e4a50800071005070206a6080007100b070207a608
00071016070149d80b0007101c070209a6080007102307020da608000710
2b0702e4a508000710300702b0660a0007106707020da6080007109d0702
04a608000710a30702e8a508000710a90702d4a508000710ae0702b0660a
000710b30702b0ae08000710bb070206a608000710e00702b0660a000710
ea0702dca508000710f00702e0a5080007100a0801e8d50b000710440801
49d80b000710520802b4600a000710e60a0214a308000710ec0a0210a308
000710030b0210a308000710090b0218a3080007100f0b0214600a000710
190b0214600a000710300b0214a3080007103e0b0210a308000710490b02
14a308000710670b0210a308000710db0b02c0a808000710f10b0210a308
000710cc0c024ca608000710d40c0248a608000710d90c0244a608000710
df0c027ca708000710f80c0280a708000710100d0280a7080007101c0d02
80a7080007102a0d0280a708000710420d02c4a7040007104c0e02c8a704
000710660e02e2a704000710f20e0288600a0007107c0f02e2a704000710
18000210a308000710c3000206a608000710cc000207a608000710e10002
c4a80800071002010206a6080007103601025da3080007104101025da308
0007104a01025da30800071050010228a3080007105501021ca308000710
6e010218600a00071094010218600a000710a601021c600a000710c50102
94a7040007100102021ca3080007100a020218600a0007104202029ea308
0007101f0301a0e20b000710c8060262ad08000710cd0602ccac08000710
ed060262ad08000710f5060262ad080007101907028cad080007101e0702
62ad080007103e07028cad080007104607028cad080007101608021aa608
0007102708021aa6080007103d08021aa6080007104408021aa608000710
33090280a70800071038090280a70800071044090280a708000710530902
80a7080007105b090280a70800071061090280a7080007106f090280a708
000710db0b027ca708000710e20b0274a708000710e80b0278a708000710
ed0b0268a608000710000c027ca708000710060c02e9a6080007100c0c02
7ca708000710200c02e9a608000710250c0274a7080007102b0c0278a708
000710450c0274a708000710530c027ca7080007105d0c0220a608000710
6d0c027ca7080007107a0c0244a608000710850c027ca708000710990c02
4ca608000710b60c0248a608000710c60c0244a608000710110002c8a704
000710a0000278a708000710ba000244a608000710c2000220a608000710
d8000244a608000710dd000220a608000710fa0002e2a7040007106c0102
20a60800071071010244a6080007107b0102c8a7040007104c0202caa704
000710690302caa704000710f90302948e05000710ba040288a708000710
e3040290a7080007104805028cad080007108e05029cad08000710960502
9cad08000710a50502a0ad08000710ad0502a0ad08000710180602a4ad08
0007103d0602a8ad08000710430c01f23e0c000710480c016dfc0b000710
4e0c027ca908000710540c0280a908000710620c02fca704000710a80c02
24a804000710b60c022ca804000710c40c0234a804000710d20c023ca804
000710060d02aca708000710a10b0204a608000710aa0b02c4a508000710
b00b02c5a508000710de0b0244a804000710580c02918d05000710e10e02
918d05000710fc0e02918d05000710d50f02918d050007105f00013c020c
000710630001f6030c00071067000101040c0007106b00010c040c000710
3802015f000c0007101f0401c6040c00071023040102050c000710270401
d4040c0007102b0401f7040c0007102f0401c6040c000710c204011f040c
000710b9080208aa08000710cc0802c4a508000710d308029ca808000710
db08029aa808000710e208029aa808000710fa080208a608000710090902
d2a5080007101d090206a608000710310901ec480c00071042090206a608
0007105f0902cca5080007106a090206a608000710740902d0a508000710
970901ec480c000710bc090294a808000710c3090298a808000710c90902
06a608000710db09017c480c000710eb0901ec480c000710030a0254a808
0007100f0a0254a808000710160a0254a808000710210a029ca808000710
2d0a0206a608000710330a0208a608000710510a02cca508000710600a02
9aa808000710710a02d0a508000710900a029ca808000710a10a0294a808
000710a90a0298a808000710b20a0206a608000710c90a029aa808000710
d80a0254a808000710e70a029aa808000710ed0a0254a808000710240b02
c5a5080007102c0b01000b0c000710310b01100b0c000710370b020caa08
0007103d0b0210aa08000710450b0208aa08000710620b02c5a508000710
730b02c4a5080007107f0b02c5a508000710ab00025c610a000710bd0002
61610a0007104e0102918d05000710f001025c610a00071002020261610a
000710550202918d050007102803029c8e050007100204029c8e05000710
720402918d050007102d0502918d05000710470502918d05000710890502
918d05000710d70502918d05000710fe0502918d05000710560602918d05
000710a90602918d0500071000070280a908000710a60702918d05000710
ca0b0268620a0007100a04027ca908000710db0a025c610a000710ee0a02
61610a000710460e0218600a0007106a0e021c600a0007106f0e021c600a
000710830e021c600a0007108b0e021c600a000710980e021c600a000710
520f02a0a808000710ae0b0264a804000710bd0b0284a708000710020c02
1ca908000710310c02b08e05000710390c02b48e05000710970c02b08e05
000710c80c01fa3c0c000710cc0c01fa3c0c000710d00c01fa3c0c000710
d40c011f3d0c000710f60c01c83c0c000710020002c8a8080007109d0002
14aa08000710cd0002c8a808000710ee010224a5080007105702021c600a
0007106002021ca30800071066020224a5080007109c020218600a000710
a5020218600a000710c202021c600a000710d1020224a508000710090402
0fa6080007101d0402a1a808000710b8040170340c00071019050170340c
000710920502b8a808000710c40502e8a5080007105a0602bca808000710
6a06024ca804000710c50602f0a508000710d00602f0a508000710db0602
f4a508000710e6060278620a000710eb060274620a0007100407027c600a
00071009070278600a0007100f0702dca508000710150702e0a508000710
1a07027c620a000710240702ac600a00071029070278600a0007102e0702
80600a00071033070274620a0007103807027c600a0007103d070284600a
00071042070278620a000710f30802ac600a000710140902c0a808000710
1a0902c0a80800071029090206a60800071032090207a608000710480902
06a60800071099090206a608000710b60902d8a508000710bb0902d8a508
0007100f0a02eca508000710170a0206a608000710680a02d8a508000710
6e0a02d8a508000710d10a0206a608000710dc0a0207a608000710230b02
c8a808000710350b021ca908000710430b02c8a808000710530b021ca908
000710940b02c5a5080007100008015e540c000710040801ad5b0c000710
0808015e540c0007100c08013b5e0c0007101008015e540c000710140801
1d550c00071018080178590c0007101c08015e540c0007102008015e540c
000710240801c25b0c0007102808015e540c0007102c08018a5e0c000710
3008015e540c000710340801e7490c000710380801e7490c0007105a0901
74450c00071074090284a90800071080090134460c000710f1090284a908
000710090a01cc440c0007101b0a0134470c0007109c0a0166450c000710
a90a0116450c000710b60a011e450c000710c30a01c6440c000710cb0a01
ca440c000710f20a0166450c000710470b0211a608000710450c01d4450c
000710610d01c8440c000710690d01ca440c000710810d0116450c000710
f00d0110490c000710020e015c4a0c0007100e0e01204a0c000710330f01
c8440c0007103b0f01ca440c000710530f0116450c00071020070181510c
000710240701bc500c0007102807012a520c0007102c070119530c000710
3007013a540c00071034070190540c00071038070132550c0007103c0701
5e540c0007104007015e540c000710440701595b0c000710480701d75b0c
0007104c0701725c0c000710500701d75b0c000710540701a5540c000710
5807017e550c0007105c07015e540c0007106007015e540c000710640701
6e5b0c0007106807017e550c0007106c0701c15c0c0007107007017e550c
000710740701ba540c00071078070163540c0007107c07015e540c000710
8007015e540c000710840701ba540c000710880701f65b0c0007108c0701
5e540c000710900701f65b0c000710940701cc540c000710980701465c0c
0007109c07015e540c000710a007015e540c000710a40701cc540c000710
a80701465c0c000710ac0701105d0c000710b00701465c0c000710b40701
de540c000710b80701a6550c000710bc07015e540c000710c00701fb5a0c
000710c40701835b0c000710c80701225c0c000710cc07019d5d0c000710
d00701d95e0c000710d40701f3540c000710d8070127560c000710dc0701
6e5a0c000710e007015e540c000710e40701985b0c000710e80701345c0c
000710ec0701ec5d0c000710f007015e540c000710f4070108550c000710
f807015e580c000710fc07015e540c0007104006012f4f0c000710440601
cd4f0c0007104806012a510c0007104c060138520c0007105006013a530c
0007105406018a4c0c000710580601664c0c0007105c06015c4e0c000710
600601664c0c000710640601f04f0c000710680601664c0c0007106c0601
59520c000710700601664c0c000710740601a94c0c0007107806019b4d0c
0007107c06017b4e0c0007108006016d4f0c00071084060113500c000710
8806016c510c0007108c06017a520c0007109006017a530c000710940601
c54c0c000710980601ac4d0c0007109c0601974e0c000710a00601a94f0c
000710a4060133500c000710a806019f510c000710ac060198520c000710
b00601c2530c000710b40601e14c0c000710b80601bd4d0c000710bc0601
b34e0c000710c00601664c0c000710c4060153500c000710c80601b4510c
000710cc0601b6520c000710d00601f2530c000710d40601004d0c000710
d80601db4d0c000710dc0601d24e0c000710e00601df500c000710e40601
76500c000710e80601664c0c000710ec0601d7520c000710f00601f7530c
000710f406011f4d0c000710f806011b4e0c000710fc0601f14e0c000710
000701664c0c00071004070199500c000710080701ff510c0007100c0701
f8520c00071010070135540c0007101407013e4d0c0007101807012f4e0c
0007101c0701104f0c000710f70002d8a8040007104e0302b08e05000710
5a0302b08e05000710620302b48e050007101e0402918d05000710740501
6c4b0c000710780501724b0c0007107c0501784b0c0007108005017e4b0c
0007108405012e4c0c0007108805018c4b0c0007108c0501924b0c000710
900501984b0c0007109405019e4b0c000710980501a64b0c0007109c0501
ae4b0c000710a00501b64b0c000710a405012e4c0c000710a80501c84b0c
000710ac0501d24b0c000710b00501da4b0c000710b40501e24b0c000710
b80501eb4b0c000710bc0501f44b0c000710c00501fd4b0c000710c40501
2e4c0c000710c80501114c0c000710cc05011c4c0c000710d00501254c0c
000710d405016c4b0c000710d80501724b0c000710dc0501784b0c000710
e005017e4b0c000710e40501844b0c000710e805018c4b0c000710ec0501
924b0c000710f00501984b0c000710f405019e4b0c000710f80501a64b0c
000710fc0501ae4b0c000710000601b64b0c000710040601be4b0c000710
080601c84b0c0007100c0601d24b0c000710100601da4b0c000710140601
e24b0c000710180601eb4b0c0007101c0601f44b0c000710200601fd4b0c
000710240601064c0c000710280601114c0c0007102c06011c4c0c000710
300601254c0c0007103406016b4c0c0007103806015d4d0c0007103c0601
3d4e0c000710b90e01c6440c000710c10e01ca440c000710dd0e01e15e0c
000710e10e0172600c000710e50e015e540c000710e90e015e540c000710
ed0e015e540c000710f10e015e540c000710f50e015e540c000710f90e01
5e540c000710fd0e015e540c000710090f0116450c000710160f011e450c
000710230f01c6440c0007102b0f01ca440c000710560f01c8440c000710
5e0f01ca440c000710760f0116450c000710bf0f01c6440c000710dc0f01
6a450c0007108a0a015e540c0007108e0a015e540c000710920a015e540c
000710b40a0116450c000710c10a011e450c000710ce0a01c6440c000710
d60a01ca440c000710ff0a01035b0c000710030b015e540c000710070b01
5e540c0007100b0b01235b0c0007100f0b012f5b0c000710130b015e540c
000710170b015e540c0007101b0b015e540c0007101f0b015e540c000710
460b0110490c000710db0b0116450c000710e80b011e450c000710140c01
16450c000710640c0116450c000710870c0116450c000710940c011e450c
000710a10c01c6440c000710a90c01ca440c000710d60c0116450c000710
e30c011e450c000710f00c01c6440c000710f80c01ca440c000710140d01
185d0c000710180d015e540c0007101c0d01385d0c000710200d015e540c
000710240d015e540c000710280d015e540c0007102c0d015e540c000710
300d015e540c000710340d015e540c000710560d0116450c000710630d01
1e450c000710700d01c6440c000710780d01ca440c000710b20d0116450c
000710bf0d011e450c000710cc0d01c6440c000710d40d01ca440c000710
010e0116450c0007100e0e011e450c0007101b0e01c6440c000710230e01
ca440c000710500e0116450c0007105d0e011e450c0007106a0e01c6440c
000710720e01ca440c0007109f0e0116450c000710ac0e011e450c000710
2c0701c8440c000710340701ca440c0007104c070116450c000710750701
c8440c0007107d0701ca440c00071095070116450c000710be0701c8440c
000710c60701ca440c000710de070116450c000710070801c8440c000710
0f0801ca440c00071027080116450c00071043080116450c000710500801
18450c00071062080166580c00071066080186580c0007106a080193580c
0007106e0801de580c000710720801015f0c0007107608014e5f0c000710
7a0801b75f0c0007107e08012e590c00071082080153590c0007109b0801
16450c000710a808011e450c000710b50801c6440c000710bd0801ca440c
000710eb0801c8440c000710f30801ca440c0007100b090116450c000710
320901c8440c0007103a0901ca440c000710570901c6440c0007105f0901
ca440c0007107c090180590c000710800901b75f0c000710840901a0590c
000710880901eb590c0007108c0901f8590c000710900901e95f0c000710
94090101600c000710980901545a0c0007109c0901615a0c000710a80901
16450c000710b509011e450c000710c20901c6440c000710ca0901ca440c
000710110a01c8440c000710190a01ca440c000710310a0116450c000710
720a01765a0c000710760a015e540c0007107a0a01965a0c0007107e0a01
5e540c000710820a015e540c000710860a015e540c000710e30001c8440c
000710eb0001ca440c00071003010116450c0007102e0101c8440c000710
360101ca440c0007104e010116450c000710f20101c6440c0007101d0201
c6440c0007103e0301c8440c000710460301ca440c0007105e030116450c
000710fb0301c8440c000710030401ca440c0007101b040116450c000710
6704016b540c0007106b04018b540c0007106f04015e540c000710730401
5e540c0007107704015e540c0007107b04015e540c0007107f04015e540c
0007108304015e540c0007108704015e540c000710360501c8440c000710
3e0501ca440c00071056050116450c000710aa0501ae550c000710ae0501
ce550c000710b20501db550c000710b605015e540c000710ba05015e540c
000710be0501e8550c000710c2050119560c000710c605015e540c000710
ca05015e540c000710ea0501bc440c000710f40501c0440c000710ff0501
c4440c0007102b06012f560c0007102f06014f560c00071033060196560c
000710370601df560c0007103b060128570c0007103f060171570c000710
430601ba570c00071047060103580c0007104b06015e540c000710530601
c8440c0007105b0601ca440c00071073060116450c0007109a0601c8440c
000710a20601ca440c000710ba060116450c000710e30601c8440c000710
eb0601ca440c00071003070116450c000710070001c6440c000710bc0b01
f76a0c000710120c01f76a0c000710a80e018e6c0c000710e20f011e450c
0007101f000118450c0007103600011c450c0007106000011c450c000710
f90101a0700c00071010020182700c0007109e0401aa730c000710dd0401
50730c0007100e0501f6720c000710730701d4750c000710a80902fca804
000710b70901ec480c000710d5090204aa08000710eb090205aa08000710
f80902dc600a000710140a0205aa080007101d0a0204aa08000710b20a02
61610a000710f70a025c610a000710030b0261610a0007101a0b025c610a
000710260b0261610a000710590b025c610a000710660b0261610a000710
730c0268620a000710bc0c01597d0c000710300d01597d0c000710ed0b02
68620a000710f70b020da608000710fd0b0209a6080007102f0c0268620a
0007104b0c0268620a0007105c0c02a8620a000710b90c0264620a000710
bf0c0268620a000710ca0c0268620a000710d00c0268620a000710e90c02
68620a0007100b0d0268620a000710150d02a8620a0007102d0d0268620a
000710330d02a8620a0007104b0d02a8620a000710680d025c610a000710
750d0261610a000710030e025c610a000710100e0261610a000710910e02
98a904000710d70f0206a608000710b60002a0a904000710690102a0a904
000710fb0102a0a904000710e7020218600a000710240302f8a508000710
2a0302f8a5080007106e03021ca908000710770302cca808000710a40302
c8a808000710aa030270620a000710bb0302c8a808000710e30302c8a808
0007100104021ca908000710060402c8a8080007102404021ca908000710
2a0402cca808000710360402cca80800071040040270620a000710460402
1ca9080007104b0402c8a808000710660402c8a808000710700402c8a808
0007108904021ca908000710bb04021ca908000710dc040206a608000710
e20402c4a8080007100105014bd80b00071006050140d80b0007100c0501
40d80b00071071050218aa08000710900502b88e050007109a050291a904
000710c4050218aa08000710a1060280620a00071035070206a608000710
92070260610a000710a107025c610a000710b007025c610a000710ef0702
60610a00071025080260610a0007103608025c610a0007103c08021caa08
00071048080260610a0007105d080260610a00071072080260610a000710
8908025c610a0007108e08021caa08000710ba08021caa08000710d90802
06a608000710660902ac660a00071074090206a608000710cc0902ac660a
000710ef090206a608000710c90a02ac660a000710060b0206a608000710
9d0b02ac660a000710970e0236aa04000710cc0e0210aa08000710720f02
10a3080007107f0f0210a30800071024070160910c0007102a070160910c
0007105807022aaa080007105e070226aa080007106e070236aa08000710
74070232aa0800071079070160910c0007108e070160910c0007109a0702
26aa08000710a407022aaa08000710b4070228a508000710b80701a0930c
000710c7070228a508000710cb0701d0940c0007101908021ca308000710
45080206a6080007104e080208a60800071057080206a608000710670802
06a60800071076080207a6080007107e080206a6080007108c080207a608
000710970802ac660a000710a10802d2a508000710a70802ac660a000710
ba0802ac660a000710c70802ac660a000710f20802c8a904000710050902
ac660a0007102d0902eea90400071043090206a6080007104e090207a608
000710590902ac660a000710c6090268620a000710da090264620a000710
e8090268620a000710f2090264620a0007100e0a0264620a000710160a02
68620a0007102e0a0268620a0007103c0a0264620a000710640a025c610a
000710710a0261610a000710a20a025c610a000710b20a0261610a000710
2c0b025c610a000710390b0261610a0007109a0c020caa08000710080d02
0fa608000710220d0218aa040007104c0d021baa04000710b20d0220aa04
000710f50d0225aa04000710360e021baa040007108a0e022aaa04000710
910e022eaa04000710ea0301a0920c000710f0030206a608000710080402
2aaa080007100d040226aa0800071025040236aa080007102a040232aa08
0007104104022aaa0800071047040226aa08000710620401a0930c000710
6a040228a5080007106e040181b50b0007108704022aaa080007108d0402
26aa080007109d040236aa08000710a3040232aa08000710b504022aaa08
000710bb040226aa08000710e7040220aa08000710f5040224aa08000710
02050206a60800071023050224aa0800071029050220aa08000710300501
c0900c00071044050230aa080007104c05022caa080007105e050228a508
00071064050181b50b000710700501a0930c0007108b050160910c000710
900501c0900c000710960501c0900c000710c2050224aa08000710c80502
20aa08000710d7050230aa08000710dd05022caa08000710e20501c0900c
000710f90501c0900c00071005060220aa0800071011060224aa08000710
21060228a508000710250601a0920c00071031060228a508000710350601
d0940c0007104a060270aa080007105e060226aa080007106506022aaa08
0007107c060206a608000710a606022aaa08000710ac060226aa08000710
b4060160910c000710c9060236aa08000710d1060232aa08000710e30602
28a508000710e9060181b50b000710f50601a0920c0007101f070100920c
0007105a00021ca9080007108500021ca908000710d00002a8660a000710
e60002e8a508000710ec000200a608000710f30002ac620a000710fb0002
e8a50800071004010228a50800071009010181b50b000710100101a0930c
000710360102e8a50800071045010224aa080007104a010220aa08000710
7001029c720a000710860102e8a5080007108c010200a608000710930102
ac620a0007109b0102e8a508000710a4010228a508000710a9010181b50b
000710b00101a0920c000710d60102e8a508000710e501022aaa08000710
ea010226aa080007100a020238aa0800071014020206a608000710680202
38aa0800071089020238aa08000710a6020220aa08000710b0020224aa08
000710bd020228a508000710c30201d0940c000710cb0201a0920c000710
d3020228a508000710d7020181b50b000710dd020206a608000710f00202
24aa08000710f5020220aa080007100c030230aa080007101103022caa08
00071028030224aa080007102e030220aa0800071039030228a508000710
3d0301a0930c00071052030224aa0800071058030220aa08000710670302
30aa080007106d03022caa0800071081030224aa0800071087030220aa08
000710aa030270aa08000710be030226aa08000710c503022aaa08000710
d4030228a508000710da0301d0940c000710e6030228a5080007106e0702
84aa080007107407028aaa080007107907028caa080007107e070290aa08
0007108607027aaa080007108d07027eaa0800071099070298aa08000710
9f070294aa08000710a607029aaa08000710ab070274aa08000710c60702
00a608000710d8070298aa08000710de070294aa08000710e507029aaa08
000710ec070200a608000710b10b0268620a000710cd0b02c4a508000710
aa0c025c610a000710b60c0261610a000710f50c025c610a0007100e0d02
61610a0007102c0d0261610a000710540d025c610a000710670d025c610a
000710770d022ca5080007107b0d01cdae0c000710830d0206a608000710
920d0160a10c000710970d01cdae0c0007109d0d0211a608000710a80d02
2ca508000710c20d0131b00c000710c70d0121af0c000710cd0d0121af0c
0007101f0e02918d05000710480e025c610a0007105a0e0261610a000710
930e029caa080007109c0e02c4a508000710ae0e0206a608000710d00e02
9caa08000710f10e0206a608000710ce0f02e8a508000710d50f02beac08
000710db0f02c0ac08000710e30f02beac08000710e90f02beaa08000710
ee0f02e8a508000710f70f0211a608000710fe0f02beac08000710790002
10a3080007108f000210a308000710e0000210a30800071005010206a608
0007100e010207a60800071025010206a60800071069010244aa08000710
86010244aa08000710b20102bca808000710b6010150a10c000710cc0102
3caa08000710d301023caa080007100f02023caa080007101602023caa08
0007102502023caa080007102c02023caa080007105502023caa08000710
5c02023caa080007107502023caa080007107c02023caa08000710840201
e8a20c0007108802011ca30c0007108c02015da30c000710900201eda20c
0007109402015da30c0007109802015da30c0007109c02012fa30c000710
a002015da30c000710a402015da30c000710a802015da30c000710ac0201
5da30c000710b002015da30c000710d302023caa08000710e4020184a20c
000710ff02023caa080007104003023caa080007107603023caa08000710
c70302ac660a00071016040270aa0800071024040206a608000710630402
5c610a00071070040261610a000710bc04025c610a000710ca040261610a
000710d904021caa080007106a050206a6080007108d050206a608000710
d0050268620a000710040602c4a808000710120602c4a808000710460602
c4a808000710590602c4a80800071055070274aa080007105c070278aa08
00071063070280aa0800071068070286aa08000710feff02beac08000710
040002c0ac080007100a0002e8a508000710110002beac08000710ff0002
a8aa080007101f0102b2aa08000710270102baaa080007107301025c610a
00071087010261610a000710b30102c7ac08000710bc010121af0c000710
c401012eaf0c000710ca010206a608000710fa0102c5ac08000710090202
9eaa080007101002029caa080007101c0202a2aa0800071022020206a608
000710810202c5ac080007108a0202a2aa080007109002029eaa08000710
9702029caa08000710a80202c4ac08000710b002029eaa08000710b70202
9caa08000710be0202c4ac08000710ca02012eaf0c000710d60202c4ac08
000710dc02029eaa08000710e302029caa08000710f202025c610a000710
fb02021caa08000710110302e18e0500071035030270aa08000710440302
c4ac08000710490302c6ac080007104f0302c8ac08000710590302c5ac08
0007105f0302c7ac080007106f0302c4ac08000710750302c5ac08000710
7b0302c6ac08000710810302c7ac08000710870302c8ac08000710c80e02
d01508000710d00e0290af04000700d40e01b72c0700d80e01e72c0710e0
0e0280af04000700e40e014a2d0710e80e011ab00b000710ec0e011ab00b
000710f00e011ab00b000710f40e011ab00b000710000f0260af04000700
040f014e2f0700080f01d72d07000c0f01012e0700100f01292f0700140f
01fc2e0710280f015ba80b0007002c0f01e72c0710340f02d51608000710
440f015ba80b000710480f015ba80b0007004c0f014e2f0710540f02be16
08000710680f02ba1608000710780f02a81608000710880f02a816080007
10980f02d11608000710a80f02921608000710b40f02d01508000710c00f
02f0af04000700c40f013b300700c80f01d42f0710d80f015ba80b000700
dc0f01d42f0710e40f02f51608000710f80f02f11608000710680c025790
05000710780c02b79005000710800c0290ac04000700840c01a907071088
0c011ab00b0007008c0c01b4070710980c02fd8f05000710a00c02d0ac04
000700a40c01cb250700a80c0173250710b80c015ba80b000700bc0c0173
250710c40c02e81508000710d80c02e41508000710e80c02d01508000710
f00c0220ad04000700f40c01db260700f80c0183260710080d015ba80b00
07000c0d0183260710140d02ff1508000710280d02fb1508000710380d02
d01508000710400d0270ad04000700440d01c9270700480d017127071058
0d015ba80b0007005c0d0171270710640d02141608000710780d02101608
000710880d02d01508000710900d02c0ad04000700940d0164280700980d
01c0280710a80d015ba80b000700ac0d01c0280710b40d02301608000710
c80d022c1608000710d80d02d01508000710e00d0210ae04000700e40d01
b6290700e80d015e290710f80d015ba80b000700fc0d015e290710040e02
401608000710180e023c1608000710280e02d01508000710300e0260ae04
000700340e01e92a0700380e01912a0710480e015ba80b0007004c0e0191
2a0710540e025b1608000710680e02571608000710780e02d01508000710
800e02b0ae04000700840e014f2c0700880e01f72b0710980e015ba80b00
07009c0e01f72b0710a40e02701608000710b80e026c1608000710400a02
70aa04000700440a012c000710580a015ba80b0007005c0a012c00071064
0a02f48f05000710780a02f08f05000710800a02e0aa04000700840a01a9
070700880a014a0107008c0a01e5000710900a02c0aa04000710940a016b
c909000710a80a015ba80b000700ac0a01e5000710b40a02319005000710
c80a021f9005000710d80a020f9005000710e80a022d9005000710f80a02
fd8f05000710000b0250ab04000700040b01a9070700080b01ed0107000c
0b0195010710180b015ba80b0007001c0b0195010710240b024690050007
10340b0126c909000700380b01650107103c0b016bc909000710440b0223
9005000710580b02429005000710680b02fd8f05000710700b0270ac0400
0700740b0139020710800b0260ac04000700840b017b040710880b011ab0
0b0007108c0b011ab00b000710900b011ab00b000710940b011ab00b0007
10a00b0240ac04000700a40b018c060700a80b010b050700ac0b01350507
00b00b0167060700b40b0135060710c00b0230ac04000700c40b015e0707
00d40b0121020710d80b015ba80b000700dc0b0139020710e40b02bb9005
000710f80b015ba80b000700fc0b015e070710040c02949005000710140c
015ba80b000710180c015ba80b0007001c0c018c060710240c0275900500
0710380c02909005000710480c02719005000710580c0257900500071018
0e02131c08000710280e02d01508000710300e0260be04000700340e011c
610700380e0163600710480e015ba80b0007004c0e0163600710540e0230
1c08000710680e022c1c08000710780e02d01508000710800e02b0be0400
0700840e01dd610700880e0192610710980e015ba80b0007009c0e019261
0710a40e02491c08000710b80e02451c08000710c80e02d01508000710d0
0e0200bf04000700d40e0194620700d80e0149620710e80e015ba80b0007
00ec0e0149620710f40e02651c08000710080f02611c08000710180f02d0
1508000710200f0250bf04000700240f0145630700280f01ed620710380f
015ba80b0007003c0f01ed620710440f027f1c08000710580f027b1c0800
0710680f02d01508000710700f02a0bf04000700740f0120640700780f01
be630710880f015ba80b0007008c0f01be630710940f02951c08000710a8
0f02911c08000710b80f021b1908000710c40f02d01508000710d00f0200
c004000700d40f0182640700d80f01cd640710e80f015ba80b000700ec0f
01cd640710f40f02b61c08000700a40b01aa590700a80b015f590710b80b
015ba80b000700bc0b015f590710c40b02371b08000710d80b02331b0800
0710e80b02d01508000710f00b0220bc04000700f40b018a5a0700f80b01
bf5a0710080c015ba80b0007000c0c01bf5a0710140c02531b0800071028
0c024f1b08000710380c02d01508000710400c0270bc04000700440c017f
5b0700480c01345b0710580c015ba80b0007005c0c01345b0710640c026e
1b08000710780c026a1b08000710880c02d01508000710900c02c0bc0400
0700940c01455c0700980c01fa5b0710a80c015ba80b000700ac0c01fa5b
0710b40c02a71b08000710c80c02a31b08000710d80c02891b08000710e4
0c02d01508000710f00c0220bd04000700f40c011a5d0700f80c01c25c07
10080d015ba80b0007000c0d01c25c0710140d02cb1b08000710280d02c7
1b08000710380d02d01508000710400d0270bd04000700440d012a5e0700
480d01df5d0710580d015ba80b0007005c0d01df5d0710640d02e91b0800
0710780d02e51b08000710880d02d01508000710900d02c0bd0400070094
0d01da5e0700980d018f5e0710a80d015ba80b000700ac0d018f5e0710b4
0d02fc1b08000710c80d02f81b08000710d80d02d01508000710e00d0210
be04000700e40d01f55f0700e80d017e5f0710f80d015ba80b000700fc0d
017e5f0710040e02171c080007103409023d1a08000710480902391a0800
0710580902d0150800071060090290b90400070064090171500700680901
a15007107809015ba80b0007007c0901a1500710840902601a0800071098
09025c1a08000710a80902921608000710b40902d01508000710c00902f0
b904000700c40901ec510700c8090125510710d809015ba80b000700dc09
0125510710e40902801a08000710f809027c1a08000710080a02d0150800
0710100a0240ba04000700140a0175520700180a01bd520710280a015ba8
0b0007002c0a01bd520710340a02a11a08000710480a029d1a0800071058
0a02d01508000710600a0290ba04000700640a01dd530700680a018c5407
10780a015ba80b0007007c0a018c540710840a02c31a08000710980a02bf
1a08000710a80a02d01508000710b00a02e0ba04000700b40a018a560700
b80a01ca550710c80a015ba80b000700cc0a01ca550710d40a02de1a0800
0710e80a02da1a08000710f80a02d01508000710000b0230bb0400070004
0b0152580700080b01a3570710180b015ba80b0007001c0b01a357071024
0b02fc1a08000710380b02f81a08000710480b02d01508000710500b0280
bb04000700540b0111590700580b01c6580710680b015ba80b0007006c0b
01c6580710740b021a1b08000710880b02161b08000710980b02d0150800
0710a00b02d0bb04000710f806015ba80b000700fc0601ac460710040702
8119080007101807027d1908000710280702921608000710340702d01508
00071040070270b7040007004407017f470700480701274707105807015b
a80b0007005c0701274707106407029f19080007107807029b1908000710
880702d01508000710900702c0b7040007009407016d4807009807011548
0710a807015ba80b000700ac070115480710b40702b01908000710c80702
ac1908000710d80702d01508000710e0070210b804000700e40701c44907
00e807016c490710f807015ba80b000700fc07016c490710040802c71908
000710180802c31908000710280802d01508000710300802f0b804000700
3408019b4a0700380801824b0710400802e0b804000700440801414c0710
4808011ab00b0007104c08011ab00b0007105008011ab00b000710540801
1ab00b000710600802c0b804000700640801524e0700680801d14c07006c
0801fb4c07007008012d4e0700740801fb4d07108808015ba80b0007008c
0801824b0710940802271a08000710a408015ba80b000710a808015ba80b
000700ac0801524e0710b40802ff1908000710c80802fb1908000710d808
02d81908000710e80802d81908000710f80802231a08000710080902d015
0800071010090240b904000700140901e74f0700180901f34e0710280901
5ba80b0007002c0901f34e0700b40401303f0700b80401883f0710c00402
60b504000700c40401c3400710c804011ab00b000710cc04011ab00b0007
10d004011ab00b000710d404011ab00b000710e0040240b504000700e404
01d8420700e8040152410700ec04017d410700f00401b3420700f4040181
4207100805015ba80b0007000c0501883f0710140502c818080007102405
015ba80b0007102805015ba80b0007002c0501d8420710340502b1180800
0710480502ad18080007105805029b18080007106805029b180800071078
0502c41808000710880502d01508000710900502c0b504000700940501b2
43070098050167430710a805015ba80b000700ac050167430710b40502e6
1808000710c80502e21808000710d80502d01508000710e0050210b60400
0700e4050176440700e805011e440710f805015ba80b000700fc05011e44
0710040602011908000710180602fd1808000710280602d0150800071030
060260b60400070034060198450700380601364507104806015ba80b0007
004c0601364507105406023d19080007106806023919080007107806021b
1908000710840602d01508000710900602c0b60400070094060134460700
980601e9450710a806015ba80b000700ac0601e9450710b406025f190800
0710c806025b1908000710d80602d01508000710e0060210b704000700e4
06017c460700e80601ac46071040020270b2040007004402012d39070048
0201d43807105802015ba80b0007005c0201d4380710640202d017080007
10780202cc1708000710880202921608000710940202d01508000710a002
02d0b204000700a402019f390700a80201e3390710b802015ba80b000700
bc0201e3390710c40202ec1708000710d80202e81708000710e802029216
08000710f40202d0150800071000030230b304000700040301963a070008
03014b3a07101803015ba80b0007001c03014b3a07102403020d18080007
10380302091808000710480302d0150800071050030280b3040007005403
011f3b0700580301823b07106803015ba80b0007006c0301823b07107403
022e18080007108803022a1808000710980302d01508000710a00302d0b3
04000700a40301173c0700a80301733c0710b803015ba80b000700bc0301
733c0710c40302481808000710d80302441808000710e80302d015080007
10f0030220b404000700f40301093d0700f803016f3d07100804015ba80b
0007000c04016f3d07101404025d18080007102804025918080007103804
02921608000710440402d0150800071050040280b404000700540401d73d
0700580401073e07106804015ba80b0007006c0401073e07107404027c18
08000710880402781808000710980402921608000710a40402d015080007
10b0040270b504000710080002d01508000710100002d0b0040007001400
01c030070018000118310710200002c0b004000700240001143207102800
011ab00b0007102c00011ab00b0007103000011ab00b0007103400011ab0
0b000710400002a0b00400070044000125340700480001a43207004c0001
ce32070050000100340700540001ce3307106800015ba80b0007006c0001
183107107400025e17080007108400015ba80b0007108800015ba80b0007
008c0001253407109400023a1708000710a80002361708000710b8000217
1708000710c80002171708000710d800025a1708000710e8000292160800
0710f40002d0150800071000010230b104000700040101f0340700080101
a53407101801015ba80b0007001c0101a534071024010273170800071038
01026f1708000710480102d0150800071050010280b10400070054010197
3507005801014c3507106801015ba80b0007006c01014c35071074010287
1708000710880102831708000710980102d01508000710a00102d0b10400
0700a4010132360700a8010178360710b801015ba80b000700bc01017836
0710c40102a61708000710d80102a21708000710e80102d01508000710f0
010220b204000700f40101d2370700f801017a3707100802015ba80b0007
000c02017a370710140202c11708000710280202bd1708000710380202d0
1508000700280f0170cb07102c0f02d0cf09000700340f016dcc0710380f
02d4cf09000700400f016acd0710440f02d8cf090007004c0f0167ce0710
500f02dccf09000700580f0164cf07105c0f02e0cf09000700640f0161d0
0710680f02e4cf09000700700f015ed10710740f02e8cf090007007c0f01
5bd20710800f02eccf09000700880f0158d307108c0f02f0cf0900070094
0f0155d40710980f02f4cf09000700a00f0152d50710a40f02f8cf090007
00ac0f014fd60710b00f02fccf09000700b80f014cd70710bc0f0200d009
000700c40f0149d80710c80f0204d009000700d00f0146d90710d40f0208
d009000700dc0f0143da0710e00f020cd009000700e80f0140db0710ec0f
0210d009000700f40f013ddc0710f80f0214d009000700a80d01d0ab0710
ac0d0250cf09000700b40d01cdac0710b80d0254cf09000700c00d01caad
0710c40d0258cf09000700cc0d01c7ae0710d00d025ccf09000700d80d01
c4af0710dc0d0260cf09000700e40d01c1b00710e80d0264cf09000700f0
0d01beb10710f40d0268cf09000700fc0d01bbb20710000e026ccf090007
00080e01b8b307100c0e0270cf09000700140e01b5b40710180e0274cf09
000700200e01b2b50710240e0278cf090007002c0e01afb60710300e027c
cf09000700380e01acb707103c0e0280cf09000700440e01a9b80710480e
0284cf09000700500e01a6b90710540e0288cf090007005c0e01a3ba0710
600e028ccf09000700680e01a0bb07106c0e0290cf09000700740e019dbc
0710780e0294cf09000700800e019abd0710840e0298cf090007008c0e01
97be0710900e029ccf09000700980e0194bf07109c0e02a0cf09000700a4
0e0191c00710a80e02a4cf09000700b00e018ec10710b40e02a8cf090007
00bc0e018bc20710c00e02accf09000700c80e0188c30710cc0e02b0cf09
000700d40e0185c40710d80e02b4cf09000700e00e0182c50710e40e02b8
cf09000700ec0e017fc60710f00e02bccf09000700f80e017cc70710fc0e
02c0cf09000700040f0179c80710080f02c4cf09000700100f0176c90710
140f02c8cf090007001c0f0173ca0710200f02cccf09000710980b029c1f
08000710a80b02851f08000710b40b02d01508000710b80b02c4cb040007
10bc0b011ab00b000700c00b01c2910710cc0b02851f08000710dc0b02d0
1508000710e00b0210cc04000700e40b01e0920700e80b0195920710f80b
015ba80b000700fc0b0195920710040c02a12008000710180c029d200800
0710280c02d01508000710300c0260cc04000700340c0173940700380c01
1b940710480c015ba80b0007004c0c011b940710540c02b6200800071068
0c02b22008000710780c02d01508000710800c02b0cc04000700840c0179
950700880c012e950710980c015ba80b0007009c0c012e950710a40c02ca
2008000710b80c02c62008000710c80c02d01508000710d00c0200cd0400
0700d40c010c960700d80c01c1950710e80c015ba80b000700ec0c01c195
0710f40c021f1908000710080d021b1908000710180d02d0150800070024
0d01f1a00710280d0224cf09000700300d01eea10710340d0228cf090007
003c0d01eba20710400d022ccf09000700480d01e8a307104c0d0230cf09
000700540d01e5a40710580d0234cf09000700600d01e2a50710640d0238
cf090007006c0d01dfa60710700d023ccf09000700780d01dca707107c0d
0240cf09000700840d01d9a80710880d0244cf09000700900d01d6a90710
940d0248cf090007009c0d01d3aa0710a00d024ccf090007105409011ab0
0b00071060090260ca04000700640901c38607106809011ab00b0007106c
09011ab00b0007107009011ab00b0007107409011ab00b00071080090240
ca04000700840901d4880700880901538707008c09017d870700900901af
8807009409017d880710a0090220ca04000700a40901f08a0700a809016f
890700ac090199890700b00901cb8a0700b40901998a0710c809015ba80b
000700cc0901de840710d409024d2008000710e409015ba80b000710e809
015ba80b000700ec0901d4880710f409021c2008000710040a015ba80b00
0710080a015ba80b0007000c0a01f08a0710140a02032008000710280a02
ff1f08000710380a02eb1f08000710480a02182008000710580a02b61f08
000710680a02eb1f08000710780a02b61f08000710880a02492008000710
980a029c1f08000710a40a02851f08000710b00a02d01508000710c00a02
f0ca04000700c40a01ad8b0700c80a01628b0710d80a015ba80b000700dc
0a01628b0710e40a02682008000710f80a02642008000710080b02d01508
000710100b0240cb04000700140b01528c0700180b01078c0710280b015b
a80b0007002c0b01078c0710340b02842008000710480b02802008000710
580b02d01508000710600b0290cb04000700640b01d5900700680b01248f
0710780b015ba80b0007007c0b01248f0710840b02a01f08000710100702
70c7040007001407014d7f0700180701cc7d07001c0701f67d0700200701
287f0700240701f67e07103807015ba80b0007003c0701c47b0710440702
1d1f080007105407015ba80b0007105807015ba80b0007005c07014d7f07
10640702041f08000710780702001f08000710880702ec1e080007109807
02ec1e08000710a80702191f08000710b80702d01508000710c00702f0c7
04000700c407013d800700c807016d800710d807015ba80b000700dc0701
6d800710e40702961608000710f80702921608000710080802d015080007
1010080240c8040007001408013b810700180801948107102808015ba80b
0007002c080194810710340802361f08000710480802321f080007105808
02921608000710640802d01508000710700802a0c8040007007408016782
0700780801b88207108808015ba80b0007008c0801b8820710940802501f
08000710a808024c1f08000710b80802921608000710c40802d015080007
10d0080200c904000700d4080161830700d80801dc830710e808015ba80b
000700ec0801dc830710f408026f1f080007100809026b1f080007101809
02921608000710240902d0150800071030090280ca040007003409019f85
0700380901de84071040090270ca04000700440901618607104809011ab0
0b0007104c09011ab00b0007105009011ab00b000710e0040210c5040007
00e4040142730700e80401ea720710f804015ba80b000700fc0401ea7207
10040502701e080007101805026c1e08000710280502d015080007103005
0260c504000700340501ef730700380501a47307104805015ba80b000700
4c0501a4730710540502841e08000710680502801e08000710780502d015
080007107c050288c5040007108005011ab00b0007008405015c74071090
0502d01508000710a00502d0c504000700a40501f6750700a80501367507
10b805015ba80b000700bc050136750710c405029a1e08000710d8050296
1e08000710e80502d01508000710f0050220c604000700f40501cb770700
f80501fe7607100806015ba80b0007000c0601fe760710140602b71e0800
0710280602b31e08000710380602d0150800071040060270c60400070044
0601f77807004806013e7807105806015ba80b0007005c06013e78071064
0602d31e08000710780602cf1e08000710880602d01508000710900602c0
c604000700940601377a070098060170790710a806015ba80b000700ac06
0170790710b406028d1b08000710c80602891b08000710d80602d0150800
0710e00602a0c704000700e40601c47c0700e80601c47b0710f0060290c7
04000700f406013c7d0710f806011ab00b000710fc06011ab00b00071000
07011ab00b0007100407011ab00b0007107802015ba80b0007007c020172
6b07108402029e1d080007109802029a1d08000710a80202d01508000710
b00202e0c204000700b40201746d0700b80201066d0710c802015ba80b00
0700cc0201066d0710d40202af1d08000710e80202ab1d08000710f80202
d0150800071000030230c304000700040301d56e07000803018a6e071018
03015ba80b0007001c03018a6e0710240302c41d08000710380302c01d08
000710480302d0150800071050030280c304000700540301ee6f07005803
018b6f07106803015ba80b0007006c03018b6f0710740302e51d08000710
880302e11d08000710980302d01508000710a00302d0c304000700a40301
b3700700a8030159700710b803015ba80b000700bc030159700710c40302
fe1d08000710d80302fa1d08000710e80302d01508000710f0030220c404
000700f4030163710700f80301097107100804015ba80b0007000c040109
7107101404021d1e08000710280402191e08000710380402d01508000710
40040270c404000700440401b1710700480401dc7107105804015ba80b00
07005c0401dc710710640402381e08000710780402341e08000710880402
d01508000710900402c0c404000700940401447207009804016f720710a8
04015ba80b000700ac04016f720710b40402531e08000710c804024f1e08
000710d80402d01508000710080002b21c08000710180002d01508000710
20000250c004000700240001a9650700280001506507103800015ba80b00
07003c000150650710440002ce1c08000710580002ca1c08000710680002
1b1908000710740002d01508000710800002b0c004000700840001ad6607
00880001626607109800015ba80b0007009c000162660710a40002ec1c08
000710b80002e81c08000710c80002d01508000710d0000200c104000700
d4000145670700d80001fa660710e800015ba80b000700ec0001fa660710
f40002071d08000710080102031d08000710180102d01508000710200102
50c1040007002401014f680700280101bc6707103801015ba80b0007003c
0101bc670710440102231d080007105801021f1d08000710680102d01508
000710700102a0c10400070074010110690700780101566907108801015b
a80b0007008c010156690710940102441d08000710a80102401d08000710
b80102d01508000710c00102f0c104000700c40101286a0700c80101356a
0710d801015ba80b000700dc0101356a0710e40102641d08000710f80102
601d08000710080202d0150800071010020240c204000700140201c96a07
00180201d66a07102802015ba80b0007002c0201d66a0710340202801d08
0007104802027c1d08000710580202d0150800071060020290c204000700
640201ca6b0700680201726b0710680f015ba80b0007006c0f012ee10710
740f021f2c08000700840f0167e10710880f015ba80b0007008c0f012be2
0710940f02e22b08000700a40f0164e20710a80f015ba80b000700ac0f01
28e30710b40f02a82b08000700c40f0161e30710c80f015ba80b000700cc
0f0125e40710d40f026c2b08000700e40f015ee40710e80f015ba80b0007
00ec0f0122e50710f40f02342b08000710680d015ba80b0007006c0d015e
d10710740d02a12f08000700840d0197d10710880d015ba80b0007008c0d
015bd20710940d026a2f08000700a40d0194d20710a80d015ba80b000700
ac0d0158d30710b40d02312f08000700c40d0191d30710c80d015ba80b00
0700cc0d0155d40710d40d02fc2e08000700e40d018ed40710e80d015ba8
0b000700ec0d0152d50710f40d02c42e08000700040e018bd50710080e01
5ba80b0007000c0e014fd60710140e028d2e08000700240e0188d6071028
0e015ba80b0007002c0e014cd70710340e02552e08000700440e0185d707
10480e015ba80b0007004c0e0149d80710540e021d2e08000700640e0182
d80710680e015ba80b0007006c0e0146d90710740e02e22d08000700840e
017fd90710880e015ba80b0007008c0e0143da0710940e02a92d08000700
a40e017cda0710a80e015ba80b000700ac0e0140db0710b40e02732d0800
0700c40e0179db0710c80e015ba80b000700cc0e013ddc0710d40e023e2d
08000700e40e0176dc0710e80e015ba80b000700ec0e013add0710f40e02
042d08000700040f0173dd0710080f015ba80b0007000c0f0137de071014
0f02c92c08000700240f0170de0710280f015ba80b0007002c0f0134df07
10340f028d2c08000700440f016ddf0710480f015ba80b0007004c0f0131
e00710540f025a2c08000700640f016ae00710680b015ba80b0007006c0b
018ec10710740b02243308000700840b01c7c10710880b015ba80b000700
8c0b018bc20710940b02ed3208000700a40b01c4c20710a80b015ba80b00
0700ac0b0188c30710b40b02b83208000700c40b01c1c30710c80b015ba8
0b000700cc0b0185c40710d40b027e3208000700e40b01bec40710e80b01
5ba80b000700ec0b0182c50710f40b02463208000700040c01bbc5071008
0c015ba80b0007000c0c017fc60710140c020b3208000700240c01b8c607
10280c015ba80b0007002c0c017cc70710340c02d33108000700440c01b5
c70710480c015ba80b0007004c0c0179c80710540c029e3108000700640c
01b2c80710680c015ba80b0007006c0c0176c90710740c02693108000700
840c01afc90710880c015ba80b0007008c0c0173ca0710940c022d310800
0700a40c01acca0710a80c015ba80b000700ac0c0170cb0710b40c02ef30
08000700c40c01a9cb0710c80c015ba80b000700cc0c016dcc0710d40c02
bc3008000700e40c01a6cc0710e80c015ba80b000700ec0c016acd0710f4
0c02873008000700040d01a3cd0710080d015ba80b0007000c0d0167ce07
10140d024b3008000700240d01a0ce0710280d015ba80b0007002c0d0164
cf0710340d02143008000700440d019dcf0710480d015ba80b0007004c0d
0161d00710540d02dc2f08000700640d019ad007106809015ba80b000700
6c0901beb10710740902853608000700840901f7b107108809015ba80b00
07008c0901bbb20710940902523608000700a40901f4b20710a809015ba8
0b000700ac0901b8b30710b409021e3608000700c40901f1b30710c80901
5ba80b000700cc0901b5b40710d40902e83508000700e40901eeb40710e8
09015ba80b000700ec0901b2b50710f40902b33508000700040a01ebb507
10080a015ba80b0007000c0a01afb60710140a02803508000700240a01e8
b60710280a015ba80b0007002c0a01acb70710340a02453508000700440a
01e5b70710480a015ba80b0007004c0a01a9b80710540a020d3508000700
640a01e2b80710680a015ba80b0007006c0a01a6b90710740a02d7340800
0700840a01dfb90710880a015ba80b0007008c0a01a3ba0710940a029e34
08000700a40a01dcba0710a80a015ba80b000700ac0a01a0bb0710b40a02
6a3408000700c40a01d9bb0710c80a015ba80b000700cc0a019dbc0710d4
0a02363408000700e40a01d6bc0710e80a015ba80b000700ec0a019abd07
10f40a02fd3308000700040b01d3bd0710080b015ba80b0007000c0b0197
be0710140b02c73308000700240b01d0be0710280b015ba80b0007002c0b
0194bf0710340b028f3308000700440b01cdbf0710480b015ba80b000700
4c0b0191c00710540b02583308000700640b01cac007106807015ba80b00
07006c0701eea10710740702013a0800070084070127a207108807015ba8
0b0007008c0701eba20710940702c73908000700a4070124a30710a80701
5ba80b000700ac0701e8a30710b407028e3908000700c4070121a40710c8
07015ba80b000700cc0701e5a40710d40702553908000700e407011ea507
10e807015ba80b000700ec0701e2a50710f407021a39080007000408011b
a607100808015ba80b0007000c0801dfa60710140802da38080007002408
0118a707102808015ba80b0007002c0801dca70710340802a13808000700
44080115a807104808015ba80b0007004c0801d9a807105408026d380800
070064080112a907106808015ba80b0007006c0801d6a907107408023938
080007008408010faa07108808015ba80b0007008c0801d3aa0710940802
fe3708000700a408010cab0710a808015ba80b000700ac0801d0ab0710b4
0802c83708000700c4080109ac0710c808015ba80b000700cc0801cdac07
10d40802943708000700e4080106ad0710e808015ba80b000700ec0801ca
ad0710f4080260370800070004090103ae07100809015ba80b0007000c09
01c7ae07101409022c370800070024090100af07102809015ba80b000700
2c0901c4af0710340902f73608000700440901fdaf07104809015ba80b00
07004c0901c1b00710540902bf3608000700640901fab007006405013ddc
071070050260e4040007007405013add071080050250e404000700840501
37de071090050240e40400070094050134df0710a0050230e404000700a4
050131e00710b0050220e404000700b405012ee10710c0050210e4040007
00c405012be20710d0050200e404000700d4050128e30710e00502f0e304
000700e4050125e40710f00502e0e304000700f4050122e50710000602d0
e3040007000406011fe60710100602c0e3040007001406011ce707102006
02b0e30400070024060119e80710300602a0e30400070034060116e90710
40060290e30400070044060113ea071050060280e30400070054060110eb
071060060270e3040007006406010dec071070060260e304000700740601
0aed071080060250e30400070084060107ee071090060240e30400070094
060104ef0710a0060230e304000700a4060101f00710b0060220e3040007
00b40601fef00710c0060210e304000700c40601fbf10710d0060200e304
000700d40601f8f20710e00602f0e204000700e40601f5f30710f00602e0
e204000700f40601f2f40710000702d0e204000700040701eff507101007
02c0e204000700140701ecf60710200702b0e204000700240701e9f70710
300702a0e204000700340701e6f807004407012da007104807015ba80b00
07004c0701f1a007105407023b3a080007006407012aa107006403019dbc
071070030260e6040007007403019abd071080030250e604000700840301
97be071090030240e60400070094030194bf0710a0030230e604000700a4
030191c00710b0030220e604000700b403018ec10710c0030210e6040007
00c403018bc20710d0030200e604000700d4030188c30710e00302f0e504
000700e4030185c40710f00302e0e504000700f4030182c50710000402d0
e5040007000404017fc60710100402c0e5040007001404017cc707102004
02b0e50400070024040179c80710300402a0e50400070034040176c90710
40040290e50400070044040173ca071050040280e50400070054040170cb
071060040270e5040007006404016dcc071070040260e504000700740401
6acd071080040250e50400070084040167ce071090040240e50400070094
040164cf0710a0040230e504000700a4040161d00710b0040220e5040007
00b404015ed10710c0040210e504000700c404015bd20710d0040200e504
000700d4040158d30710e00402f0e404000700e4040155d40710f00402e0
e404000700f4040152d50710000502d0e4040007000405014fd607101005
02c0e4040007001405014cd70710200502b0e40400070024050149d80710
300502a0e40400070034050146d9071040050290e40400070044050143da
071050050280e40400070054050140db071060050270e404000710740101
1ab00b00071080010240e804000700840101d89f0700880101579e07008c
0101819e0700900101b39f0700940101819f0710a0010230e804000700a4
0101f1a00710b0010220e804000700b40101eea10710c0010210e8040007
00c40101eba20710d0010200e804000700d40101e8a30710e00102f0e704
000700e40101e5a40710f00102e0e704000700f40101e2a50710000202d0
e704000700040201dfa60710100202c0e704000700140201dca707102002
02b0e704000700240201d9a80710300202a0e704000700340201d6a90710
40020290e704000700440201d3aa071050020280e704000700540201d0ab
071060020270e704000700640201cdac071070020260e704000700740201
caad071080020250e704000700840201c7ae071090020240e70400070094
0201c4af0710a0020230e704000700a40201c1b00710b0020220e7040007
00b40201beb10710c0020210e704000700c40201bbb20710d0020200e704
000700d40201b8b30710e00202f0e604000700e40201b5b40710f00202e0
e604000700f40201b2b50710000302d0e604000700040301afb607101003
02c0e604000700140301acb70710200302b0e604000700240301a9b80710
300302a0e604000700340301a6b9071040030290e604000700440301a3ba
071050030280e604000700540301a0bb071060030270e604000700000001
3add071004000218d0090007000c000137de07101000021cd00900070018
000134df07101c000220d00900070024000131e0071028000224d0090007
003000012ee1071034000228d0090007003c00012be207104000022cd009
00070048000128e307104c000230d00900070054000125e4071058000234
d00900070060000122e5071064000238d0090007006c00011fe607107000
023cd0090007007800011ce707107c000240d00900070084000119e80710
88000244d00900070090000116e9071094000248d0090007009c000113ea
0710a000024cd009000700a8000110eb0710ac000250d009000700b40001
0dec0710b8000254d009000700c000010aed0710c4000258d009000700cc
000107ee0710d000025cd009000700d8000104ef0710dc000260d0090007
00e4000101f00710e8000264d009000700f00001fef00710f4000268d009
000700fc0001fbf107100001026cd009000700080101f8f207100c010270
d009000700140101f5f3071018010274d009000700200101f2f407102401
0278d0090007002c0101eff507103001027cd009000700380101ecf60710
3c010280d009000700440101e9f7071048010284d009000700500101e6f8
071054010288d00900071060010260e804000700640101c79d0710680101
1ab00b0007106c01011ab00b0007107001011ab00b0007102c0f01828a01
000710340f028a3c08000710480f02863c08000710580f02333b08000710
640f026f3a08000710700f02a0ef04000710740f012f9401000710780f01
ed9901000710880f015ba80b0007108c0f01ed9901000710940f02a73c08
000710a80f02a33c08000710b80f026f3a08000710c00f02f0ef04000710
c40f018c9c01000710c80f01449d01000710d80f015ba80b000710dc0f01
449d01000710e40f02bc3c08000710f80f02b83c08000710f80c026f3a08
000710000d0230ed04000710040d01a66701000710080d019c6901000710
180d015ba80b0007101c0d019c6901000710240d02f73b08000710380d02
f33b08000710480d02333b08000710540d026f3a08000710600d0290ed04
000710640d01df6f01000710680d01b67001000710780d015ba80b000710
7c0d01b67001000710840d020d3c08000710980d02093c08000710a80d02
333b08000710b40d026f3a08000710c00d02f0ed04000710c40d01467301
000710c80d015e7401000710d80d015ba80b000710dc0d015e7401000710
e40d02283c08000710f80d02243c08000710080e026f3a08000710100e02
40ee04000710140e01337b01000710180e01147e01000710280e015ba80b
0007102c0e01147e01000710340e02433c08000710480e023f3c08000710
580e026f3a08000710600e0290ee04000710640e01168101000710680e01
e68101000710780e015ba80b0007107c0e01e68101000710840e02573c08
000710980e02533c08000710a80e026f3a08000710b00e02e0ee04000710
b40e01028501000710b80e01fd8601000710c80e015ba80b000710cc0e01
fd8601000710d40e02713c08000710e80e026d3c08000710f80e02333b08
000710040f026f3a08000710100f0240ef04000710140f01b38901000710
180f01828a01000710280f015ba80b000710a80a01012e01000710b80a01
5ba80b000710bc0a01012e01000710c40a024e3b08000710d80a024a3b08
000710e80a02333b08000710f40a026f3a08000710000b0230eb04000710
040b01a23001000710080b01a83201000710180b015ba80b0007101c0b01
a83201000710240b02683b08000710380b02643b08000710480b026f3a08
000710500b0280eb04000710540b01293c01000710580b016e4101000710
680b015ba80b0007106c0b016e4101000710740b02853b08000710880b02
813b08000710980b02333b08000710a40b026f3a08000710b00b02e0eb04
000710b40b01734601000710b80b01f34701000710c80b015ba80b000710
cc0b01f34701000710d40b029e3b08000710e80b029a3b08000710f80b02
6f3a08000710000c0230ec04000710040c01284a01000710080c016d4b01
000710180c015ba80b0007101c0c016d4b01000710240c02b63b08000710
380c02b23b08000710480c026f3a08000710500c0280ec04000710540c01
d85201000710580c01cc5501000710680c015ba80b0007106c0c01cc5501
000710740c02cf3b08000710880c02cb3b08000710980c02333b08000710
a40c026f3a08000710b00c02e0ec04000710b40c014e5d01000710b80c01
136301000710c80c015ba80b000710cc0c01136301000710d40c02e43b08
000710e80c02e03b08000710780801fd00010007108808015ba80b000710
8c0801fd0001000710940802813a08000710a808027d3a08000710b80802
6f3a08000710c00802f0e804000710c40801f00401000710c80801450601
000710d808015ba80b000710dc0801450601000710e408029c3a08000710
f80802983a080007100809026f3a0800071010090240e904000710140901
f50a01000710180901860c010007102809015ba80b0007102c0901860c01
000710340902b53a08000710480902b13a080007105809026f3a08000710
60090290e9040007106409010810010007106809017c1101000710780901
5ba80b0007107c09017c1101000710840902d53a08000710980902d13a08
000710a809026f3a08000710b00902e0e904000710b40901841701000710
b80901d11901000710c809015ba80b000710cc0901d11901000710d40902
e93a08000710e80902e53a08000710f809026f3a08000710000a0230ea04
000710040a01532101000710080a01f92501000710180a015ba80b000710
1c0a01f92501000710240a02fe3a08000710380a02fa3a08000710480a02
6f3a08000710500a0280ea04000710540a01192901000710580a016b2a01
000710680a015ba80b0007106c0a016b2a01000710740a02173b08000710
880a02133b08000710980a026f3a08000710a00a02d0ea04000710a40a01
322d010007100805022d2f08000710180502662f080007102805029d2f08
000710380502d82f08000710480502103008000710580502473008000710
680502833008000710780502b83008000710880502eb3008000710980502
293108000710a80502653108000710b805029a3108000710c80502cf3108
000710d80502073208000710e80502423208000710f805027a3208000710
080602b43208000710180602e93208000710280602203308000710380602
5433080007104806028b3308000710580602c33308000710680602f93308
0007107806023234080007108806026634080007109806029a3408000710
a80602d33408000710b80602093508000710c80602413508000710d80602
7c3508000710e80602af3508000710f80602e435080007100807021a3608
0007101807024e3608000710280702813608000710380702bb3608000710
480702f336080007105807022837080007106807025c3708000710780702
903708000710880702c43708000710980702fa3708000710a80702353808
000710b80702693808000710c807029d3808000710d80702d63808000710
e80702163908000710f807025139080007100808028a3908000710180802
c33908000710280802fd3908000710380802373a08000710480802a82608
000710580802872608000710680802872608000710700802a0e804000700
740801affe07000402012bf507100802015ba80b0007000c0201eff50710
1402027a270800070024020128f607102802015ba80b0007002c0201ecf6
071034020241270800070044020125f707104802015ba80b0007004c0201
e9f707105402020d270800070064020122f807106802015ba80b0007006c
0201e6f80710740202d226080007108402015ba80b0007108802015ba80b
0007008c0201d89f0710940202ac2608000710a80202ce2608000710b802
02092708000710c802023d2708000710d80202762708000710e80202b627
08000710f80202ef27080007100803022728080007101803026028080007
10280302952808000710380302c828080007104803020329080007105803
023929080007106803026e2908000710780302a22908000710880302dc29
08000710980302112a08000710a803024a2a08000710b80302872a080007
10c80302bc2a08000710d80302f42a08000710e80302302b08000710f803
02682b08000710080402a42b08000710180402de2b080007102804021b2c
08000710380402562c08000710480402892c08000710580402c52c080007
10680402002d080007107804023a2d080007108804026f2d080007109804
02a52d08000710a80402de2d08000710b80402192e08000710c80402512e
08000710d80402892e08000710e80402c02e08000710f80402f82e080007
000400015be507100800015ba80b0007000c00011fe60710140002f82a08
00070024000158e607102800015ba80b0007002c00011ce70710340002c0
2a0800070044000155e707104800015ba80b0007004c000119e807105400
028b2a0800070064000152e807106800015ba80b0007006c000116e90710
7400024e2a080007008400014fe907108800015ba80b0007008c000113ea
0710940002152a08000700a400014cea0710a800015ba80b000700ac0001
10eb0710b40002e02908000700c4000149eb0710c800015ba80b000700cc
00010dec0710d40002a62908000700e4000146ec0710e800015ba80b0007
00ec00010aed0710f4000272290800070004010143ed07100801015ba80b
0007000c010107ee07101401023d290800070024010140ee07102801015b
a80b0007002c010104ef07103401020729080007004401013def07104801
015ba80b0007004c010101f00710540102cc28080007006401013af00710
6801015ba80b0007006c0101fef0071074010299280800070084010137f1
07108801015ba80b0007008c0101fbf10710940102642808000700a40101
34f20710a801015ba80b000700ac0101f8f20710b401022b2808000700c4
010131f30710c801015ba80b000700cc0101f5f30710d40102f327080007
00e401012ef40710e801015ba80b000700ec0101f2f40710f40102ba2708
000710380f015ba80b0007103c0f014ac202000710440f02a44108000710
580f02a04108000710680f026f3a08000710700f02a0ff04000710740f01
1cc502000710780f0162c602000710880f015ba80b0007108c0f0162c602
000710940f02bf4108000710a80f02bb4108000710b80f02333b08000710
c40f026f3a08000710d00f02000005000710d40f0128ca02000710d80f01
9dcb02000710e80f015ba80b000710ec0f019dcb02000710f40f02d24108
000710080d02f14008000710180d02e04008000710240d026f3a08000710
300d0260fd04000710340d01c89b02000710380d01949c02000710480d01
5ba80b0007104c0d01949c02000710540d020d4108000710680d02094108
000710780d026f3a08000710800d02b0fd04000710840d01ff9e02000710
880d0116a202000710980d015ba80b0007109c0d0116a202000710a40d02
234108000710b80d021f4108000710c80d026f3a08000710d00d0200fe04
000710d40d0102ac02000710d80d01beaf02000710e80d015ba80b000710
ec0d01beaf02000710f40d023b4108000710080e02374108000710180e02
6f3a08000710200e0250fe04000710240e010bb702000710280e01d8b902
000710380e015ba80b0007103c0e01d8b902000710440e024f4108000710
580e024b4108000710680e02333b08000710740e026f3a08000710840e01
6bc909000710880e028cd009000710900e02c0fe04000710940e018aba02
000710a40e0179ba02000710a80e015ba80b000710ac0e018aba02000710
b40e02784108000710c80e02744108000710d00e0200ff04000710d40e01
bdbe02000710d80e0175bf02000710e80e015ba80b000710ec0e0175bf02
000710f40e028a4108000710080f02864108000710180f026f3a08000710
200f0250ff04000710240f0194c102000710280f014ac202000710d00a02
00fb04000710d40a01836f02000710d80a01ac7002000710e80a015ba80b
000710ec0a01ac7002000710f40a02364008000710080b02324008000710
180b026f3a08000710200b0250fb04000710240b01827302000710280b01
327502000710380b015ba80b0007103c0b01327502000710440b02524008
000710580b024e4008000710680b026f3a08000710700b02a0fb04000710
740b01107802000710780b01687d02000710880b015ba80b0007108c0b01
687d02000710940b02844008000710a80b02804008000710b80b026f3a08
000710c00b02f0fb04000710c40b01bc7f02000710c80b01728002000710
d80b015ba80b000710dc0b01728002000710e40b02994008000710f80b02
954008000710080c026f3a08000710100c0240fc04000710140c01cc8802
000710180c01a68c02000710280c015ba80b0007102c0c01a68c02000710
340c02af4008000710480c02ab4008000710580c02333b08000710640c02
6f3a08000710700c02a0fc04000710740c01099202000710780c01909402
000710880c015ba80b0007108c0c01909402000710940c02ca4008000710
a80c02c64008000710b80c02333b08000710c40c026f3a08000710d00c02
00fd04000710d40c014a9702000710d80c013f9a02000710e80c015ba80b
000710ec0c013f9a02000710f40c02f54008000710980802803f08000710
a808026c3f08000710b408026f3a08000710c00802d0f804000710c40801
1ab00b000710c808015b4602000710d80802333b08000710e808026f3a08
000710f0080220f904000710f40801394e02000710f808018e5202000710
0809015ba80b0007100c09018e5202000710140902b43f08000710280902
b03f080007103809026f3a0800071040090270f904000710440901765602
000710480901e358020007105809015ba80b0007105c0901e35802000710
640902c73f08000710780902c33f080007108809026f3a08000710900902
c0f904000710940901855c02000710980901825e02000710a809015ba80b
000710ac0901825e02000710b40902dc3f08000710c80902d83f08000710
d809026f3a08000710e0090210fa04000710e40901f56002000710e80901
ad6102000710f809015ba80b000710fc0901ad6102000710040a02f23f08
000710180a02ee3f08000710280a026f3a08000710300a0260fa04000710
340a01ad6302000710380a01106602000710480a015ba80b0007104c0a01
106602000710540a02064008000710680a02024008000710780a026f3a08
000710800a02b0fa04000710840a01a66902000710880a01ad6b02000710
980a015ba80b0007109c0a01ad6b02000710a40a021e4008000710b80a02
1a4008000710c80a026f3a08000710680602c73e080007107806026f3a08
000710800602b0f604000710840601ed2502000710880601a32602000710
9806015ba80b0007109c0601a32602000710a40602e03e08000710b80602
dc3e08000710c806026f3a08000710d0060200f704000710d406014d2902
000710d806011d2a02000710e806015ba80b000710ec06011d2a02000710
f40602f93e08000710080702f53e080007101807026f3a08000710200702
50f704000710240701592f02000710280701fd31020007103807015ba80b
0007103c0701fd3102000710440702103f080007105807020c3f08000710
6807026f3a08000710700702a0f704000710740701513702000710780701
3839020007108807015ba80b0007108c0701383902000710940702283f08
000710a80702243f08000710b807026f3a08000710c00702f0f704000710
c40701923b02000710c807014a3c02000710d807015ba80b000710dc0701
4a3c02000710e407023f3f08000710f807023b3f080007100808026f3a08
00071010080240f804000710140801543e02000710180801b03f02000710
2808015ba80b0007102c0801b03f020007103408025b3f08000710480802
573f080007105808026f3a0800071060080290f8040007106408014c4202
000710680801ed43020007107808015ba80b0007107c0801ed4302000710
840802843f080007105804015ba80b0007105c04017bfa01000710640402
253e08000710780402213e080007108804026f3a08000710900402c0f404
000710940401eafd01000710980401a3ff01000710a404014bfb01000710
a804015ba80b000710ac0401a3ff01000710b40402383e08000710c80402
343e08000710d804026f3a08000710e0040210f504000710e404017a0502
000710e80401ad0802000710f404012c0002000710f804015ba80b000710
fc0401ad0802000710040502543e08000710180502503e08000710280502
6f3a0800071030050260f504000710340501080c02000710380501091102
0007104805015ba80b0007104c0501091102000710540502843e08000710
680502803e08000710780502333b080007108405026f3a08000710900502
c0f5040007109405016f1502000710980501fa1602000710a405015ba80b
000710a805015ba80b000710ac0501fa1602000710b405029c3e08000710
c80502983e08000710d805026f3a08000710e0050210f604000710e40501
461902000710e805014f1a02000710f805015ba80b000710fc05014f1a02
000710040602b33e08000710180602af3e080007102806026f3a08000710
30060260f604000710340601c72002000710380601762302000710440601
5ba80b0007104806015ba80b0007104c0601762302000710540602cb3e08
000710380202663d080007104802026f3a0800071050020280f204000710
54020174c10100071058020136c5010007106802015ba80b0007106c0201
36c501000710740202853d08000710880202813d080007109802026f3a08
000710a00202d0f204000710a40201c3cf01000710a8020174d601000710
b802015ba80b000710bc020174d601000710c402029e3d08000710d80202
9a3d08000710e802026f3a08000710f0020220f304000710f40201f7da01
000710f80201b6dd010007100803015ba80b0007100c0301b6dd01000710
140302b83d08000710280302b43d080007103803026f3a08000710400302
70f30400071044030122e201000710480301cee6010007105403015cde01
0007105803015ba80b0007105c0301cee601000710640302d53d08000710
780302d13d080007108803026f3a08000710900302c0f304000710940301
c7e90100071098030196ea01000710a803015ba80b000710ac030196ea01
000710b40302f03d08000710c80302ec3d08000710d80302333b08000710
e403026f3a08000710f0030220f404000710f40301e0ee01000710f80301
49f1010007100804015ba80b0007100c040149f1010007101404020a3e08
000710280402063e080007103804026f3a0800071040040270f404000710
44040155f5010007104804017bfa01000710540401def101000710080002
6f3a0800071010000240f0040007101400015da001000710180001fea101
0007102800015ba80b0007102c0001fea101000710340002d13c08000710
480002cd3c080007105800026f3a0800071060000290f004000710640001
94a401000710680001aca5010007107800015ba80b0007107c0001aca501
000710840002eb3c08000710980002e73c08000710a800026f3a08000710
b00002e0f004000710b40001eaa801000710b80001f8aa01000710c80001
5ba80b000710cc0001f8aa01000710d40002073d08000710e80002033d08
000710f800026f3a0800071000010230f104000710040101d1ad01000710
08010152b0010007101801015ba80b0007101c010152b001000710240102
1f3d080007103801021b3d080007104801026f3a0800071050010280f104
00071054010108b301000710580101d7b3010007106801015ba80b000710
6c0101d7b3010007107401023b3d08000710880102373d08000710980102
333b08000710a401026f3a08000710b00102e0f104000710b4010187b501
000710b8010113b701000710c801015ba80b000710cc010113b701000710
d40102533d08000710e801024f3d08000710f801026f3a08000710000202
30f20400071004020182ba0100071008020140bd010007101802015ba80b
0007101c020140bd010007102402026a3d08000710200f02b4e409000710
280f01b6e8040007102c0f02b8e409000710340f01a4e904000710380f02
bce409000710400f0192ea04000710440f02c0e4090007104c0f0180eb04
000710500f02c4e409000710580f016eec040007105c0f02c8e409000710
640f015ced04000710680f02cce409000710700f014aee04000710740f02
d0e4090007107c0f0138ef04000710800f02d4e409000710880f0126f004
0007108c0f02d8e409000710940f0114f104000710980f02dce409000710
a00f0102f204000710a40f02e0e409000710ac0f01f0f204000710b00f02
e4e409000710b80f01def304000710bc0f02e8e409000710c40f01ccf404
000710c80f02ece409000710d00f01baf504000710d40f02f0e409000710
dc0f01a8f604000710e00f02f4e409000710e80f0196f704000710ec0f02
f8e409000710f40f0184f804000710f80f02fce409000710940c023d4708
000710a40c015ba80b000710a80c015ba80b000710ac0c0159d003000710
b40c020c4708000710c40c015ba80b000710c80c015ba80b000710cc0c01
75d203000710d40c02e74608000710e40c015ba80b000710e80c015ba80b
000710ec0c0191d403000710f40c02c94608000710040d015ba80b000710
080d015ba80b0007100c0d01add603000710140d02a84608000710240d01
5ba80b000710280d015ba80b0007102c0d01c9d803000710340d02894608
000710440d015ba80b000710480d015ba80b0007104c0d01e5da03000710
540d02664608000710680d02624608000710780d02444608000710880d02
854608000710980d022a4608000710a80d02a44608000710b80d020e4608
000710c80d02c54608000710d80d02f54508000710e80d02e34608000710
f80d02d54508000710080e02084708000710180e02a04508000710280e02
394708000710380e027d4508000710480e02614708000710580e02634508
000710680e02444608000710780e022a4608000710880e020e4608000710
980e02f54508000710a80e02d54508000710b80e02a04508000710c80e02
7d4508000710d80e02634508000710e80e02804708000710f80e02ed4308
000710040f01ece504000710080f02ace409000710100f01dae604000710
140f02b0e4090007101c0f01c8e704000710400b02200e05000710440b01
3dce03000710480b01bccc030007104c0b01e6cc03000710500b0118ce03
000710540b01e6cd03000710600b02000e05000710640b0159d003000710
680b01d8ce030007106c0b0102cf03000710700b0134d003000710740b01
02d003000710800b02e00d05000710840b0175d203000710880b01f4d003
0007108c0b011ed103000710900b0150d203000710940b011ed203000710
a00b02c00d05000710a40b0191d403000710a80b0110d303000710ac0b01
3ad303000710b00b016cd403000710b40b013ad403000710c00b02a00d05
000710c40b01add603000710c80b012cd503000710cc0b0156d503000710
d00b0188d603000710d40b0156d603000710e00b02800d05000710e40b01
c9d803000710e80b0148d703000710ec0b0172d703000710f00b01a4d803
000710f40b0172d803000710000c02600d05000710040c01e5da03000710
080c0164d9030007100c0c018ed903000710100c01c0da03000710140c01
8eda03000710280c015ba80b0007102c0c01966b0b000710340c029a4708
000710440c0145c503000710480c015ba80b0007104c0c0100c703000710
540c02844708000710640c015ba80b000710680c015ba80b0007106c0c01
21cc03000710740c02654708000710840c015ba80b000710880c015ba80b
0007108c0c013dce03000710180a01f3c6030007101c0a0100c703000710
200a02d00e05000710240a0162c703000710280a011ab00b0007102c0a01
1ab00b000710300a011ab00b000710340a011ab00b000710400a02c00e05
000710440a01c4c703000710480a011ab00b0007104c0a011ab00b000710
500a011ab00b000710540a011ab00b000710600a02b00e05000710640a01
26c803000710680a011ab00b0007106c0a011ab00b000710700a011ab00b
000710740a011ab00b000710800a02a00e05000710840a0188c803000710
880a011ab00b0007108c0a011ab00b000710900a011ab00b000710940a01
1ab00b000710a00a02900e05000710a40a01eac803000710a80a011ab00b
000710ac0a011ab00b000710b00a011ab00b000710b40a011ab00b000710
c00a02800e05000710c40a014cc903000710c80a011ab00b000710cc0a01
1ab00b000710d00a011ab00b000710d40a011ab00b000710e00a02700e05
000710e40a01aec903000710e80a011ab00b000710ec0a011ab00b000710
f00a011ab00b000710f40a011ab00b000710000b02600e05000710040b01
10ca03000710080b011ab00b0007100c0b011ab00b000710100b011ab00b
000710140b011ab00b000710200b02400e05000710240b0121cc03000710
280b01a0ca030007102c0b01caca03000710300b01fccb03000710340b01
cacb0300071008080164be030007100c08018ebe03000710100801c0bf03
0007101408018ebf0300071020080240090500071024080101c203000710
28080180c0030007102c0801aac003000710300801dcc103000710340801
aac1030007104008022009050007104408011dc4030007104808019cc203
0007104c0801c6c203000710500801f8c303000710540801c6c303000710
6808015ba80b0007106c0801dc9a090007107408023d4508000710840801
8183030007108808015ba80b0007108c080130ba03000710940802294508
000710a408015ba80b000710a808015ba80b000710ac0801c9bd03000710
b40802034508000710c408015ba80b000710c808015ba80b000710cc0801
e5bf03000710d40802dd4408000710e408015ba80b000710e808015ba80b
000710ec080101c203000710f40802b344080007100409015ba80b000710
0809015ba80b0007100c09011dc4030007101409028f4408000710280902
8b44080007103809026c4408000710480902af4408000710580902474408
000710680902d94408000710780902264408000710880902ff4408000710
980902054408000710a809026c4408000710b80902474408000710c80902
264408000710d80902054408000710e80902254508000710f80902ed4308
000700040a01d8420710080a029ce409000710100a02e00e05000710140a
015bc5030007107406029843080007108806029443080007109806026f3a
08000710a00602d00605000710a40601b47903000710a80601cc7a030007
10b806015ba80b000710bc0601cc7a03000710c40602b34308000710d806
02af4308000710e806026f3a08000710f00602200705000710f40601e97e
03000710f806011582030007100807015ba80b0007100c07011582030007
10140702cb4308000710280702c743080007103807026f3a080007004407
01d84207104807028ce409000710500702e0090500071054070197830300
0710580701d4d0080007105c070130ba03000710600702d0090500071064
070192ba030007106807011ab00b0007106c07011ab00b0007107007011a
b00b0007107407011ab00b000710800702c00905000710840701f4ba0300
07108807011ab00b0007108c07011ab00b0007109007011ab00b00071094
07011ab00b000710a00702b00905000710a4070156bb03000710a807011a
b00b000710ac07011ab00b000710b007011ab00b000710b407011ab00b00
0710c00702a00905000710c40701b8bb03000710c807011ab00b000710cc
07011ab00b000710d007011ab00b000710d407011ab00b000710e0070280
0905000710e40701c9bd03000710e8070148bc03000710ec070172bc0300
0710f00701a4bd03000710f4070172bd0300071000080260090500071004
0801e5bf030007103404021243080007104804020e430800071058040233
3b080007106404026f3a08000710700402a0040500071074040132340300
07107804014c35030007108804015ba80b0007108c04014c350300071094
0402264308000710a80402224308000710b804026f3a08000710c00402f0
0405000710c40401403803000710c80401633903000710d804015ba80b00
0710dc0401633903000710e404023c4308000710f8040238430800071008
05026f3a080007101005022005050007101405011ab00b0007101805011b
5403000710280502e040080007103805026f3a0800071040050270050500
07104405019a5903000710480501e65e030007105805015ba80b0007105c
0501e65e030007106405025043080007107805024c4308000710880502e0
40080007109405026f3a08000710a00502d00505000710a4050117620300
0710a80501226503000710b805015ba80b000710bc0501226503000710c4
05026b4308000710d80502674308000710e80502e04008000710f405026f
3a080007100006023006050007100406013b690300071008060176730300
07101806015ba80b0007101c06017673030007102406027f430800071038
06027b43080007104806026f3a080007105006028006050007105406010c
76030007105806012477030007106806015ba80b0007106c060124770300
071020020250020500071024020157f50200071028020149f70200071034
020148f2020007103802015ba80b0007103c020149f70200071044020295
42080007105802029142080007106802026f3a08000710700202a0020500
0710740201eefa02000710780201d2fc020007108802015ba80b0007108c
0201d2fc02000710940202703f08000710a802026c3f08000710b802026f
3a08000710c00202f00205000710c40201190203000710c8020104070300
0710d802015ba80b000710dc0201040703000710e40202aa4208000710f8
0202a642080007100803026f3a080007101003024003050007101403011a
b00b000710180301110d03000710240301e60d030007102803015ba80b00
07102c03015ba80b000710340302bd42080007104803026f3a0800071050
03028003050007105403011e1d03000710580301cf21030007106803015b
a80b0007106c0301cf2103000710740302e54208000710880302e1420800
0710980302333b08000710a403026f3a08000710b00302e00305000710b4
03015a2903000710b80301622c03000710c803015ba80b000710cc030162
2c03000710d40302f94208000710e80302f54208000710f80302333b0800
07100404026f3a0800071010040240040500071014040130300300071018
04010d31030007102804015ba80b0007102c04010d3103000710080002ce
41080007101800026f3a08000710200002500005000710240001dfd00200
071028000174d2020007103800015ba80b0007103c000174d20200071044
0002eb4108000710580002e741080007106800026f3a08000710700002a0
000500071074000199d502000710780001b2d6020007108800015ba80b00
07108c0001b2d602000710940002004208000710a80002fc4108000710b8
00026f3a08000710c00002f00005000710c40001d7d902000710c80001f0
da02000710d800015ba80b000710dc0001f0da02000710e4000215420800
0710f800021142080007100801026f3a08000710140101aadc0200071018
01015ba80b0007101c01015ba80b0007102401022c420800071030010260
0105000710340101c7de0200071038010153e0020007104801015ba80b00
07104c010153e00200071054010255420800071068010251420800071078
01026f3a08000710800102b001050007108401013be6020007108801016e
e902000710940101ede0020007109801015ba80b0007109c01016ee90200
0710a401026d4208000710b80102694208000710c801026f3a08000710d0
0102000205000710d40101fced02000710d8010156f102000710e4010160
ea02000710e801015ba80b000710ec010156f102000710f4010281420800
07100802027d42080007101802026f3a080007106c0e011c0b0500071074
0e02f25508000710840e01550b05000710880e015ba80b0007108c0e010a
0c05000710940e02c35508000710a40e01430c05000710a80e015ba80b00
0710ac0e01f80c05000710b40e02975508000710c40e01310d05000710c8
0e015ba80b000710cc0e01e60d05000710d40e026f5508000710e40e011f
0e05000710e80e015ba80b000710ec0e01d40e05000710f40e0249550800
0710040f010d0f05000710080f015ba80b0007100c0f01c20f0500071014
0f021c5508000710240f01fb0f05000710280f015ba80b0007102c0f01b0
1005000710340f02f35408000710440f01e91005000710480f015ba80b00
07104c0f019e1105000710540f02c75408000710640f01d7110500071068
0f015ba80b0007106c0f018c1205000710740f029c5408000710840f01c5
1205000710880f015ba80b0007108c0f017a1305000710940f0273540800
0710a40f01b31305000710a80f015ba80b000710ac0f01681405000710b4
0f02485408000710c40f01a11405000710c80f015ba80b000710cc0f0156
1505000710d40f021e5408000710e40f018f1505000710e80f015ba80b00
0710ec0f01441605000710f40f02f85308000710ac0c0118fe04000710b4
0c023a5808000710c40c0151fe04000710c80c015ba80b000710cc0c0106
ff04000710d40c02105808000710e40c013fff04000710e80c015ba80b00
0710ec0c01f4ff04000710f40c02e75708000710040d012d000500071008
0d015ba80b0007100c0d01e20005000710140d02be5708000710240d011b
0105000710280d015ba80b0007102c0d01d00105000710340d0296570800
0710440d01090205000710480d015ba80b0007104c0d01be020500071054
0d02715708000710640d01f70205000710680d015ba80b0007106c0d01ac
0305000710740d02495708000710840d01e50305000710880d015ba80b00
07108c0d019a0405000710940d02235708000710a40d01d30405000710a8
0d015ba80b000710ac0d01880505000710b40d02f85608000710c40d01c1
0505000710c80d015ba80b000710cc0d01760605000710d40d02cf560800
0710e40d01af0605000710e80d015ba80b000710ec0d01640705000710f4
0d02a35608000710040e019d0705000710080e015ba80b0007100c0e0152
0805000710140e02745608000710240e018b0805000710280e015ba80b00
07102c0e01400905000710340e024b5608000710440e0179090500071048
0e015ba80b0007104c0e012e0a05000710540e021f5608000710640e0167
0a05000710680e015ba80b000710ec0a0114f104000710f40a02575a0800
0710040b014df104000710080b015ba80b0007100c0b0102f20400071014
0b022f5a08000710240b013bf204000710280b015ba80b0007102c0b01f0
f204000710340b020a5a08000710440b0129f304000710480b015ba80b00
07104c0b01def304000710540b02e55908000710640b0117f40400071068
0b015ba80b0007106c0b01ccf404000710740b02c05908000710840b0105
f504000710880b015ba80b0007108c0b01baf504000710940b029c590800
0710a40b01f3f504000710a80b015ba80b000710ac0b01a8f604000710b4
0b02775908000710c40b01e1f604000710c80b015ba80b000710cc0b0196
f704000710d40b024d5908000710e40b01cff704000710e80b015ba80b00
0710ec0b0184f804000710f40b02295908000710040c01bdf80400071008
0c015ba80b0007100c0c0172f904000710140c02055908000710240c01ab
f904000710280c015ba80b0007102c0c0160fa04000710340c02d9580800
0710440c0199fa04000710480c015ba80b0007104c0c014efb0400071054
0c02b25808000710640c0187fb04000710680c015ba80b0007106c0c013c
fc04000710740c02885808000710840c0175fc04000710880c015ba80b00
07108c0c012afd04000710940c02635808000710a40c0163fd04000710a8
0c015ba80b000710300902002505000710340901ce3605000710400902f0
2405000710440901bc3705000710500902e02405000710540901aa380500
071064090137e5040007106809015ba80b0007106c0901ece50400071074
0902465c0800071084090125e6040007108809015ba80b0007108c0901da
e6040007109409021b5c08000710a4090113e704000710a809015ba80b00
0710ac0901c8e704000710b40902f05b08000710c4090101e804000710c8
09015ba80b000710cc0901b6e804000710d40902c65b08000710e40901ef
e804000710e809015ba80b000710ec0901a4e904000710f409029d5b0800
0710040a01dde904000710080a015ba80b0007100c0a0192ea0400071014
0a02715b08000710240a01cbea04000710280a015ba80b0007102c0a0180
eb04000710340a02405b08000710440a01b9eb04000710480a015ba80b00
07104c0a016eec04000710540a02165b08000710640a01a7ec0400071068
0a015ba80b0007106c0a015ced04000710740a02f15a08000710840a0195
ed04000710880a015ba80b0007108c0a014aee04000710940a02ca5a0800
0710a40a0183ee04000710a80a015ba80b000710ac0a0138ef04000710b4
0a02a65a08000710c40a0171ef04000710c80a015ba80b000710cc0a0126
f004000710d40a02815a08000710e40a015ff004000710e80a015ba80b00
0710700702c02605000710740701c61c05000710800702b0260500071084
0701b41d05000710900702a02605000710940701a21e05000710a0070290
2605000710a40701901f05000710b00702802605000710b407017e200500
0710c00702702605000710c407016c2105000710d00702602605000710d4
07015a2205000710e00702502605000710e40701482305000710f0070240
2605000710f4070136240500071000080230260500071004080124250500
071010080220260500071014080112260500071020080210260500071024
0801002705000710300802002605000710340801ee2705000710400802f0
2505000710440801dc2805000710500802e02505000710540801ca290500
0710600802d02505000710640801b82a05000710700802c0250500071074
0801a62b05000710800802b02505000710840801942c05000710900802a0
2505000710940801822d05000710a00802902505000710a40801702e0500
0710b00802802505000710b408015e2f05000710c00802702505000710c4
08014c3005000710d00802602505000710d408013a3105000710e0080250
2505000710e40801283205000710f00802402505000710f4080116330500
071000090230250500071004090104340500071010090220250500071014
0901f23405000710200902102505000710240901e03505000710b0050280
2805000710b40501be0205000710c00502702805000710c40501ac030500
0710d00502602805000710d405019a0405000710e00502502805000710e4
0501880505000710f00502402805000710f4050176060500071000060230
280500071004060164070500071010060220280500071014060152080500
071020060210280500071024060140090500071030060200280500071034
06012e0a05000710400602f027050007104406011c0b05000710500602e0
27050007105406010a0c05000710600602d02705000710640601f80c0500
0710700602c02705000710740601e60d05000710800602b0270500071084
0601d40e05000710900602a02705000710940601c20f05000710a0060290
2705000710a40601b01005000710b00602802705000710b406019e110500
0710c00602702705000710c406018c1205000710d00602602705000710d4
06017a1305000710e00602502705000710e40601681405000710f0060240
2705000710f4060156150500071000070230270500071004070144160500
071010070220270500071014070132170500071020070210270500071024
07012018050007103007020027050007103407010e1905000710400702f0
2605000710440701fc1905000710500702e02605000710540701ea1a0500
0710600702d02605000710640701d81b05000710f00302402a05000710f4
0301b6e804000710000402302a05000710040401a4e90400071010040220
2a0500071014040192ea04000710200402102a0500071024040180eb0400
0710300402002a050007103404016eec04000710400402f0290500071044
04015ced04000710500402e029050007105404014aee04000710600402d0
290500071064040138ef04000710700402c0290500071074040126f00400
0710800402b0290500071084040114f104000710900402a0290500071094
040102f204000710a00402902905000710a40401f0f204000710b0040280
2905000710b40401def304000710c00402702905000710c40401ccf40400
0710d00402602905000710d40401baf504000710e00402502905000710e4
0401a8f604000710f00402402905000710f4040196f70400071000050230
290500071004050184f80400071010050220290500071014050172f90400
071020050210290500071024050160fa0400071030050200290500071034
05014efb04000710400502f028050007104405013cfc04000710500502e0
28050007105405012afd04000710600502d0280500071064050118fe0400
0710700502c0280500071074050106ff04000710800502b0280500071084
0501f4ff04000710900502a02805000710940501e20005000710a0050290
2805000710a40501d00105000710a00201822d05000710a40202e0e50900
0710ac0201702e05000710b00202e4e509000710b802015e2f05000710bc
0202e8e509000710c402014c3005000710c80202ece509000710d002013a
3105000710d40202f0e509000710dc0201283205000710e00202f4e50900
0710e80201163305000710ec0202f8e509000710f40201043405000710f8
0202fce509000710000301f2340500071004030200e6090007100c0301e0
350500071010030204e609000710180301ce36050007101c030208e60900
0710240301bc37050007102803020ce609000710300301aa380500071034
030210e609000710400302d02a0500071044030153e0040007104803011a
b00b0007104c03011ab00b0007105003011ab00b0007105403011ab00b00
0710600302c02a05000710640301b5e0040007106803011ab00b0007106c
03011ab00b0007107003011ab00b0007107403011ab00b000710800302a0
2a05000710840301c6e20400071088030145e1040007108c03016fe10400
0710900301a1e2040007109403016fe204000710a00302802a05000710a4
0301e2e404000710a8030161e304000710ac03018be304000710b00301bd
e404000710b403018be404000710c00302702a05000710c40301ece50400
0710d00302602a05000710d40301dae604000710e00302502a05000710e4
0301c8e7040007105001017a130500071054010270e5090007105c010168
140500071060010274e5090007106801015615050007106c010278e50900
07107401014416050007107801027ce50900071080010132170500071084
010280e5090007108c010120180500071090010284e5090007109801010e
19050007109c010288e509000710a40101fc1905000710a801028ce50900
0710b00101ea1a05000710b4010290e509000710bc0101d81b05000710c0
010294e509000710c80101c61c05000710cc010298e509000710d40101b4
1d05000710d801029ce509000710e00101a21e05000710e40102a0e50900
0710ec0101901f05000710f00102a4e509000710f801017e2005000710fc
0102a8e5090007100402016c2105000710080202ace5090007101002015a
2205000710140202b0e5090007101c0201482305000710200202b4e50900
07102802013624050007102c0202b8e50900071034020124250500071038
0202bce509000710400201122605000710440202c0e5090007104c020100
2705000710500202c4e509000710580201ee27050007105c0202c8e50900
0710640201dc2805000710680202cce509000710700201ca290500071074
0202d0e5090007107c0201b82a05000710800202d4e509000710880201a6
2b050007108c0202d8e509000710940201942c05000710980202dce50900
071000000172f90400071004000200e5090007100c000160fa0400071010
000204e5090007101800014efb040007101c000208e5090007102400013c
fc040007102800020ce5090007103000012afd0400071034000210e50900
07103c000118fe0400071040000214e50900071048000106ff040007104c
000218e509000710540001f4ff040007105800021ce509000710600001e2
000500071064000220e5090007106c0001d0010500071070000224e50900
0710780001be02050007107c000228e509000710840001ac030500071088
00022ce5090007109000019a040500071094000230e5090007109c000188
0505000710a0000234e509000710a80001760605000710ac000238e50900
0710b40001640705000710b800023ce509000710c00001520805000710c4
000240e509000710cc0001400905000710d0000244e509000710d800012e
0a05000710dc000248e509000710e400011c0b05000710e800024ce50900
0710f000010a0c05000710f4000250e509000710fc0001f80c0500071000
010254e509000710080101e60d050007100c010258e509000710140101d4
0e050007101801025ce509000710200101c20f0500071024010260e50900
07102c0101b0100500071030010264e5090007103801019e11050007103c
010268e5090007104401018c12050007104801026ce509000710540f02a4
5f08000710680f02a05f08000710780f02ed4308000700840f01d8420710
880f023ce709000710900f02c02f05000710940f0191b005000710980f01
d4d0080007109c0f01d1b405000710a40f0117af05000710a80f015ba80b
000710ac0f01d1b405000710b40f02e45f08000710c80f02e05f08000710
d80f02ed4308000700e40f01d8420710e80f024ce709000710f00f022030
05000710f40f0104b605000710f80f01d4d008000710fc0f01f2bb050007
10980d02a15d08000710a40d015f5705000710a80d015ba80b000710ac0d
015ba80b000710b40d02df5d08000700c40d01d8420710c80d02fce60900
0710d00d02202e05000710d40d018c5805000710d80d01d4d008000710dc
0d018d7505000710e80d015ba80b000710ec0d01829809000710f40d0237
5e08000710040e015d5805000710080e015ba80b0007100c0e018d750500
0710140e02225e08000710280e021e5e08000710380e02ed430800070044
0e01d8420710480e020ce709000710500e02a02e05000710540e01067705
000710580e01d4d0080007105c0e01288a05000710640e0138bd07000710
680e015ba80b0007106c0e01d3bd07000710740e027a5e08000710840e01
aa7605000710880e015ba80b0007108c0e01288a05000710940e025e5e08
000710a80e025a5e08000710b80e02ed4308000700c40e01d8420710c80e
021ce709000710d00e02002f05000710d40e01cb8d05000710d80e01d4d0
08000710dc0e01fb9505000710e40e019a8d05000710e80e015ba80b0007
10ec0e01fb9505000710f40e02845f08000710080f02805f08000710180f
02ed4308000700240f01d8420710280f022ce709000710300f02602f0500
0710340f0199a205000710380f01d4d0080007103c0f014fa20500071044
0f0139a205000710480f015ba80b0007104c0f014fa205000710a40b013a
4905000710b40b01524805000710b80b015ba80b000710bc0b011f4b0500
0710c40b02ae5c08000710d80b02aa5c08000710e80b026b5c08000710f0
0b02302c05000710f40b01515005000710f80b012c5005000710fc0b0160
4d05000710000c01974f05000710040c01de4c05000710140c01874b0500
0710180c015ba80b0007101c0c01515005000710240c02c65c0800071038
0c02c25c08000710480c026b5c08000700540c01d8420710580c0214e609
000710600c02902c05000710640c016d5105000710680c01d4d008000710
6c0c01be5105000710740c01575105000710780c015ba80b0007107c0c01
be5105000710840c02ec5c08000710980c02e85c08000710a80c02ed4308
000710b40c01205305000710b80c0224e609000710c00c01075405000710
c40c0228e609000710cc0c01ee5405000710d00c022ce609000710e00c02
902d05000710e40c01205305000710f00c02802d05000710f40c01075405
000710000d02702d05000710040d01ee5405000710140d01595205000710
180d015ba80b0007101c0d01205305000710240d02a55d08000710340d01
595305000710380d015ba80b0007103c0d01075405000710440d026d5d08
000710540d01405405000710580d015ba80b0007105c0d01ee5405000710
640d02335d08000710780d022f5d08000710880d02695d08000710280902
015908000710380902255908000710480902495908000710580902735908
000710680902985908000710780902bc5908000710880902e15908000710
980902065a08000710a809022b5a08000710b80902535a08000710c80902
7d5a08000710d80902a25a08000710e80902c65a08000710f80902ed5a08
000710080a02125b08000710180a023c5b08000710280a026d5b08000710
380a02995b08000710480a02c25b08000710580a02ec5b08000710680a02
175c08000710780a02425c08000710880a028a4d08000710980a026b4d08
000710a80a02ae4d08000710b80a02484d08000710c80a026b4d08000710
d80a02484d08000710e00a02402b05000710e40a01f33b05000710e80a01
ce3b05000710ec0a015f3a05000710f00a01643b05000710f40a01103a05
000710040b01183905000710080b015ba80b0007100c0b01f33b05000710
140b02965c08000710240b01d65d09000710280b015ba80b0007102c0b01
1a6409000710340b027f5c08000710480b02925c08000710580b026b5c08
000710600b02802b05000710640b01124805000710680b011ab00b000710
6c0b011ab00b000710700b011ab00b000710740b011ab00b000710880b02
6b5c08000710900b02d02b05000710940b011f4b05000710980b01fa4a05
0007109c0b01474905000710a00b01824a05000710a80502c24f08000710
b80502e74f08000710c80502155008000710d805023b5008000710e80502
655008000710f80502935008000710080602ba5008000710180602e55008
000710280602105108000710380602395108000710480602635108000710
580602945108000710680602c85108000710780602f35108000710880602
2252080007109806024e5208000710a80602745208000710b80602a15208
000710c80602cc5208000710d80602f25208000710e806021c5308000710
f806024853080007100807027153080007101807029f5308000710280702
c75308000710380702f453080007104807021a5408000710580702445408
0007106807026f5408000710780702985408000710880702c35408000710
980702ef5408000710a80702185508000710b80702455508000710c80702
6b5508000710d80702935508000710e80702bf5508000710f80702ee5508
0007100808021b5608000710180802475608000710280802705608000710
3808029f5608000710480802cb5608000710580802f45608000710680802
1f57080007107808024557080007108808026d5708000710980802925708
000710a80802ba5708000710b80802e35708000710c808020c5808000710
d80802365808000710e808025f5808000710f80802845808000710080902
ae5808000710180902d558080007108403018530050007108803015ba80b
0007108c03013a31050007109403021c4f08000710a40301733105000710
a803015ba80b000710ac0301283205000710b40302f64e08000710c40301
613205000710c803015ba80b000710cc0301163305000710d40302d24e08
000710e403014f3305000710e803015ba80b000710ec0301043405000710
f40302a84e080007100404013d34050007100804015ba80b0007100c0401
f234050007101404027f4e080007102404012b35050007102804015ba80b
0007102c0401e03505000710340402554e08000710440401193605000710
4804015ba80b0007104c0401ce36050007105404022b4e08000710640401
0737050007106804015ba80b0007106c0401bc3705000710740402064e08
000710840401f537050007108804015ba80b0007108c0401aa3805000710
940402da4d08000710a404015ba80b000710a804015ba80b000710ac0401
c6e204000710b40402b24d08000710c404015ba80b000710c804015ba80b
000710cc0401e2e404000710d404028e4d08000710e80402d64d08000710
f80402024e08000710080502274e08000710180502514e08000710280502
7b4e08000710380502a44e08000710480502ce4e08000710580502f24e08
000710680502184f08000710780502444f08000710880502754f08000710
9805029c4f08000710c40101812305000710c801015ba80b000710cc0101
362405000710d40102675108000710e401016f2405000710e801015ba80b
000710ec0101242505000710f401023d51080007100402015d2505000710
0802015ba80b0007100c0201122605000710140202145108000710240201
4b26050007102802015ba80b0007102c0201002705000710340202e95008
0007104402013927050007104802015ba80b0007104c0201ee2705000710
540202be50080007106402012728050007106802015ba80b0007106c0201
dc28050007107402029750080007108402011529050007108802015ba80b
0007108c0201ca2905000710940202695008000710a40201032a05000710
a802015ba80b000710ac0201b82a05000710b402023f5008000710c40201
f12a05000710c802015ba80b000710cc0201a62b05000710d40202195008
000710e40201df2b05000710e802015ba80b000710ec0201942c05000710
f40202eb4f08000710040301cd2c050007100803015ba80b0007100c0301
822d05000710140302c64f08000710240301bb2d050007102803015ba80b
0007102c0301702e05000710340302a04f08000710440301a92e05000710
4803015ba80b0007104c03015e2f05000710540302794f08000710640301
972f050007106803015ba80b0007106c03014c3005000710740302484f08
0007100400017d16050007100800015ba80b0007100c0001321705000710
140002cb53080007102400016b17050007102800015ba80b0007102c0001
201805000710340002a353080007104400015918050007104800015ba80b
0007104c00010e1905000710540002755308000710640001471905000710
6800015ba80b0007106c0001fc19050007107400024c5308000710840001
351a050007108800015ba80b0007108c0001ea1a05000710940002205308
000710a40001231b05000710a800015ba80b000710ac0001d81b05000710
b40002f65208000710c40001111c05000710c800015ba80b000710cc0001
c61c05000710d40002d05208000710e40001ff1c05000710e800015ba80b
000710ec0001b41d05000710f40002a55208000710040101ed1d05000710
0801015ba80b0007100c0101a21e05000710140102785208000710240101
db1e050007102801015ba80b0007102c0101901f05000710340102525208
000710440101c91f050007104801015ba80b0007104c01017e2005000710
540102265208000710640101b720050007106801015ba80b0007106c0101
6c2105000710740102f75108000710840101a521050007108801015ba80b
0007108c01015a2205000710940102cc5108000710a40101932205000710
a801015ba80b000710ac0101482305000710b40102985108000710900e02
c03e05000710940e0133fe06000710980e011f00070007109c0e012c0007
000710a40e011dfe06000710a80e015ba80b000710ac0e012c0007000710
b40e026e6708000710c80e026a6708000710d80e02ed4308000700e40e01
d8420710e80e0250eb09000710f00e02203f05000710f40e019601070007
10f80e01d4d008000710fc0e01e81707000710040f01490107000710080f
015ba80b0007100c0f01e81707000710140f02d06108000710280f02cc61
08000710380f02ed4308000700440f01d8420710480f0260eb0900071050
0f02803f05000710540f016d5707000710580f01d4d0080007105c0f01f2
5f07000710640f01445007000710680f015ba80b0007106c0f01f25f0700
0710740f02446d08000710880f02406d08000710980f02ed4308000700a4
0f01d8420710a80f02e4eb09000710b00f02e03f05000710b40f01b36107
000710b80f01d4d008000710bc0f01697107000710c40f019d6107000710
c80f015ba80b000710cc0f01697107000710d40f02686d08000710e80f02
646d08000710f80f02ed4308000710b80c01d4d008000710bc0c015cf006
000710c40c0104e806000710c80c015ba80b000710cc0c015cf006000710
d40c02b46608000710e80c02b06608000710f80c02ed4308000700040d01
d8420710080d0200eb09000710100d02403d05000710140d018ff1060007
10180d01d4d0080007101c0d012ff306000710240d0179f106000710280d
015ba80b0007102c0d012ff306000710340d02dd6608000710480d02d966
08000710580d02ed4308000700640d01d8420710680d0210eb0900071070
0d02a03d05000710740d0162f406000710780d01d4d0080007107c0d01a0
f606000710840d014cf406000710880d015ba80b0007108c0d01a0f60600
0710940d02006708000710a80d02fc6608000710b80d02ed4308000700c4
0d01d8420710c80d0220eb09000710d00d02003e05000710d40d01e6f706
000710d80d01d4d008000710dc0d010bfb06000710e40d01d0f706000710
e80d015ba80b000710ec0d010bfb06000710f40d02286708000710080e02
246708000710180e02ed4308000700240e01d8420710280e0230eb090007
10300e02603e05000710340e013efc06000710380e01d4d0080007103c0e
0100fd06000710440e0128fc06000710480e015ba80b0007104c0e0100fd
06000710540e02496708000710680e02456708000710780e02ed43080007
00840e01d8420710880e0240eb09000710e40a012aca06000710e80a015b
a80b000710ec0a013bd206000710f40a02d66508000710080b02d2650800
0710180b02ed4308000700240b01d8420710280b02b0ea09000710300b02
603b05000710340b018fd306000710380b01d4d0080007103c0b01e3d506
000710440b0179d306000710480b015ba80b0007104c0b01e3d506000710
540b02f76508000710680b02f36508000710780b02ed4308000700840b01
d8420710880b02c0ea09000710900b02c03b05000710940b0129d7060007
10980b01d4d0080007109c0b01acd906000710a40b0113d706000710a80b
015ba80b000710ac0b01acd906000710b40b021d6608000710c80b021966
08000710d80b02ed4308000700e40b01d8420710e80b02d0ea09000710f0
0b02203c05000710f40b01dfda06000710f80b01d4d008000710fc0b015b
dc06000710040c01c9da06000710080c015ba80b0007100c0c015bdc0600
0710140c02446608000710280c02406608000710380c02ed430800070044
0c01d8420710480c02e0ea09000710500c02803c05000710540c018edd06
000710580c01d4d0080007105c0c01e7e606000710640c0178dd06000710
680c015ba80b0007106c0c01e7e606000710740c026c6608000710880c02
686608000710980c02ed4308000700a40c01d8420710a80c02f0ea090007
10b00c02e03c05000710b40c012ae8060007100c090107a7060007101409
02076508000710280902036508000710380902ed4308000700440901d842
071048090210ea0900071050090280390500071054090102bc0600071058
0901d4d0080007105c0901b6bc0600071064090195aa060007106809015b
a80b0007106c0901b6bc060007107409022b650800071088090227650800
0710980902ed4308000700a40901d8420710a8090220ea09000710b00902
e03905000710b40901e9bd06000710b80901d4d008000710bc090125c006
000710c40901d3bd06000710c809015ba80b000710cc090125c006000710
d40902516508000710e809024d6508000710f80902ed4308000700040a01
d8420710080a0280ea09000710100a02403a05000710140a0158c1060007
10180a01d4d0080007101c0a01cac406000710240a0142c106000710280a
015ba80b0007102c0a01cac406000710340a027d6508000710480a027965
08000710580a02ed4308000700640a01d8420710680a0290ea0900071070
0a02a03a05000710740a0110c606000710780a01d4d0080007107c0a01ed
c806000710840a01fac506000710880a015ba80b0007108c0a01edc80600
0710940a02ac6508000710a80a02a86508000710b80a02ed4308000700c4
0a01d8420710c80a02a0ea09000710d00a02003b05000710d40a015bca06
000710d80a01d4d008000710dc0a013bd2060007105807015ba80b000710
5c0701d5a209000710640702146408000710740701555206000710780701
5ba80b0007107c07013e8f06000710840702f46308000710980702f06308
000710a80702ed4308000700b00701d8420710b40702d2e909000710b807
02f83705000710bc0701869806000710c00701d4d008000710c40701c39a
06000710cc0701d55709000710d007015ba80b000710d407019d59090007
10dc07025e6408000710e40701709806000710e807015ba80b000710ec07
01c39a06000710f407024b6408000710000802476408000710100802ed43
08000700240801d8420710280802e0e90900071030080260380500071034
0801f69b06000710380801d4d0080007103c080104a106000710440801e0
9b060007104808015ba80b0007104c080104a10600071054080282640800
07106808027e6408000710780802ed4308000700840801d8420710880802
f0e909000710900802c038050007109408013ea206000710980801d4d008
0007109c080146a506000710a4080121a206000710a808015ba80b000710
ac080146a506000710b40802e06408000710c80802dc6408000710d80802
ed4308000700e40801d8420710e8080200ea09000710f008022039050007
10f4080197a606000710f80801d4d008000710fc080107a7060007100409
0181a6060007100809015ba80b0007107805027f62080007108805027062
08000710940502596208000710a00502ed4308000700b40501d8420710b8
05023ce809000710c00502f03505000710c40501be4506000710c80501d4
d008000710cc0501744506000710d405015e4506000710d805015ba80b00
0710dc0501744506000710e40502a46208000710f80502a0620800071008
0602ed4308000700140601d84207101806024ce809000710200602503605
000710240601db4706000710280601d4d0080007102c0601814706000710
3406016b47060007103806015ba80b0007103c0601814706000710440602
c66208000710580602c26208000710680602ed4308000700740601d84207
107806025ce809000710800602b03605000710840601354c060007108806
01d4d0080007108c0601884d06000710940601064c060007109806015ba8
0b0007109c0601884d06000710a40602ec6208000710b80602e862080007
10c80602ed4308000700d40601d8420710d806026ce809000710e0060210
3705000710e40601bb4e06000710e80601d4d008000710ec060138510600
0710f40601a54e06000710f806015ba80b000710fc060138510600071004
07021263080007101807020e6308000710280702ed4308000700340701d8
42071038070280e809000710400702903705000710440701cc5206000710
480701d4d0080007104c07013e8f06000710b00302e03305000710b40301
cf0606000710b80301d4d008000710bc03014d2306000710c40301750606
000710c803015ba80b000710cc03014d2306000710d40302b06108000710
e80302ac6108000710f80302ed4308000700040401d8420710080402fce7
09000710100402403405000710140401802406000710180401d4d0080007
101c04015d26060007102404016a24060007102804015ba80b0007102c04
015d2606000710340402e66108000710480402e26108000710580402cc61
08000710640402ed4308000700740401d84207107804020ce80900071080
0402b03405000710840401902706000710880401d4d0080007108c04016f
2d060007109404017a27060007109804015ba80b0007109c04016f2d0600
0710a404020f6208000710b804020b6208000710c80402ed4308000700d4
0401d8420710d804021ce809000710e00402103505000710e40401a22e06
000710e80401d4d008000710ec04019e3306000710f404018c2e06000710
f804015ba80b000710fc04019e3306000710040502386208000710180502
346208000710280502ed4308000700340501d84207103805022ce8090007
10400502703505000710440501023906000710480501e043060007104c05
01ed4306000710540501ce34060007105805015ba80b0007105c0501ed43
06000710640502836208000710d80101d4d008000710dc01010def050007
10e4010189db05000710e801015ba80b000710ec01010def05000710f401
02006108000710080202fc6008000710180202ed4308000700240201d842
0710280202ace70900071030020260320500071034020140f00500071038
0201d4d0080007103c020132f4050007104402012af0050007104802015b
a80b0007104c020132f4050007105402022161080007106802021d610800
0710780202ed4308000700840201d8420710880202bce709000710900202
c032050007109402018df505000710980201d4d0080007109c02017ff905
000710a402014ff505000710a802015ba80b000710ac02017ff905000710
b40202406108000710c802023c6108000710d80202ed4308000700e40201
d8420710e80202cce709000710f00202203305000710f40201cbfa050007
10f80201d4d008000710fc020128fc050007100403019cfa050007100803
015ba80b0007100c030128fc050007101403026761080007102803026361
08000710380302ed4308000700440301d8420710480302dce70900071050
03028033050007105403017bfd05000710580301d4d0080007105c030158
050600071064030165fd050007106803015ba80b0007106c030158050600
07107403028e61080007108803028a6108000710980302ed4308000700a4
0301d8420710a80302ece709000710040001eeb5050007100800015ba80b
0007100c0001f2bb050007101400021060080007102800020c6008000710
380002ed4308000700440001d84207104800025ce7090007105000028030
0500071054000125bd05000710580001d4d0080007105c0001c0ce050007
106400010fbd050007106800015ba80b0007106c0001c0ce050007107400
02366008000710880002326008000710980002ed4308000700a40001d842
0710a800026ce709000710b00002e03005000710b4000113d005000710b8
0001d4d008000710bc000118d505000710c40001ddcf05000710c800015b
a80b000710cc000118d505000710d400025b6008000710e8000257600800
0710f80002ed4308000700040101d84207100801027ce709000710100102
4031050007101401014bd605000710180101d4d0080007101c010148d705
00071024010135d6050007102801015ba80b0007102c010148d705000710
3401027f60080007104801027b6008000710580102ed4308000700640101
d84207106801028ce709000710700102a0310500071074010194d8050007
10780101d4d0080007107c01016cda0500071084010165d8050007108801
015ba80b0007108c01016cda05000710940102a46008000710a80102a060
08000710b80102ed4308000700c40101d8420710c801029ce709000710d0
0102003205000710d401011cdc050007108c0e01b76c08000710940e01fc
6a08000710980e015ba80b0007109c0e01b76c08000710a40e0236740800
0710b80e02327408000710c80e02ed4308000700d40e01d8420710d80e02
64f009000710e00e02104f05000710e40e01ea6d08000710e80e01d4d008
000710ec0e01a36f08000710f40e01d46d08000710f80e015ba80b000710
fc0e01a36f08000710040f02f86d08000710180f02f46d08000710280f02
ed4308000700340f01d8420710380f0274f009000710400f02704f050007
10440f01397108000710480f01db79080007104c0f01e87908000710540f
01c07008000710580f015ba80b0007105c0f01e87908000710640f026674
08000710780f02627408000710880f02ed4308000700940f01d842071098
0f0284f009000710a00f02d04f05000710a40f01807c08000710a80f01d4
d008000710ac0f014b8d08000710b40f01a87b08000710b80f015ba80b00
0710bc0f014b8d08000710c40f02857408000710d80f02817408000710e8
0f02ed4308000700f40f01d8420710f80f0294f009000710a80c015ba80b
000710ac0c017a5e08000710b40c02f27208000710c80c02ee7208000710
d80c02cd7208000710e80c02cd7208000710f80c02147308000710000d02
304d05000710040d01515f08000710080d01765f08000710140d01116008
000710180d015ba80b0007101c0d015ba80b000710240d024b7308000710
380d022c7308000700440d01d8420710480d0244f009000710500d02504e
05000710540d010e6108000710580d01d4d0080007105c0d01aa66080007
10600d02404e05000710640d010c6708000710680d011ab00b0007106c0d
011ab00b000710700d011ab00b000710740d011ab00b000710800d02204e
05000710840d011d6908000710880d019c67080007108c0d01c667080007
10900d01f86808000710940d01c66808000710a00d02104e05000710a40d
01ef6908000710b40d015ba80b000710b80d015ba80b000710bc0d011d69
08000710c40d02037408000710d80d015ba80b000710dc0d01ef69080007
10e40d02d87308000710f40d01f86008000710f80d015ba80b000710fc0d
01aa6608000710040e02c87308000710180e02d47308000710280e02ff73
08000710380e02a67308000710480e02a67308000710580e02c473080007
10680e02ed4308000700740e01d8420710780e0254f009000710800e02b0
4e05000710840e01126b08000710880e01aa6c08000710e80a010e500800
0710ec0a01ad5108000710f00a017d4e08000710040b028f720800071014
0b02487208000710200b02737208000710300b02504b05000710340b01cf
4e08000710380b01df4e080007103c0b02584b05000710400b01244f0800
0710440b010e5008000710480b01ad51080007104c0b012c4f0800071060
0b02737208000710700b02487208000710800b02a04b05000710840b017e
4f08000710880b018e4f080007108c0b02a84b05000710900b01d34f0800
0710940b010e5008000710980b01ad51080007109c0b01db4f08000710b0
0b02a67208000710c00b02487208000710d00b02104c05000710d40b0101
5008000710d80b010e5008000710dc0b01ad5108000710e00b01de510800
0710f80b015ba80b000710fc0b01de5108000710040c024c720800071018
0c02487208000710240c01175c08000710280c02aced09000710300c02f0
4c05000710340c01175c08000710400c02e04c05000710440c01695c0800
0710480c011ab00b0007104c0c011ab00b000710500c011ab00b00071054
0c011ab00b000710600c02c04c05000710640c017a5e08000710680c01f9
5c080007106c0c01235d08000710700c01555e08000710740c01235e0800
0710840c01475208000710880c015ba80b0007108c0c01175c0800071094
0c02187308000710a40c015ba80b0007101c0901033e0800071024090169
17080007102809015ba80b0007102c0901033e08000710340902e0710800
0710480902dc7108000710580902ed4308000700640901d8420710680902
88ed09000710700902a04905000710740901493f08000710780901d4d008
0007107c09019b4008000710840901333f080007108809015ba80b000710
8c09019b4008000710940902017208000710a80902fd7108000710b80902
ed4308000700c40901d8420710c8090298ed09000710d00902004a050007
10d40901ce4108000710d80901d4d008000710dc0901024c08000710e409
01b84108000710e809015ba80b000710ec0901024c08000710f409022472
08000710080a02207208000710180a02ed4308000710280a02484a050007
102c0a01a04c08000710300a01b04c08000710340a02504a05000710380a
01014d080007103c0a010e5008000710400a01ad5108000710440a01094d
08000710580a025c7208000710680a02487208000710740a023072080007
10840a02a44a05000710880a015b4d080007108c0a016b4d08000710900a
02ac4a05000710940a01b04d08000710980a010e50080007109c0a01ad51
08000710a00a01b84d08000710b40a02307208000710c40a024872080007
10d40a02f44a05000710d80a01144e08000710dc0a01244e08000710e00a
02fc4a05000710e40a01754e080007103c070167fe070007104407023071
080007105807022c7108000710680702ed4308000700740701d842071078
070238ed09000710800702b047050007108407019aff070007108807016d
0c080007108c07017a0c0800071094070184ff070007109807015ba80b00
07109c07017a0c08000710a407024f7108000710b807024b7108000710c8
0702596208000710d40702ed4308000700e40701d8420710e8070248ed09
000710f00702204805000710f40701ad0d08000710f80701d4d008000710
fc0701460e08000710040801970d080007100808015ba80b0007100c0801
460e08000710140802747108000710280802707108000710380802ed4308
000700440801d842071048080258ed090007105008028048050007105408
01790f08000710580801d4d0080007105c0801091108000710640801630f
080007106808015ba80b0007106c08010911080007107408029a71080007
10880802967108000710980802ed4308000700a40801d8420710a8080268
ed09000710b00802e04805000710b40801551208000710b80801d4d00800
0710bc0801391608000710c40801261208000710c808015ba80b000710cc
0801391608000710d40802bf7108000710e80802bb7108000710f80802ed
4308000700040901d842071008090278ed09000710100902404905000710
1409017f1708000710180901d4d008000710800502b04505000710840501
29b507000710880501d4d0080007108c0501eebc0700071094050113b507
0007109805015ba80b0007109c0501eebc07000710a40502b26f08000710
b80502ae6f08000710c80502ed4308000710d00502e04505000710d40501
d3bd07000710e80502765e08000700f40501d8420710f80502f8ec090007
10000602304605000710040601bfc107000710080601d4d0080007100c06
0135dc07000710140601a9c1070007101806015ba80b0007101c060135dc
07000710240602c47008000710380602c07008000710480602ed43080007
00540601d842071058060208ed090007106006029046050007106406016f
dd07000710680601d4d0080007106c060136f50700071074060152dd0700
07107806015ba80b0007107c060136f507000710840602e4700800071098
0602e07008000710a80602ed4308000700b40601d8420710b8060218ed09
000710c00602f04605000710c40601c0f607000710c80601d4d008000710
cc060188f907000710d4060153f607000710d806015ba80b000710dc0601
88f907000710e40602097108000710f80602057108000710080702ed4308
000700140701d842071018070228ed090007102007025047050007102407
01cefa070007102807015afe070007102c070167fe07000710340701b8fa
070007103807015ba80b0007109803015ba80b0007109c0301699d070007
10a40302e76e08000710b80302e36e08000710c80302ed4308000700d403
01d8420710d8030294ec09000710e00302104405000710e40301b59e0700
0710e80301d4d008000710ec030118a107000710f40301869e07000710f8
03015ba80b000710fc030118a1070007100404020f6f080007101804020b
6f08000710280402ed4308000700340401d8420710380402a4ec09000710
4004027044050007104404015ea207000710480401d4d0080007104c0401
95a30700071054040148a2070007105804015ba80b0007105c040195a307
000710640402336f080007107804022f6f08000710880402ed4308000700
940401d8420710980402b4ec09000710a00402d04405000710a40401c8a4
07000710a80401d4d008000710ac0401e2a707000710b40401b2a4070007
10b804015ba80b000710bc0401e2a707000710c404025a6f08000710d804
02566f08000710e80402ed4308000700f40401d8420710f80402c4ec0900
071000050250450500071004050115a907000710080501d4d0080007100c
0501f6b3070007101805015ba80b0007101c050135ee0900071024050293
6f08000710340501ffa8070007103805015ba80b0007103c0501f6b30700
07104405027c6f08000710580502786f08000710680502ed430800070074
0501d8420710780502d4ec09000710c40102326e08000710d801022e6e08
000710e80102ed4308000700f40101d8420710f8010244ec090007100002
02304205000710040201a68a07000710080201d4d0080007100c0201e590
070007101402013e8a070007101802015ba80b0007101c0201e590070007
10240202516e080007103802024d6e08000710480202ed43080007005402
01d842071058020254ec0900071060020290420500071064020118920700
07106802010b94070007106c020118940700071074020102920700071078
02015ba80b0007107c0201189407000710840202786e0800071098020274
6e08000710a80202ed4308000700b40201d8420710b8020264ec09000710
c00202f04205000710c40201c89507000710c80201d4d008000710cc0201
189707000710d40201b29507000710d802015ba80b000710dc0201189707
000710e402029d6e08000710f80202996e08000710080302ed4308000700
140301d842071018030274ec090007102003025043050007102403016498
07000710280301d4d0080007102c0301399a070007103403013598070007
103803015ba80b0007103c0301399a07000710440302bd6e080007105803
02b96e08000710680302ed4308000700740301d842071078030284ec0900
0710800302b043050007108403017f9b07000710880301d4d0080007108c
0301699d07000710940301699b07000700040001d8420710080002f4eb09
0007101000024040050007101400019c7207000710180001d4d008000710
1c0001e575070007102400018672070007102800015ba80b0007102c0001
e575070007103400028c6d08000710480002886d08000710580002ed4308
000700640001d842071068000204ec09000710700002a040050007107400
01187707000710780001d4d0080007107c00019578070007108400010277
070007108800015ba80b0007108c0001957807000710940002af6d080007
10a80002ab6d08000710b80002ed4308000700c40001d8420710c8000214
ec09000710d00002004105000710d40001c87907000710d80001d4d00800
0710dc0001a97a07000710e40001b27907000710e800015ba80b000710ec
0001a97a07000710f40002d76d08000710080102d36d08000710180102ed
4308000700240101d842071028010224ec09000710300102604105000710
340101dc7b07000710380101d4d0080007103c0101e78107000710440101
c67b070007104801015ba80b0007104c0101e78107000710540102086e08
000710680102046e08000710780102f46d08000710840102ed4308000700
940101d842071098010234ec09000710a00102d04105000710a401011a83
07000710a80101928507000710ac01019f8507000710b401010483070007
10b801015ba80b000710bc01019f8507000710940f01807c09000710980f
01887c090007109c0f01907c09000710a00f02106005000710a40f01987c
09000710a80f01a07c09000710ac0f01a87c09000710b00f021860050007
10b40f01b07c09000710b80f01de6a09000710bc0f01b87c09000710c00f
01fb6a09000710c40f01976b09000710c80f01c07c09000710cc0f01c87c
09000710d00f01d77c09000710e80f015ba80b000710ec0f01d87b090007
10f40f02bb7b08000710a40d01a07109000710a80d015ba80b000710ac0d
013f7209000710b40d02277a08000710c80d02237a08000710d40d017a74
09000710d80d0260490a000710e00d011a6409000710e40d0268490a0007
10ec0d019d5909000710f00d026c490a000710000e02305e05000710040e
01357309000710080e010173090007100c0e017a7409000710140e01eb72
09000710180e015ba80b0007101c0e017a7409000710240e02d27a080007
10380e02ce7a08000710480e02a87a08000710500e02805e05000710540e
01ee7409000710680e015ba80b0007106c0e01ee7409000710740e02e17a
08000710880e02dd7a08000710900e02a05e05000710940e011ab00b0007
10980e011ab00b0007109c0e01747509000710a80e02a87a08000710b00e
02205f05000710b40e010b7609000710c00e02105f05000710c40e010f77
09000710d40e01bb7509000710d80e015ba80b000710dc0e010b76090007
10e40e02507b08000710f40e01447609000710f80e015ba80b000710fc0e
010f7709000710040f02f17a08000710180f02ed7a08000710280f024c7b
08000710340f016bc909000710380f0274490a000710700f020060050007
10740f01f37709000710780f01c878090007107c0f01d87b09000710800f
01f17d09000710840f01fe7d09000710880f019d7b09000710900f020860
05000710e40b01c26909000710f40b015ba80b000710f80b015ba80b0007
10fc0b01c26909000710040c02347908000710180c02307908000710200c
02e05c05000710240c01d16a09000710280c01de6a090007102c0c011ab0
0b000710300c01fb6a09000710340c01976b09000710380c011ab00b0007
103c0c011ab00b000710400c01736c09000710500c02d05c05000710540c
01c06c09000710580c011ab00b0007105c0c011ab00b000710600c011ab0
0b000710640c011ab00b000710700c02b05c05000710740c01d16e090007
10780c01506d090007107c0c017a6d09000710800c01ac6e09000710840c
017a6e09000710940c015ba80b000710980c015ba80b0007109c0c01d16e
09000710a40c027d7908000710b80c02797908000710c80c024a79080007
10d80c024a7908000710e80c02ab7808000710f40c01ba7009000710f80c
015ba80b000710fc0c015ba80b000710040d02b17908000710140d01ec70
09000710180d02c0460a000710200d02505d05000710240d01ec70090007
10340d01ce7009000710380d015ba80b0007103c0d01ec7009000710440d
02ec7908000710580d02e87908000710640d013f7209000710680d02d446
0a000710700d02c05d05000710740d013f7209000710840d019472090007
10880d015ba80b0007108c0d015ba80b000710940d02407a08000710dc09
011ab00b000710e00901fb6a09000710e40901976b09000710e809011ab0
0b000710ec09011ab00b000710f00901c96609000710100a02d778080007
10200a02ab78080007102c0a02bd7808000710500a02905a05000710540a
01376709000710580a011ab00b0007105c0a01476709000710600a02985a
05000710640a019b6709000710680a01de6a090007106c0a011ab00b0007
10700a01fb6a09000710740a01976b09000710780a011ab00b0007107c0a
011ab00b000710800a01a36709000710a00a02067908000710b00a02ab78
08000710bc0a02ec7808000710e00a02205b05000710e40a010868090007
10e80a011ab00b000710ec0a01186809000710f00a02285b05000710f40a
01606809000710f80a01de6a09000710fc0a011ab00b000710000b01fb6a
09000710040b01976b09000710080b011ab00b0007100c0b011ab00b0007
10100b01686809000710300b02ec7808000710400b02ab7808000710700b
02b05b05000710740b01cd6809000710780b011ab00b0007107c0b01dd68
09000710800b02b85b05000710840b01256909000710880b01de6a090007
108c0b011ab00b000710900b01fb6a09000710940b01976b09000710980b
011ab00b0007109c0b011ab00b000710a00b012d6909000710c00b021b79
08000710d00b02ab7808000710e00b02105c05000710bc0701965a090007
10c407021c7808000710d80702187808000710e80702047808000710f407
018c5d09000710f80702a4460a0007100008011a6409000710040802ac46
0a0007101008024058050007101408015b5b090007101808018c5d090007
10240801455b090007102808015ba80b0007102c08018c5d090007103408
026d78080007104808026978080007105808024f78080007106008027058
050007106408011a64090007107808027b5c080007108808025a64080007
10900802c05805000710940801966409000710a808015ba80b000710ac08
01966409000710b40802977808000710c80802937808000710d00802d858
05000710d40801e46409000710e00802047808000710f008020059050007
10f408011ab00b000710f808012165090007100809024f78080007103009
027059050007103409018f65090007103809011ab00b0007103c09019f65
09000710400902785905000710440901e76509000710480901de6a090007
104c09011ab00b000710500901fb6a09000710540901976b090007105809
011ab00b0007105c09011ab00b000710600901ef6509000710800902bd78
08000710900902ab7808000710c00902005a05000710c409015d66090007
10c809011ab00b000710cc09016d6609000710d00902085a05000710d409
01c16609000710d80901de6a09000710d805025b7708000710ec05020c56
05000710f00501185309000710f40501285309000710f805021456050007
10fc05017953090007100006010e5008000710040601ad51080007100806
018153090007101c06022477080007102c0602487208000710380602a672
080007104406010954090007104806028c460a0007105006029056050007
10540601e25309000710580601ef53090007105c0601fc53090007106006
010954090007107406018953090007107806015ba80b0007107c06010954
09000710840602b97708000710980602b57708000710a80602a877080007
10b00602d05605000710b406011ab00b000710b806011ab00b000710bc06
011ab00b000710c00601645409000710d80602a87708000710e406017d55
09000710e8060294460a000710f00602305705000710f40601ce54090007
10f806016e5509000710fc0601fe54090007100007017d55090007101407
01b854090007101807015ba80b0007101c07017d5509000710240702ef77
08000710380702eb7708000710480702d577080007105007027057050007
105407011ab00b0007105807011ab00b0007105c07011ab00b0007106007
015d5709000710780702d577080007108007029057050007108407019d59
090007109807025a6408000710a00702d05705000710a40701965a090007
10b807015ba80b000710980302607608000710a80302ed4308000700b403
01d8420710b80302c4440a000710c00302f05305000710c40301540f0900
0710c80301d4d008000710cc0301ea0f09000710d403013e0f09000710d8
03015ba80b000710dc0301ea0f09000710e40302887608000710f8030284
7608000710080402ed4308000700140401d8420710180402e0440a000710
2004025054050007102404015a1109000710280401d4d0080007102c0401
d64f090007103404010711090007103804015ba80b0007103c0401d64f09
000710440402147708000710580402107708000710680402ed4308000710
b00402205505000710b40401bb5009000710b80401fc5009000710c00402
285505000710c40401a15109000710c80401a95109000710d00402305505
000710d40401b15109000710d80401b95109000710e00402385505000710
e40401c15109000710e804010e5008000710ec0401ad5108000710f00401
c951090007100805015ba80b0007100c0501fc5009000710140502407708
0007104005023c77080007105005024872080007105c0502247708000710
6805028f72080007107405025c72080007108005023072080007108c0502
737208000710980502a67208000710a00502d05505000710a405018b5209
000710b40501055209000710b805015ba80b000710bc05018b5209000710
c405025f7708000710dc01015ba80b000710e40102777508000710f40101
afd008000710f801015ba80b000710fc01015ba80b000710040202447508
0007101002022052050007101402011ab00b000710180201d4d008000710
1c0201e1d008000710280202ed4308000700340201d84207103802028444
0a000710400202705205000710440201a0d208000710480201d4d0080007
104c0201e5dc0800071054020171d2080007105802015ba80b0007105c02
01e5dc08000710640202b27508000710780202ae7508000710880202ed43
08000700940201d842071098020294440a000710a00202d05205000710a4
020118de08000710a80201d4d008000710ac0201f2de08000710b4020102
de08000710b802015ba80b000710bc0201f2de08000710c40202d4750800
0710d80202d07508000710e80202ed4308000700f40201d8420710f80202
a4440a000710000302305305000710040301c8e208000710080301d4d008
0007100c0301e7000900071014030122e0080007101803015ba80b000710
1c0301e70009000710240302f77508000710380302f37508000710480302
ed4308000700540301d8420710580302b4440a0007106003029053050007
10640301250209000710680301d4d0080007106c0301f20c090007107403
010402090007107803015ba80b0007107c0301f20c090007108403026476
08000710000002305005000710040001c68e08000710080001d4d0080007
100c0001859d08000710140001888e080007101800015ba80b0007101c00
01859d08000710240002a97408000710380002a57408000710480002ed43
08000700540001d8420710580002a4f00900071060000290500500071064
0001b89e08000710680001d4d0080007106c000173a208000710740001a2
9e080007107800015ba80b0007107c000173a208000710840002ce740800
0710980002ca7408000710a80002ed4308000700b40001d8420710b80002
b4f009000710c00002f05005000710c40001ada308000710c80001a9ce08
000710cc00011eaa08000710d4000190a308000710d800015ba80b000710
dc00011eaa08000710e40002ee7408000710f80002ea7408000710080102
706208000710140102596208000710200102ed4308000700340101d84207
10380102c4f009000710400102705105000710440101b1af080007104801
01a9ce080007104c010110cd08000710540101a2ab080007105801015ba8
0b0007105c010110cd080007106401027462080007107801027062080007
10880102596208000710940102ed4308000710a00102b05105000710a401
011ab00b000710a80101a9ce08000710ac0101c3cd08000710b801025962
08000710c80102ed4308000710d401018bd008000710d801015ba80b0007
10f40f0136600a000710f80f017f600a000710fc0f0169610a000710940e
019c220a000710980e012a250a000710a80e015ba80b000710ac0e012021
0a000710b40e020e8108000710c80e020a8108000710d80e02fc80080007
10e40e02968008000710f00e02306f05000710f40e01ea250a000710f80e
0177260a000710fc0e0115260a000710000f0146260a000710180f015ba8
0b0007101c0f0177260a000710240f02308108000710380f022c81080007
10480f021b8108000710540f02968008000710600f02007105000710640f
0192270a000710680f018c280a0007106c0f016e2e0a000710700f01cb2e
0a000710740f01b02f0a000710780f0175310a0007107c0f0138320a0007
10800f013b2e0a000710840f01bd5b0a000710880f011b270a0007108c0f
01fe400a000710900f0111420a000710940f0191430a000710980f01a22d
0a0007109c0f01fe290a000710a00f01ca2a0a000710a40f01de2c0a0007
10a80f010f2d0a000710ac0f014a2d0a000710b00f01af360a000710b40f
012b330a000710b80f01b3490a000710bc0f01c5490a000710c00f01d749
0a000710c40f01e83a0a000710c80f01563b0a000710cc0f01153d0a0007
10d00f01ac3d0a000710d40f01253e0a000710d80f0193490a000710dc0f
01a3490a000710e00f01345d0a000710e40f01235e0a000710e80f012b2c
0a000710ec0f01f35e0a000710f00f01385f0a000710b40d011e110a0007
10b80d015e110a000710bc0d019e110a000710c00d01de110a000710c40d
011e120a000710c80d015e120a000710cc0d019e120a000710d00d01ef12
0a000710d40d01f7010a000710d80d01de120a000710dc0d012f130a0007
10e00d017e130a000710e40d0101140a000710e80d014a130a000710ec0d
012c150a000710f00d01ed150a000710f40d01d1160a000710f80d01fb16
0a000710fc0d012e170a000710000e0174170a000710040e01a2170a0007
10080e01ed170a0007100c0e0121180a000710100e0151180a000710140e
01f1180a000710180e0169190a0007101c0e01e2190a000710200e015a1a
0a000710240e01d21a0a000710280e01be1b0a0007102c0e01b71c0a0007
10300e012e1d0a000710340e01691d0a000710380e01a41d0a0007103c0e
01df1d0a000710400e01111e0a000710440e014c1e0a000710480e01871e
0a0007104c0e010e1f0a000710500e0190200a000710540e01c4220a0007
10580e01fa220a0007105c0e0124220a000710600e0101220a000710640e
014c220a000710680e0185230a0007106c0e01bb230a000710700e016d24
0a000710740e01a3240a000710780e017a0d0a0007107c0e01950d0a0007
10800e01b30d0a000710840e01ce0d0a000710880e013a230a0007108c0e
0162230a000710900e0174220a000710880c02bd8008000710980c02ad80
08000710a40c02968008000710b00c02d06c05000710b40c01a8ed090007
10b80c0135ee09000710bc0c018aed09000710c00c01f0ed09000710d80c
028f6f08000710e80c02f08008000710f40c02d08008000710000d02c06e
05000710040d01acef09000710080d0120210a0007100c0d0104020a0007
10100d012c020a000710140d0154020a000710180d017c020a0007101c0d
01a4020a000710200d01cc020a000710240d01fe020a000710280d012603
0a0007102c0d014e030a000710300d01e1030a000710340d0109040a0007
10380d0131040a0007103c0d0159040a000710400d0181040a000710440d
01c80c0a000710480d01d5040a0007104c0d0145050a000710500d019005
0a000710540d0173060a000710580d01c3030a0007105c0d01cc070a0007
10600d0101080a000710640d0136080a000710680d015e080a0007106c0d
0186080a000710700d01f00f0a000710740d01580b0a000710780d01850b
0a0007107c0d01a80b0a000710800d01cb0b0a000710840d015f0c0a0007
10880d01820c0a0007108c0d01a50c0a000710900d01c60a0a000710940d
01d50a0a000710980d01f00c0a0007109c0d010b0d0a000710a00d01260d
0a000710a40d01410d0a000710a80d015f0d0a000710ac0d01ec0d0a0007
10b00d0176030a000710740a0170c109000710780a0115c109000710840a
01ffc009000710880a015ba80b0007108c0a0115c109000710940a02f47f
08000710a80a02f07f08000710b80a02d27f08000710d00a02006b050007
10d40a0100c409000710e40a0122c309000710e80a01aec309000710ec0a
0100c409000710f40a02139005000710080b020f9005000710100b02406b
05000710140b01ddc909000710240b015ba80b000710280b015ba80b0007
102c0b01ddc909000710340b020a8008000710480b02068008000710500b
02906b05000710540b01b3d009000710580b012ace090007105c0b0158cd
09000710600b01d1d509000710780b015ba80b0007107c0b01d1d5090007
10840b02448008000710980b02408008000710a80b02208008000710b00b
02f06b05000710b40b013ed709000710b80b010ee509000710bc0b0109e7
09000710c00b01e9e709000710d80b015ba80b000710dc0b01e9e7090007
10e40b02818008000710f80b027d8008000710080c02208008000710100c
02306c05000710140c011ab00b000710180c011ab00b0007101c0c011ab0
0b000710200c0170ec09000710380c02208008000710400c02806c050007
10440c01a0ec09000710480c011eed090007104c0c01cbec09000710500c
01f4ec09000710680c015ba80b0007106c0c011eed09000710740c02c180
08000710f4080193bc09000710f808015ba80b000710fc0801a9bc090007
10040902907f080007101809028c7f080007102809027c7f080007102c09
023869050007103009011ab00b00071034090113bd090007104009027c7f
0800071050090280690500071054090169bd0900071064090158bd090007
106809015ba80b0007106c090169bd09000710740902c47f080007108809
02c07f08000710900902cc69050007109409011ab00b0007109809011ab0
0b0007109c09011ab00b000710a009011ab00b000710a409011ab00b0007
10a809011ab00b000710ac09011ab00b000710b009011ab00b000710b409
011ab00b000710b809011ab00b000710bc09011ab00b000710c009011ab0
0b000710c409011ab00b000710c80901b3bd09000710d40902d27f080007
10e00902106a05000710e40901dabd09000710f40901c4bd09000710f809
015ba80b000710fc0901dabd09000710040a02a47f08000710180a02a07f
08000710280a02c07f08000710340a0115c109000710380a026c5d0a0007
10400a02a06a05000710440a01c6be09000710480a0183be090007104c0a
0173bf09000710500a01b7bf09000710540a012cbf09000710580a0100bf
090007105c0a0131c009000710600a01fbbf09000710640a01d3c0090007
10680a0178c0090007106c0a01a7c009000710700a015fc1090007100407
02397e08000710180702357e080007102007025067050007102407010caf
09000710340701acae090007103807015ba80b0007103c07010caf090007
10440702477e08000710580702437e08000710640701c8a5090007106807
0278560a000710700701c8a50900071074070278580a0007107c07016bc9
0900071080070264560a000710900702c06705000710940701a2b0090007
10a4070191b009000710a807015ba80b000710ac0701a2b009000710b407
02a87e08000710c80702a47e08000710d40701c8a509000710d807028c5a
0a000710e007016bc909000710e40702785a0a000710f007022068050007
10f40701fab109000710040801e9b1090007100808015ba80b0007100c08
01fab109000710140802047f08000710280802007f0800071034080137b5
090007103808028c5c0a00071040080270680500071044080137b5090007
105408019bb2090007105808015ba80b0007105c080137b5090007106408
02307f080007107808022c7f080007108008028c68050007108408011ab0
0b000710880801f0b5090007109408023e7f08000710a00802b068050007
10a40801dab609000710a8080155b609000710b80802e37d08000710c808
023e7f08000710d40801a9bc09000710d80802645d0a000710e008021069
05000710e40801f3bc09000710e80801a9bc0900071074050116a5090007
107805015ba80b0007107c050127a5090007108405027c7d080007109805
02787d08000710a405013ea609000710a80502c8510a000710b005020066
05000710b4050189a609000710b805017ca909000710bc050189a9090007
10c0050160a909000710c405016ea909000710c80501a8a909000710cc05
0196a909000710d0050142a909000710d4050151a909000710d805013ea6
09000710e4050127a609000710e805015ba80b000710ec05013ea6090007
10f40502b67d08000710080602b27d08000710180602a37d080007101c06
024866050007102006011ab00b0007102406017ca90900071028060189a9
090007102c060160a9090007103006016ea909000710340601a8a9090007
1038060196a9090007103c060142a90900071040060151a9090007104406
01c3a909000710500602a37d080007106406016bc909000710680602e451
0a00071070060155b609000710740602f4510a0007108806015ba80b0007
108c060155b609000710940602e77d08000710a406016bc909000710a806
0218520a000710b0060155b609000710b4060228520a000710c4060190ae
09000710c8060260520a000710d006016bc909000710d406024c520a0007
10e00602106705000710e4060157ae09000710f40601f3ad09000710f806
015ba80b000710fc060157ae09000710b00302be7c08000710c003021064
05000710c40301e39e09000710c803011b9f09000710cc03010985090007
10d003010c9c09000710d40301d59e09000710d803019a9e09000710dc03
01f09e09000710e00301fe9e09000710f803015ba80b000710fc03011b9f
09000710040402e57c08000710180402e17c08000710280402ce7c080007
10340402be7c08000710400402706405000710440401aba2090007104804
01d5a2090007104c040109850900071050040127a0090007105404018fa2
0900071058040170a2090007105c0401b8a209000710600401c6a2090007
10780402106408000710880402ce7c08000710940402be7c080007109804
02a464050007109c04011ab00b000710a004015da309000710ac0402be7c
08000710c00402f06405000710c4040180a309000710d404016fa3090007
10d804015ba80b000710dc040180a309000710e40402fb7c08000710f804
02f77c080007100005021065050007100405011ab00b0007100805011ab0
0b0007100c0501caa309000710180502697c08000710240501c8a5090007
10280502c8490a000710300501c8a509000710340502c84b0a0007103c05
01c8a509000710400502c84d0a000710480501c8a5090007104c0502c84f
0a0007105405016bc909000710580502b4490a0007106005029065050007
1064050127a509000710f40102987c08000710080202947c080007101802
027d7c08000710240202697c080007103002026062050007103402018084
090007104402013383090007104802015ba80b0007104c02018084090007
10540202b27c08000710680202ae7c080007107002029462050007107402
011ab00b0007107802012585090007107c02010985090007108002011ab0
0b0007108402011ab00b0007108802011ab00b0007108c02011ab00b0007
109002011ab00b0007109c0202ce7c08000710ac0202be7c08000710b002
02d06205000710b402012c8709000710b80201878709000710bc0201dc87
09000710c002011ab00b000710c402011ab00b000710c802011ab00b0007
10cc02011ab00b000710d802027d7c08000710e80202697c08000710f002
02206305000710f40201759809000710f80201829809000710fc02010985
090007100003014d89090007100403013c9609000710080301f88f090007
100c0301589809000710100301669809000710280302335e080007103803
02ce7c08000710440302be7c080007105003028063050007105403017598
09000710580301dc9a090007105c03010985090007106003014d89090007
10640301449a09000710680301c599090007106c03015898090007107003
01669809000710880302394508000710980302335e08000710a40302ce7c
08000710200002b77b08000710300002ab78080007103c0002a17b080007
10480002067908000710540002d77808000710600002bd78080007106c00
02ec78080007107800021b7908000710a00002f06005000710a400014b7d
09000710a800011ab00b000710ac00011b7e09000710b00001f17d090007
10b40001fe7d09000710c00002f86005000710c400016f7e09000710c800
01de6a09000710cc00011ab00b000710d00001fb6a09000710d40001976b
09000710d80001777e09000710dc00017f7e09000710e000018e7e090007
10000102a17b08000710100102ab78080007101c01021b79080007102401
01f97f090007102801015ba80b0007102c01015ba80b000710340102027c
080007104401011780090007104801015ba80b0007104c01015ba80b0007
10540102d77b0800071064010143800900071068010294490a0007107001
02a061050007107401014380090007108401012b80090007108801015ba8
0b0007108c01014380090007109401024a7c08000710a80102467c080007
10b40101e98209000710b80102a0490a000710c00102006205000710c401
012c8709000710c80101878709000710cc0101e98209000710d001012481
09000710d401014a8109000710d80101688109000710dc01015981090007
10e401010e8109000710e801015ba80b000710ec0101e98209000710dc0f
011ab00b000710e00f011ab00b000710e40f011ab00b000710e80f011ab0
0b000710ec0f011ab00b000710f00f011ab00b000710f40f011ab00b0007
10f80f011ab00b000710fc0f011ab00b000710100e011ab00b000710140e
01b5440b000710180e011ab00b0007101c0e011ab00b000710200e011ab0
0b000710240e011ab00b000710280e011ab00b0007102c0e011ab00b0007
10380e026f8308000710400e02707e05000710440e010b450b000710480e
0128450b000710580e015ba80b0007105c0e0128450b000710640e029084
08000710780e028c8408000710880e02d08008000710900e02c07e050007
10940e0189450b000710980e01a6450b000710a80e015ba80b000710ac0e
01a6450b000710b40e02a38408000710c80e029f8408000710d80e029680
08000710e00e02107f05000710e40e015e470b000710f80e015ba80b0007
10fc0e015e470b000710040f02b18408000710180f02ad8408000710200f
02347f05000710240f011ab00b000710280f01af470b0007102c0f011ab0
0b000710300f011ab00b0007103c0f02ad80080007104c0f029680080007
10500f02807f05000710540f0129480b000710580f01aa480b000710680f
015ba80b0007106c0f01aa480b000710740f02da8408000710880f02d684
08000710980f02c384080007109c0f02b07f05000710a00f011ab00b0007
10a40f012a490b000710a80f011ab00b000710ac0f011ab00b000710b80f
02f08008000710c80f02d08008000710d00f02708105000710d40f011ab0
0b000710d80f015b490b000710300d02307e05000710340d011ab00b0007
10380d011ab00b0007103c0d011ab00b000710400d011ab00b000710440d
011ab00b000710480d011ab00b0007104c0d011ab00b000710500d011ab0
0b000710540d011ab00b000710580d011ab00b0007105c0d011ab00b0007
10600d011ab00b000710640d011ab00b000710680d011ab00b0007106c0d
011ab00b000710700d011ab00b000710740d011ab00b000710780d011ab0
0b0007107c0d011ab00b000710800d011ab00b000710840d011ab00b0007
10880d011ab00b0007108c0d011ab00b000710900d011ab00b000710940d
011ab00b000710980d011ab00b0007109c0d011ab00b000710a00d011ab0
0b000710a40d011ab00b000710a80d011ab00b000710ac0d011ab00b0007
10b00d011ab00b000710b40d011ab00b000710b80d011ab00b000710bc0d
011ab00b000710c00d011ab00b000710c40d011ab00b000710c80d011ab0
0b000710cc0d011ab00b000710d00d011ab00b000710d40d011ab00b0007
10d80d011ab00b000710dc0d011ab00b000710e00d011ab00b000710e40d
011ab00b000710e80d011ab00b000710ec0d011ab00b000710f00d011ab0
0b000710f40d011ab00b000710f80d011ab00b000710fc0d011ab00b0007
10000e011ab00b000710040e011ab00b000710080e011ab00b0007100c0e
011ab00b0007101c0c011ab00b000710200c011ab00b000710240c011ab0
0b000710280c011ab00b0007102c0c011ab00b000710300c011ab00b0007
10340c011ab00b000710380c011ab00b0007103c0c011ab00b000710400c
011ab00b000710440c011ab00b000710480c011ab00b0007104c0c011ab0
0b000710500c011ab00b000710540c011ab00b000710580c011ab00b0007
105c0c011ab00b000710600c011ab00b000710640c011ab00b000710680c
011ab00b0007106c0c011ab00b000710700c011ab00b000710740c011ab0
0b000710780c011ab00b0007107c0c011ab00b000710800c011ab00b0007
10840c011ab00b000710880c011ab00b0007108c0c011ab00b000710900c
011ab00b000710940c011ab00b000710980c011ab00b0007109c0c011ab0
0b000710a00c011ab00b000710a40c011ab00b000710a80c011ab00b0007
10ac0c011ab00b000710b00c01d7400b000710b40c011ab00b000710b80c
011ab00b000710bc0c011ab00b000710c00c011ab00b000710c40c011ab0
0b000710c80c011ab00b000710cc0c011ab00b000710d00c011ab00b0007
10d40c011ab00b000710d80c011ab00b000710e80c02408108000710f00c
02207d05000710f40c0174420b000710040d01e9400b000710080d015ba8
0b0007100c0d0174420b000710140d02838408000710280d027f84080007
10940a01b83a0b000710980a01d43a0b0007109c0a01f03a0b000710a00a
01093b0b000710a40a01223b0b000710a80a014b3b0b000710ac0a01643b
0b000710b00a01863b0b000710b40a01bb390b000710b80a01a23b0b0007
10bc0a01bb3b0b000710c00a01143c0b000710c40a01d43b0b000710c80a
01f83b0b000710cc0a01303c0b000710d80a015ba80b000710dc0a01bb39
0b000710e40a02868308000710f80a02828308000710080b026f83080007
10140b01163d0b000710180b02205f0a000710200b02007c05000710240b
01c73c0b000710280b01163d0b000710300b02f07b05000710340b018e3d
0b000710380b011ab00b0007103c0b011ab00b000710400b011ab00b0007
10440b011ab00b000710500b02d07b05000710540b0146400b000710580b
012d3e0b0007105c0b01923e0b000710600b0121400b000710640b01e13f
0b000710740b014e3c0b000710780b015ba80b0007107c0b01163d0b0007
10840b026e8408000710940b019b400b000710980b015ba80b0007109c0b
015ba80b000710a40b02388408000710b40b015ba80b000710b80b015ba8
0b000710bc0b0146400b000710c40b02f28308000710d80b02ee83080007
10e80b02ad8308000710f80b02ad8308000710080c026a8408000710100c
02e07c05000710140c011ab00b000710180c011ab00b000710740901fb1f
0b0007108809015ba80b0007108c0901dccd0a0007109409025d83080007
10a80902598308000710b80902468308000710c40902968008000710d009
02f07a05000710d409018e220b000710d80901be220b000710dc0901b421
0b000710e00901f2220b000710e4090138250b000710e809016a250b0007
10ec0901012a0b000710f0090193280b000710f40901db260b000710f809
0186290b000710fc0901de290b000710000a01242a0b000710040a01472a
0b000710080a016a2a0b0007100c0a018f2a0b000710100a01b42a0b0007
10140a01382b0b000710180a019c290b0007101c0a0181350b000710200a
01893a0b000710240a014e280b000710280a0164280b0007102c0a017a28
0b000710300a019c250b000710340a01ba250b000710380a01d0250b0007
103c0a014a2c0b000710400a01ce300b000710440a01e4300b000710480a
01e6250b0007104c0a010c260b000710500a0161260b000710540a01ac26
0b000710580a01c5260b0007105c0a010e2e0b000710600a01f42e0b0007
10640a0117310b000710680a012d310b0007106c0a01602c0b000710700a
012d2d0b000710740a01732c0b000710780a01fb380b0007107c0a014239
0b000710800a01b2290b000710840a01c8290b000710880a0146310b0007
108c0a011b340b000710900a019f3a0b000710940801d0170b0007109808
0120180b0007109c08016d180b000710a00801bc180b000710a408011919
0b000710a8080173190b000710ac0801fed20a000710b00801eeda0a0007
10b4080120d30a000710b808011fdb0a000710bc08013f1b0b000710c008
0164d30a000710c4080186d30a000710c80801a8d30a000710cc0801cad3
0a000710d00801fbd30a000710d408012cd40a000710d80801d8190b0007
10dc080110120b000710e0080132120b000710e40801961b0b000710e808
01bf1b0b000710ec0801e81b0b000710f00801041c0b000710f40801201c
0b000710f808013e1c0b000710fc08015a1c0b000710000901211d0b0007
10040901761c0b000710080901981c0b0007100c0901ba1c0b0007101009
01dd1c0b000710140901ff1c0b000710180901461d0b0007101c09016b1d
0b000710200901981d0b000710240901dd1d0b0007102809015dd40a0007
102c0901221e0b000710300901c2e90a00071034090123ea0a0007103809
014b1e0b0007103c0901741e0b0007104009019a1e0b000710440901c71e
0b000710480901fe1e0b0007104c090124200b00071050090123210b0007
1054090142d30a00071058090150db0a0007105c090175e70a0007106009
019ce70a000710640901381f0b000710680901761f0b0007106c0901a91f
0b000710700901d21f0b000710b40701d2010b000710b8070115020b0007
10bc070185020b000710c00701aa020b000710c40701b6030b000710c807
0170050b000710cc070185060b000710d00701d4080b000710d40701b30a
0b000710d80701810a0b000710dc0701e10a0b000710e00701110b0b0007
10e40701f60b0b000710e80701900b0b000710ec0701c30b0b000710f007
01430c0b000710f407016c0c0b000710f80701be0c0b000710fc07017a0d
0b000710000801f50d0b000710040801700e0b0007100808016a100b0007
100c080193100b000710100801040f0b0007101408014d0f0b0007101808
01bc100b0007101c080106110b000710200801950c0b00071024080111f7
0a0007102808016e110b0007102c08017d110b00071030080195110b0007
10340801a4110b000710380801bc110b0007103c0801d8110b0007104008
01f4110b00071044080165120b00071048080187120b0007104c0801a912
0b000710500801cb120b00071054080137130b000710580801c9130b0007
105c080113140b00071060080106150b000710640801a3130b0007106808
019d150b0007106c0801ea150b00071070080137160b0007107408015816
0b000710780801c60f0b0007107c080183160b000710800801a9160b0007
10840801ef0f0b00071088080118170b0007108c0801f3160b0007109008
0182170b000710d40601d1ef0a000710d80601f9ef0a000710dc0601b5f0
0a000710e006013df10a000710e406016cf10a000710e806019bf10a0007
10ec0601caf10a000710f0060129f30a000710f4060195f30a000710f806
0120f40a000710fc060149f40a00071000070172f40a000710040701f7f3
0a0007100807019bf40a0007100c0701cbf40a00071010070102f50a0007
1014070164f50a0007101807018df50a0007101c07010ef60a0007102007
015df60a000710240701d4f50a000710280701cdf60a0007102c0701eff6
0a00071030070183f60a000710340701a8f60a00071038070137f70a0007
103c07013ffa0a000710400701e5f70a00071044070104f80a0007104807
010ef90a0007104c0701bdf70a00071050070178f70a00071054070154fb
0a000710580701cffb0a0007105c070124fc0a00071060070186fc0a0007
10640701dbfc0a00071068070100fd0a0007106c070174fd0a0007107007
019dfd0a00071074070158020b00071078070117fe0a0007107c070162fe
0a000710800701adfe0a0007108407016d1b0b00071088070112f50a0007
108c07013bf50a000710900701670b0b0007109407015cff0a0007109807
0181ff0a0007109c0701c9ff0a000710a0070128000b000710a407013700
0b000710a8070126010b000710ac070147010b000710b007017b010b0007
10f40501a2df0a000710f80501c4df0a000710fc05019fd90a0007100006
0124e00a00071004060154e00a000710080601e6e00a0007100c0601b6e0
0a000710100601f4df0a00071014060198e00a000710180601a7e00a0007
101c0601bbd10a000710200601cad10a00071024060119e10a0007102806
013be10a0007102c06016ee10a00071030060176e00a0007103406017ae3
0a000710380601ace30a0007103c0601e2e30a00071040060114e40a0007
104406014ae40a00071048060189e40a0007104c0601d9e40a0007105006
0116e50a00071054060163e50a000710580601bce50a0007105c0601fee5
0a000710600601dde60a0007106406015be80a00071068060196e60a0007
106c0601c3e70a000710700601a4d00a000710740601b3d00a0007107806
01e6dd0a0007107c0601c7e10a00071080060117e20a00071084060164e2
0a000710880601f0e20a0007108c060132e30a000710900601a6e80a0007
10940601f3e80a00071098060140e90a0007109c060184ea0a000710a006
01a1e90a000710a406012deb0a000710a8060192eb0a000710ac0601b7eb
0a000710b00601ddeb0a000710b4060103ec0a000710b80601feea0a0007
10bc0601dcec0a000710c0060173ed0a000710c40601d5ed0a000710c806
0106ee0a000710cc0601f1ee0a000710d0060199ef0a00071014050164d6
0a00071018050183d60a0007101c0501a5d60a000710200501c7d60a0007
10240501e9d60a0007102805010bd70a0007102c05012dd70a0007103005
014fd70a000710340501400b0b0007103805016dd70a0007103c050106d8
0a0007104005014ad80a0007104405018ed80a0007104805018ad70a0007
104c0501acd70a0007105005011dd90a000710540501a1e10a0007105805
01e4d70a0007105c050128d80a0007106005013fd90a0007106405015bd9
0a0007106805017dd90a0007106c0501c8d70a00071070050170d80a0007
107405017fd80a0007107805013d1a0b0007107c0501bd1a0b0007108005
01c4dd0a0007108405011bda0a0007108805013eda0a0007108c050162da
0a00071090050186da0a000710940501aada0a000710980501ccda0a0007
109c050181db0a000710a00501a3db0a000710a40501c5db0a000710a805
01e7db0a000710ac050109dc0a000710b005012bdc0a000710b40501f4dc
0a000710b8050116dd0a000710bc0501a2dd0a000710c0050153dc0a0007
10c405017bdc0a000710c80501a3dc0a000710cc0501ccdc0a000710d005
01ee090b000710d4050133de0a000710d8050160de0a000710dc050190de
0a000710e00501c0de0a000710e40501efde0a000710e805011fdf0a0007
10ec05014fdf0a000710f005017fdf0a000710880302d082080007109403
02968008000710a00302d07305000710a403019bca0a000710b803015ba8
0b000710bc03019bca0a000710c40302f58208000710d80302f182080007
10e00302107405000710e4030131cb0a000710e803014ecb0a000710f803
015ba80b000710fc03014ecb0a0007100404021383080007101804020f83
08000710280402008308000710340402d080080007104004028074050007
10440401c4cb0a0007104804010dcd0a0007104c04010fcc0a0007105004
0138cc0a0007105404014fcc0a0007105804019dcc0a0007105c0401b3cc
0a0007106804015ba80b0007106c04010dcd0a0007107404023683080007
10880402328308000710980402218308000710a40402968008000710b004
02a07905000710b40401bfcd0a000710b80401dccd0a000710bc040133d2
0a000710c004014fd20a000710c404016cd20a000710c804018ad20a0007
10cc0401a8d20a000710d00401c6d20a000710d40401e2d20a000710d804
0180d40a000710dc04019cd40a000710e00401b8d40a000710e40401d4d4
0a000710e80401f0d40a000710ec04010cd50a000710f00401bfd50a0007
10f40401dbd50a000710f8040148d60a000710fc04012cd50a0007100005
0148d50a00071004050164d50a00071008050182d50a0007100c0501a3d5
0a000710100501d2090b0007107c0201749d0a000710800201b49d0a0007
10840201f49d0a000710880201349e0a0007108c0201749e0a0007109002
01b49e0a0007109402013c9f0a0007109802014b9f0a0007109c02016e9f
0a000710a00201809f0a000710a402015f9f0a000710a80201b59f0a0007
10ac0201df9f0a000710b0020109a00a000710b402013aa00a000710b802
0100a10a000710bc02015fa10a000710c00201aaa10a000710c40201aea0
0a000710c80201d7a00a000710cc0201cba10a000710d00201f4a10a0007
10d402011da20a000710d8020168a20a000710dc0201a2a20a000710e002
0192a30a000710e40201bca30a000710e80201caa20a000710ec020102a3
0a000710f002013aa30a000710f402013fa40a000710f80201e28c0a0007
10fc020174a40a000710000301eaa30a00071004030116a40a0007100803
0124ad0a0007100c0301ceac0a000710100301f3ac0a0007101403019bb1
0a000710180301d1b10a0007101c030155b20a0007102003018bb20a0007
10240301a7a40a000710280301d0a40a0007102c0301f9a40a0007103003
0158a50a000710340301b7a50a000710380301e0a50a0007103c030109a6
0a00071040030168a60a000710440301c7a60a00071048030153a80a0007
105803015ba80b0007105c0301ebab0a000710640302e482080007107803
02e082080007109c0101a2890a000710a00101c9890a000710a40101ee89
0a000710a80101128a0a000710ac0101358a0a000710b00101e28a0a0007
10b40101d48b0a000710b801016f8e0a000710bc0101f08d0a000710c001
01428e0a000710c40101328f0a000710c80101578f0a000710cc01017c8f
0a000710d00101a18f0a000710d40101c68f0a000710d80101f68f0a0007
10dc010126900a000710e0010156900a000710e401017d900a000710e801
01a1900a000710ec0101d4920a000710f0010173930a000710f40101be93
0a000710f8010109940a000710fc010154940a0007100002019f940a0007
10040201f4940a00071008020143950a0007100c0201c5960a0007101002
01d5960a00071014020120970a0007101802016b970a0007101c0201b697
0a000710200201b7ad0a0007102402015fae0a00071028020158890a0007
102c0201bd880a000710300201c3900a000710340201ce910a0007103802
01f8910a0007103c0201ee900a00071040020113910a0007104402015f91
0a00071048020184910a0007104c0201a9910a0007105002019b980a0007
10540201eb980a0007105802011b9a0a0007105c0201bb9a0a0007106002
01b49b0a000710640201f49b0a000710680201349c0a0007106c0201749c
0a000710700201b49c0a000710740201f49c0a000710780201349d0a0007
10000001e4620a0007100400011e4c0a000710080001ca620a0007100c00
01f1360a00071010000147340a0007101400019d630a0007101800016964
0a0007101c00011f670a00071020000153650a000710240001cf660a0007
102800010a680a000710300002f07005000710340001b2680a0007103800
011ab00b0007103c00011ab00b0007104000011ab00b0007104400011ab0
0b000710500002d070050007105400016a6b0a00071058000151690a0007
105c0001b6690a000710600001456b0a000710640001056b0a0007107800
015ba80b0007107c0001e4620a000710840002608208000710940001bf6b
0a0007109800015ba80b0007109c00015ba80b000710a400020f82080007
10b400015ba80b000710b800015ba80b000710bc00016a6b0a000710c400
02ae8108000710d80002aa8108000710e800024e8108000710f800024e81
080007100801025c82080007101801024081080007102001025071050007
102401013a6c0a0007102801015d6c0a0007103401015ba80b0007103801
015ba80b0007103c01015d6c0a0007104401028982080007105801028582
080007106801026d8208000710740102d080080007108001027073050007
10840101a96d0a000710880101ebab0a0007108c010122720a0007109001
01537d0a000710940101d66c0a0007109801017d890a000710bc0b011ab0
0b000710c00b011ab00b000710c40b011ab00b000710d80b024683080007
10e80b02968008000710f00b02208c05000710f40b01fb7b0b000710f80b
01167c0b000710080c015ba80b0007100c0c01167c0b000710140c025785
08000710280c02538508000710380c02c38408000710400c02708c050007
10440c01ff9e0b000710540c015ba80b000710580c015ba80b0007105c0c
01ff9e0b000710640c02809c08000710780c027c9c08000710800c02b08c
05000710840c015da10b000710940c0120a10b000710980c015ba80b0007
109c0c015da10b000710a40c02919c08000710b80c028d9c08000710c40c
016ea50b000710c80c020c600a000710d00c02008d05000710d40c016ea5
0b000710e40c0196a10b000710e80c015ba80b000710ec0c016ea50b0007
10f40c02b19c08000710080d02ad9c08000710140d0196a70b000710180d
015ba80b0007101c0d01a7a70b000710240d02e8a208000710300d02408d
05000710340d01a7a70b000710480d02e4a208000710bc0e020ca9040007
10c00e0219a904000710c40e022ea904000710c80e0243a904000710cc0e
0259a904000710d00e0274a904000710dc0a011ab00b000710e00a011ab0
0b000710e40a011ab00b000710e80a011ab00b000710ec0a011ab00b0007
10f00a011ab00b000710f40a011ab00b000710f80a011ab00b000710fc0a
011ab00b000710000b011ab00b000710040b011ab00b000710080b011ab0
0b0007100c0b011ab00b000710100b011ab00b000710140b011ab00b0007
10180b011ab00b0007101c0b011ab00b000710200b011ab00b000710240b
011ab00b000710280b011ab00b0007102c0b011ab00b000710300b011ab0
0b000710340b011ab00b000710380b011ab00b0007103c0b011ab00b0007
10400b011ab00b000710440b011ab00b000710480b011ab00b0007104c0b
011ab00b000710500b011ab00b000710540b011ab00b000710580b011ab0
0b0007105c0b011ab00b000710600b011ab00b000710640b011ab00b0007
10680b011ab00b0007106c0b011ab00b000710700b011ab00b000710740b
011ab00b000710780b011ab00b0007107c0b011ab00b000710800b011ab0
0b000710840b011ab00b000710880b011ab00b0007108c0b011ab00b0007
10900b011ab00b000710940b011ab00b000710980b011ab00b0007109c0b
011ab00b000710a00b011ab00b000710a40b011ab00b000710a80b011ab0
0b000710ac0b011ab00b000710b00b011ab00b000710b40b011ab00b0007
10b80b011ab00b000710fc09011ab00b000710000a011ab00b000710040a
011ab00b000710080a011ab00b0007100c0a011ab00b000710100a011ab0
0b000710140a011ab00b000710180a011ab00b0007101c0a011ab00b0007
10200a011ab00b000710240a011ab00b000710280a011ab00b0007102c0a
011ab00b000710300a011ab00b000710340a011ab00b000710380a011ab0
0b0007103c0a011ab00b000710400a011ab00b000710440a011ab00b0007
10480a011ab00b0007104c0a011ab00b000710500a011ab00b000710540a
011ab00b000710580a011ab00b0007105c0a011ab00b000710600a011ab0
0b000710640a011ab00b000710680a011ab00b0007106c0a011ab00b0007
10700a011ab00b000710740a011ab00b000710780a011ab00b0007107c0a
011ab00b000710800a011ab00b000710840a011ab00b000710880a011ab0
0b0007108c0a011ab00b000710900a011ab00b000710940a011ab00b0007
10980a011ab00b0007109c0a011ab00b000710a00a011ab00b000710a40a
011ab00b000710a80a011ab00b000710ac0a011ab00b000710b00a011ab0
0b000710b40a011ab00b000710b80a011ab00b000710bc0a011ab00b0007
10c00a011ab00b000710c40a011ab00b000710c80a011ab00b000710cc0a
011ab00b000710d00a011ab00b000710d40a011ab00b000710d80a011ab0
0b0007101c09011ab00b0007102009011ab00b0007102409011ab00b0007
102809011ab00b0007102c09011ab00b0007103009011ab00b0007103409
011ab00b0007103809011ab00b0007103c09011ab00b0007104009011ab0
0b0007104409011ab00b0007104809011ab00b0007104c09011ab00b0007
105009011ab00b0007105409011ab00b0007105809011ab00b0007105c09
011ab00b0007106009011ab00b0007106409011ab00b0007106809011ab0
0b0007106c09011ab00b0007107009011ab00b0007107409011ab00b0007
107809011ab00b0007107c09011ab00b0007108009011ab00b0007108409
011ab00b0007108809011ab00b0007108c09011ab00b0007109009011ab0
0b0007109409011ab00b0007109809011ab00b0007109c09011ab00b0007
10a009011ab00b000710a409011ab00b000710a809011ab00b000710ac09
011ab00b000710b009011ab00b000710b409011ab00b000710b809011ab0
0b000710bc09011ab00b000710c009011ab00b000710c409011ab00b0007
10c809011ab00b000710cc09011ab00b000710d009011ab00b000710d409
011ab00b000710d809011ab00b000710dc09011ab00b000710e009011ab0
0b000710e409011ab00b000710e809011ab00b000710ec09011ab00b0007
10f009011ab00b000710f409011ab00b000710f809011ab00b0007103c08
011ab00b0007104008011ab00b0007104408011ab00b0007104808011ab0
0b0007104c08011ab00b0007105008011ab00b0007105408011ab00b0007
105808011ab00b0007105c08011ab00b0007106008011ab00b0007106408
011ab00b0007106808011ab00b0007106c08011ab00b0007107008011ab0
0b0007107408011ab00b0007107808011ab00b0007107c08011ab00b0007
108008011ab00b0007108408011ab00b0007108808011ab00b0007108c08
011ab00b0007109008011ab00b0007109408011ab00b0007109808011ab0
0b0007109c08011ab00b000710a008011ab00b000710a408011ab00b0007
10a808011ab00b000710ac08011ab00b000710b008011ab00b000710b408
011ab00b000710b808011ab00b000710bc08011ab00b000710c008011ab0
0b000710c408011ab00b000710c808011ab00b000710cc08011ab00b0007
10d008011ab00b000710d408011ab00b000710d808011ab00b000710dc08
011ab00b000710e008011ab00b000710e408011ab00b000710e808011ab0
0b000710ec08011ab00b000710f008011ab00b000710f408011ab00b0007
10f808011ab00b000710fc08011ab00b0007100009011ab00b0007100409
011ab00b0007100809011ab00b0007100c09011ab00b0007101009011ab0
0b0007101409011ab00b0007101809011ab00b0007105c07011ab00b0007
106007011ab00b0007106407011ab00b0007106807011ab00b0007106c07
011ab00b0007107007011ab00b0007107407011ab00b0007107807011ab0
0b0007107c07011ab00b0007108007011ab00b0007108407011ab00b0007
108807011ab00b0007108c07011ab00b0007109007011ab00b0007109407
011ab00b0007109807011ab00b0007109c07011ab00b000710a007011ab0
0b000710a407011ab00b000710a807011ab00b000710ac07011ab00b0007
10b007011ab00b000710b407011ab00b000710b807011ab00b000710bc07
011ab00b000710c007011ab00b000710c407011ab00b000710c807011ab0
0b000710cc07011ab00b000710d007011ab00b000710d407011ab00b0007
10d807011ab00b000710dc07011ab00b000710e007011ab00b000710e407
011ab00b000710e807011ab00b000710ec07011ab00b000710f007011ab0
0b000710f407011ab00b000710f807011ab00b000710fc07011ab00b0007
100008011ab00b0007100408011ab00b0007100808011ab00b0007100c08
011ab00b0007101008011ab00b0007101408011ab00b0007101808011ab0
0b0007101c08011ab00b0007102008011ab00b0007102408011ab00b0007
102808011ab00b0007102c08011ab00b0007103008011ab00b0007103408
011ab00b0007103808011ab00b000710ec05020c8605000710f005011ab0
0b000710f40501de6d0b000710f805011ab00b000710fc05011ab00b0007
100006011ab00b0007100406011ab00b0007100806011ab00b0007101406
022183080007102406029680080007102806023486050007102c06011ab0
0b0007103006010f6e0b0007103c06020083080007104c0602d080080007
10500602908605000710540601b1710b000710580601be6f0b0007105c06
01b16f0b000710600601536f0b0007107806015ba80b0007107c0601be6f
0b000710840602648008000710980602608008000710a806027080080007
10b40602c38408000710c00602e08605000710c40601b1710b000710c806
01ab7a0b000710cc06011ab00b000710d006011ab00b000710e806027080
08000710f80602c38408000710000702d08b050007100407011ab00b0007
10080701967b0b0007100c07011ab00b0007101007011ab00b0007101407
011ab00b0007101807011ab00b0007101c07011ab00b0007102007011ab0
0b0007102407011ab00b0007102807011ab00b0007102c07011ab00b0007
103007011ab00b0007103407011ab00b0007103807011ab00b0007103c07
011ab00b0007104007011ab00b0007104407011ab00b0007104807011ab0
0b0007104c07011ab00b0007105007011ab00b0007105407011ab00b0007
105807011ab00b0007108004011ab00b0007108404011ab00b0007108804
011ab00b0007108c04011ab00b0007109004011ab00b0007109404011ab0
0b0007109804011ab00b0007109c04011ab00b000710a004011ab00b0007
10a404011ab00b000710a804011ab00b000710ac04011ab00b000710b004
011ab00b000710b404011ab00b000710b804011ab00b000710bc04011ab0
0b000710c004011ab00b000710c404011ab00b000710c804011ab00b0007
10cc04011ab00b000710d004011ab00b000710d404011ab00b000710d804
011ab00b000710dc04011ab00b000710e004011ab00b000710e404011ab0
0b000710e804011ab00b000710ec04011ab00b000710f004011ab00b0007
10f404011ab00b000710f804011ab00b000710fc04011ab00b0007100005
011ab00b0007100405011ab00b0007100805011ab00b000710180502d082
080007102805029680080007103005026085050007103405011e5e0b0007
10380501176b0b0007104805015ba80b0007104c0501176b0b0007105405
023085080007106805022c8508000710780502c384080007108005029085
05000710840501966b0b000710980502964708000710a00502d085050007
10a40501576c0b000710a80501646d0b000710b805015ba80b000710bc05
01646d0b000710c40502468508000710d80502428508000710e80502c384
08000710a003011ab00b000710a403011ab00b000710a803011ab00b0007
10ac03011ab00b000710b003011ab00b000710b403011ab00b000710b803
011ab00b000710bc03011ab00b000710c003011ab00b000710c403011ab0
0b000710c803011ab00b000710cc03011ab00b000710d003011ab00b0007
10d403011ab00b000710d803011ab00b000710dc03011ab00b000710e003
011ab00b000710e403011ab00b000710e803011ab00b000710ec03011ab0
0b000710f003011ab00b000710f403011ab00b000710f803011ab00b0007
10fc03011ab00b0007100004011ab00b0007100404011ab00b0007100804
011ab00b0007100c04011ab00b0007101004011ab00b0007101404011ab0
0b0007101804011ab00b0007101c04011ab00b0007102004011ab00b0007
102404011ab00b0007102804011ab00b0007102c04011ab00b0007103004
011ab00b0007103404011ab00b0007103804011ab00b0007103c04011ab0
0b0007104004011ab00b0007104404011ab00b0007104804011ab00b0007
104c04011ab00b0007105004011ab00b0007105404011ab00b0007105804
011ab00b0007105c04011ab00b0007106004011ab00b0007106404011ab0
0b0007106804011ab00b0007106c04011ab00b0007107004011ab00b0007
107404011ab00b0007107804011ab00b0007107c04011ab00b0007102c02
01515a0b000710340202f98408000710480202f58408000710580202c384
080007105c02026882050007106002011ab00b000710640201dd5a0b0007
10700202d08008000710840201085c0b000710880202bc5f0a0007109002
02c082050007109402014d5b0b000710980201a95b0b0007109c0201085c
0b000710a40201ee5a0b000710a802015ba80b000710ac0201085c0b0007
10b40202168508000710c80202128508000710d00202e08205000710d402
011ab00b000710d80201ab5c0b000710e80202968008000710f00202fc82
05000710f402011ab00b000710f80201ff5c0b000710040302c384080007
100c03021883050007101003011ab00b000710140301415d0b0007102003
026d8208000710300302d080080007104003021085050007104403011ab0
0b000710480301725d0b0007104c03011ab00b0007105003011ab00b0007
105403011ab00b0007105803011ab00b0007105c03011ab00b0007106003
011ab00b0007106403011ab00b0007106803011ab00b0007106c03011ab0
0b0007107003011ab00b0007107403011ab00b0007107803011ab00b0007
107c03011ab00b0007108003011ab00b0007108403011ab00b0007108803
011ab00b0007108c03011ab00b0007109003011ab00b0007109403011ab0
0b0007109803011ab00b0007109c03011ab00b000710e000011ab00b0007
10e400011ab00b000710e800011ab00b000710ec00011ab00b000710f000
011ab00b000710f400011ab00b000710f800011ab00b000710fc00011ab0
0b0007100001011ab00b0007100401011ab00b0007100801011ab00b0007
100c01011ab00b0007101001011ab00b0007101401011ab00b0007101801
011ab00b0007101c01011ab00b0007102001011ab00b0007102401011ab0
0b0007102801011ab00b0007102c01011ab00b0007103001011ab00b0007
103401011ab00b0007103801011ab00b0007103c01011ab00b0007104001
011ab00b0007104401011ab00b0007104801011ab00b0007104c01011ab0
0b0007105001011ab00b0007105401011ab00b0007105801011ab00b0007
105c01011ab00b0007106001011ab00b0007106401011ab00b0007106801
011ab00b000710780102fc8008000710880102968008000710900102c081
05000710940101f6490b000710980101a1560b000710a801015ba80b0007
10ac0101a1560b000710b40102e68408000710c80102e28408000710d801
02c38408000710dc0102f08105000710e001011ab00b000710e401012157
0b000710e801011ab00b000710ec01011ab00b000710f801021b81080007
10080202968008000710100202408205000710140201f1570b0007101802
01515a0b0007102802015ba80b0007100000011ab00b0007100400011ab0
0b0007100800011ab00b0007100c00011ab00b0007101000011ab00b0007
101400011ab00b0007101800011ab00b0007101c00011ab00b0007102000
011ab00b0007102400011ab00b0007102800011ab00b0007102c00011ab0
0b0007103000011ab00b0007103400011ab00b0007103800011ab00b0007
103c00011ab00b0007104000011ab00b0007104400011ab00b0007104800
011ab00b0007104c00011ab00b0007105000011ab00b0007105400011ab0
0b0007105800011ab00b0007105c00011ab00b0007106000011ab00b0007
106400011ab00b0007106800011ab00b0007106c00011ab00b0007107000
011ab00b0007107400011ab00b0007107800011ab00b0007107c00011ab0
0b0007108000011ab00b0007108400011ab00b0007108800011ab00b0007
108c00011ab00b0007109000011ab00b0007109400011ab00b0007109800
011ab00b0007109c00011ab00b000710a000011ab00b000710a400011ab0
0b000710a800011ab00b000710ac00011ab00b000710b000011ab00b0007
10b400011ab00b000710b800011ab00b000710bc00011ab00b000710c000
011ab00b000710c400011ab00b000710c800011ab00b000710cc00011ab0
0b000710d000011ab00b000710d400011ab00b000710d800011ab00b0007
10dc00011ab00b000700500b02f4290700540b02012a0700580b020f2a07
005c0b021c2a0700600b022f2a0700640b023a2a0700680b02452a07006c
0b02562a0700700b02722a0700740b02822a0700780b02902a07007c0b02
982a0700800b02a82a0700840b02b72a0700880b02ca2a07008c0b02de2a
0700900b02f02a0700940b02012b0700980b02122b07009c0b02242b0700
a00b02312b0700a40b023a2b0700a80b024c2b0700ac0b02612b0700b00b
026f2b0700b40b027e2b0700b80b028c2b0700bc0b02982b0700c00b02a3
2b0700c40b02b42b0700c80b02ba2b0700cc0b02c92b0700d00b02db2b07
00d40b02ed2b0700d80b02f62b0700dc0b02ff2b0700e00b02112c0700e4
0b02272c0700e80b02412c0700ec0b024b2c0700f00b02592c0700f40b02
672c0700f80b02752c0700fc0b02842c0700000c028f2c0700040c029b2c
0700080c02a52c07000c0c02af2c0700100c02be2c0700140c02c22c0700
180c02d02c07001c0c02de2c0700200c02eb2c0700240c02fe2c0700280c
02062d07002c0c02152d0700300c02262d0700340c02332d0700380c023a
2d07003c0c02482d0700400c02502d0700440c025e2d0700480c026b2d07
004c0c02782d0700500c02872d0700540c029a2d0700580c02ab2d07005c
0c02bd2d07002c0a0255260700300a0261260700340a026a260700380a02
732607003c0a027f260700400a028c260700440a029c260700480a02a326
07004c0a02b0260700500a02c1260700540a02cf260700580a02de260700
5c0a02f3260700600a0205270700640a0211270700680a021c2707006c0a
0230270700700a023e270700740a0247270700780a02592707007c0a026a
270700800a0279270700840a0289270700880a02992707008c0a02ad2707
00900a02b7270700940a02c5270700980a02d62707009c0a02e1270700a0
0a02ea270700a40a02fc270700a80a0204280700ac0a020f280700b00a02
24280700b40a0235280700b80a0240280700bc0a0249280700c00a025a28
0700c40a0261280700c80a026a280700cc0a0274280700d00a027f280700
d40a028c280700d80a0293280700dc0a029b280700e00a02a9280700e40a
02b8280700e80a02c2280700ec0a02ce280700f00a02d4280700f40a02e6
280700f80a02ee280700fc0a02f5280700000b0204290700040b020d2907
00080b021b2907000c0b0228290700100b0239290700140b024229070018
0b024b2907001c0b0252290700200b025d290700240b026a290700280b02
722907002c0b027d290700300b0288290700340b0292290700380b029d29
07003c0b02ac290700400b02b5290700440b02c6290700480b02d8290700
4c0b02e92907000809027d2207000c09028a220700100902992207001409
02a1220700180902b22207001c0902c7220700200902d6220700240902dd
220700280902f02207002c090200230700300902112307003409021b2307
00380902262307003c090233230700400902402307004409025023070048
0902612307004c09026f2307005009027e23070054090290230700580902
9c2307005c0902ac230700600902b6230700640902be230700680902c823
07006c0902d9230700700902f7230700740902042407007809020f240700
7c090227240700800902322407008409023c240700880902442407008c09
02542407009009025c2407009409026b2407009809027b2407009c090285
240700a009028c240700a409029c240700a80902a8240700ac0902bd2407
00b00902d3240700b40902e7240700b80902ff240700bc09021a250700c0
09022a250700c4090234250700c8090244250700cc09024e250700d00902
5b250700d4090262250700d809026d250700dc090272250700e009027d25
0700e4090282250700e809028b250700ec090297250700f00902a1250700
f40902ac250700f80902ba250700fc0902c2250700000a02cb250700040a
02d4250700080a02db2507000c0a02ee250700100a02fd250700140a020e
260700180a02192607001c0a0226260700200a022f260700240a02402607
00280a0249260700e40702a11e0700e80702b31e0700ec0702c11e0700f0
0702c91e0700f40702d21e0700f80702e11e0700fc0702eb1e0700000802
f41e0700040802021f0700080802131f07000c0802241f07001008022c1f
07001408023c1f0700180802491f07001c0802551f0700200802651f0700
240802731f07002808027e1f07002c08028f1f07003008029a1f07003408
02a31f0700380802ae1f07003c0802b71f0700400802c21f0700440802cb
1f0700480802d61f07004c0802e01f0700500802ec1f0700540802fa1f07
00580802082007005c0802142007006008021e2007006408022620070068
0802362007006c0802442007007008025a2007007408026d200700780802
7e2007007c0802892007008008029a200700840802a5200700880802b220
07008c0802c4200700900802d0200700940802e6200700980802f8200700
9c080204210700a0080210210700a408021e210700a8080229210700ac08
0236210700b008024f210700b4080262210700b808026c210700bc080277
210700c0080282210700c4080291210700c80802a0210700cc0802ab2107
00d00802b6210700d40802c6210700d80802cf210700dc0802dc210700e0
0802ec210700e40802f9210700e80802ff210700ec08020d220700f00802
19220700f4080228220700f808023c220700fc08024c2207000009025e22
070004090269220700c00602271a0700c40602341a0700c80602431a0700
cc06024e1a0700d00602591a0700d40602661a0700d80602741a0700dc06
02831a0700e006028e1a0700e40602a21a0700e80602b41a0700ec0602c3
1a0700f00602d01a0700f40602da1a0700f80602e81a0700fc0602f21a07
00000702fd1a07000407020e1b07000807021c1b07000c0702341b070010
0702461b0700140702551b07001807026b1b07001c0702801b0700200702
9a1b0700240702b01b0700280702bb1b07002c0702c91b0700300702d81b
0700340702eb1b0700380702f61b07003c0702031c07004007020f1c0700
440702201c0700480702311c07004c07023f1c07005007024f1c07005407
025c1c07005807026b1c07005c0702781c07006007028b1c07006407029a
1c0700680702a51c07006c0702af1c0700700702bc1c0700740702c71c07
00780702d01c07007c0702de1c0700800702eb1c0700840702fd1c070088
07020d1d07008c0702221d0700900702381d0700940702451d0700980702
521d07009c0702661d0700a00702751d0700a40702891d0700a807029d1d
0700ac0702b21d0700b00702c31d0700b40702cd1d0700b80702dd1d0700
bc0702ed1d0700c00702fa1d0700c40702071e0700c807021e1e0700cc07
02331e0700d007024e1e0700d40702621e0700d80702771e0700dc070283
1e0700e00702941e07009c050292150700a00502a0150700a40502ab1507
00a80502b6150700ac0502c0150700b00502e3150700b40502f7150700b8
05020f160700bc05021c160700c005022a160700c4050238160700c80502
47160700cc050258160700d0050269160700d405027b160700d805028a16
0700dc0502a2160700e00502b0160700e40502bd160700e80502d1160700
ec0502e9160700f0050201170700f405020d170700f805021e170700fc05
023217070000060240170700040602521707000806025f1707000c060279
1707001006028a17070014060296170700180602a21707001c0602ae1707
00200602bd170700240602ce170700280602de1707002c0602ed17070030
0602fe17070034060214180700380602211807003c060230180700400602
3b180700440602441807004806024d1807004c0602571807005006026118
07005406026a180700580602741807005c06027e18070060060291180700
6406029f180700680602b21807006c0602c9180700700602d71807007406
02e7180700780602f71807007c0602081907008006021a1907008406022d
190700880602401907008c0602531907009006025e1907009406026a1907
009806027c1907009c060294190700a00602a6190700a40602be190700a8
0602c8190700ac0602d8190700b00602e4190700b40602f9190700b80602
0a1a0700bc06021c1a0700780402991007007c0402a8100700800402b410
0700840402c1100700880402d21007008c0402e9100700900402f9100700
940402091107009804021b1107009c04022b110700a0040236110700a404
0244110700a8040251110700ac04025f110700b004026c110700b4040278
110700b8040283110700bc040290110700c004029e110700c40402ad1107
00c80402bd110700cc0402cb110700d00402d5110700d40402df110700d8
0402e9110700dc0402f3110700e00402fe110700e4040209120700e80402
1a120700ec040224120700f004022f120700f404023d120700f804025512
0700fc0402691207000005027f12070004050293120700080502a7120700
0c0502b7120700100502c9120700140502db120700180502ef1207001c05
02041307002005021313070024050227130700280502491307002c050260
1307003005026a1307003405027a130700380502841307003c0502981307
00400502b1130700440502cb130700480502e81307004c0502f813070050
0502131407005405022e140700580502461407005c050260140700600502
6a14070064050284140700680502941407006c0502a3140700700502b614
0700740502cf140700780502e61407007c0502f51407008005020c150700
84050223150700880502351507008c050246150700900502581507009405
026e15070098050280150700540302e90a0700580302fc0a07005c03020e
0b07006003021f0b0700640302320b07006803023f0b07006c0302530b07
00700302690b07007403027b0b0700780302900b07007c03029e0b070080
0302ab0b0700840302bb0b0700880302ce0b07008c0302e00b0700900302
f30b07009403020e0c0700980302240c07009c0302380c0700a00302490c
0700a403025e0c0700a80302720c0700ac03028a0c0700b003029f0c0700
b40302b40c0700b80302d10c0700bc0302e00c0700c00302ee0c0700c403
02fc0c0700c80302190d0700cc0302380d0700d003024b0d0700d403025e
0d0700d80302740d0700dc0302880d0700e00302a50d0700e40302c20d07
00e80302e00d0700ec0302fb0d0700f003020c0e0700f403021e0e0700f8
03023a0e0700fc0302530e0700000402710e07000404028c0e0700080402
a50e07000c0402b80e0700100402c90e0700140402da0e0700180402eb0e
07001c0402fc0e07002004020c0f0700240402200f0700280402340f0700
2c0402400f07003004024c0f0700340402610f0700380402780f07003c04
028e0f07004004029e0f0700440402b30f0700480402c30f07004c0402d4
0f0700500402e00f0700540402ed0f0700580402ff0f07005c04020c1007
006004022010070064040235100700680402471007006c04026210070070
0402751007007404028a100700300202690507003402027a050700380202
8f0507003c0202a2050700400202bb050700440202cc050700480202dd05
07004c0202f4050700500202060607005402021c06070058020230060700
5c02023e060700600202550607006402026c0607006802027e0607006c02
028c060700700202a0060700740202b9060700780202d10607007c0202e9
060700800202f9060700840202090707008802021c0707008c0202340707
009002024d070700940202690707009802028a0707009c02029b070700a0
0202ab070700a40202ba070700a80202cf070700ac0202e4070700b00202
f9070700b402020a080700b802021d080700bc02022d080700c002024608
0700c4020258080700c8020270080700cc02027f080700d002029a080700
d40202b0080700d80202c6080700dc0202d6080700e00202e0080700e402
02ee080700e8020202090700ec020215090700f0020228090700f402023f
090700f8020253090700fc02026909070000030277090700040302840907
00080302960907000c0302ac090700100302bd090700140302d309070018
0302e30907001c0302f5090700200302050a07002403021a0a0700280302
2a0a07002c03023a0a07003003024d0a07003403025a0a0700380302690a
07003c03027b0a07004003028d0a07004403029d0a0700480302b40a0700
4c0302c50a0700500302d60a07000c0102c2000700100102c70007001401
02cd000700180102d80007001c0102e9000700200102f400070024010203
010700280102100107002c01022101070030010230010700340102420107
00380102550107003c0102690107004001027b0107004401029101070048
0102a70107004c0102b5010700500102c6010700540102d4010700580102
e20107005c0102f3010700600102050207006401021e0207006801023002
07006c0102410207007001024f020700740102600207007801026c020700
7c01027b0207008001028a02070084010297020700880102a20207008c01
02af020700900102ba020700940102c9020700980102d70207009c0102ec
020700a0010201030700a4010210030700a801021d030700ac01022a0307
00b001023a030700b4010249030700b8010256030700bc010264030700c0
010278030700c401028b030700c80102a2030700cc0102b1030700d00102
c0030700d40102cc030700d80102e5030700dc0102f5030700e001020904
0700e401021a040700e801022b040700ec01023f040700f0010252040700
f4010262040700f8010279040700fc010285040700000202970407000402
02a7040700080202b80407000c0202c9040700100202d7040700140202e5
040700180202f50407001c020208050700200202190507002402022b0507
00280202420507002c020254050700f80e021d360700040f022536070010
0f022f3607001c0f0239360700280f023b360700340f0240360700400f02
423607004c0f0247360700580f024d360700640f0251360700700f025536
07007c0f0257360700880f0260360700940f0265360700a00f026c360700
ac0f0275360700b80f027c360700c40f027f360700d00f0282360700dc0f
0285360700e80f0288360700f40f02903607008c0b02af320700980b02ba
320700a40b02c5320700b00b02cd320700bc0b02d8320700c80b02e33207
00d40b02ed320700e00b02f5320700ec0b0200330700f80b020933070004
0c020b330700100c02103307001c0c0212330700280c021b330700340c02
23330700400c02303307004c0c023c330700580c0249330700640c025933
0700700c02693307007c0c0276330700880c027e330700940c0289330700
a00c0294330700ac0c02a3330700b80c02b0330700c40c02be330700d00c
02c7330700dc0c02cf330700e80c02da330700f40c02e6330700000d02f0
3307000c0d02fe330700180d0206340700240d020d340700300d02173407
003c0d0222340700480d022f340700540d0243340700600d02573407006c
0d0268340700780d0272340700840d0282340700900d028a3407009c0d02
97340700a80d02ac340700b40d02ba340700c00d02cd340700cc0d02df34
0700d80d02f1340700e40d02fa340700f00d0203350700fc0d0215350700
080e022b350700140e0241350700200e024b3507002c0e0254350700380e
0263350700440e0272350700500e02813507005c0e028c350700680e0295
350700740e02a5350700800e02b53507008c0e02bf350700980e02cb3507
00a40e02d5350700b00e02d9350700bc0e02e1350700c80e02ef350700d4
0e02fc350700e00e0209360700ec0e02113607002008027a2f07002c0802
872f0700380802972f0700440802a02f0700500802ae2f07005c0802b92f
0700680802c22f0700740802d42f0700800802e22f07008c0802ed2f0700
980802f42f0700a4080202300700b008020a300700bc080217300700c808
0224300700d4080231300700e0080241300700ec08024f300700f808025b
30070004090266300700100902723007001c09027f3007002809028d3007
0034090298300700400902a23007004c0902ba300700580902cb30070064
0902d1300700700902dc3007007c0902e8300700880902f3300700940902
06310700a0090212310700ac09021c310700b8090228310700c409022f31
0700d009023b310700dc090240310700e8090247310700f409024c310700
000a02553107000c0a025c310700180a0265310700240a026e310700300a
02813107003c0a028d310700480a029e310700540a02ac310700600a02b3
3107006c0a02ba310700780a02c4310700840a02cd310700900a02d83107
009c0a02e1310700a80a02ef310700b40a02f6310700c00a02ff310700cc
0a0207320700d80a0212320700e40a0224320700f00a022f320700fc0a02
3a320700080b0244320700140b024e320700200b02593207002c0b026332
0700380b0265320700440b026d320700500b027a3207005c0b028b320700
680b0294320700740b029f320700800b02a7320700440a02ca3f0700500a
02db3f07005c0a02e63f0700680a02ef3f0700740a02f63f0700800a02fe
3f07008c0a0202400700980a021b400700a40a0220400700b00a02284007
00bc0a0232400700c80a0248400700d40a0250400700e00a0259400700ec
0a0269400700f80a0278400700040b028a400700100b029a4007001c0b02
ae400700280b02ba400700340b02c3400700400b02d34007004c0b02dc40
0700580b02e3400700640b02ea400700700b02f54007007c0b0201410700
880b0206410700940b020d410700a00b0213410700ac0b021d410700b80b
0228410700c40b0230410700d00b023a410700dc0b023e410700e80b0243
410700f40b0247410700000c02574107000c0c025e410700180c02654107
00240c026c410700300c02734107003c0c027c410700480c028541070054
0c0292410700600c029e4107006c0c02a8410700780c02b7410700840c02
bf410700900c02c64107009c0c02d4410700a80c02dd410700b40c02eb41
0700c00c02f9410700cc0c0208420700d80c0217420700e40c0222420700
f00c022c420700fc0c0230420700080d0242420700140d0254420700200d
02694207002c0d0270420700d80602133c0700e40602223c0700f0060232
3c0700fc0602443c0700080702483c07001407025d3c0700200702673c07
002c07026d3c07003807027c3c07004407028a3c0700500702953c07005c
0702a13c0700680702b33c0700740702cd3c0700800702e63c07008c0702
f63c0700980702033d0700a40702193d0700b00702253d0700bc0702303d
0700c807023d3d0700d40702553d0700e007026c3d0700ec0702833d0700
f807028b3d0700040802943d07001008029a3d07001c0802a23d07002808
02aa3d0700340802b43d0700400802be3d07004c0802c93d0700580802d9
3d0700640802db3d0700700802f03d07007c0802fb3d07008808020f3e07
00940802163e0700a008022b3e0700ac08023c3e0700b808024e3e0700c4
0802633e0700d00802703e0700dc08027f3e0700e808028c3e0700f40802
993e0700000902a23e07000c0902ad3e0700180902b83e0700240902be3e
0700300902c73e07003c0902d43e0700480902ed3e0700540902f53e0700
600902f93e07006c0902023f0700780902043f0700840902113f07009009
021d3f07009c0902283f0700a80902383f0700b40902403f0700c0090249
3f0700cc09024e3f0700d80902583f0700e409025c3f0700f00902653f07
00fc0902753f0700080a02883f0700140a029b3f0700200a02a63f07002c
0a02b53f0700380a02bd3f07006c0302b5390700780302be390700840302
c6390700900302ce3907009c0302d8390700a80302f1390700b40302f739
0700c00302fa390700cc0302ff390700d80302043a0700e40302073a0700
f003020a3a0700fc0302113a0700080402183a0700140402253a07002004
02343a07002c04023e3a0700380402473a0700440402503a070050040258
3a07005c04025f3a0700680402623a0700740402653a07008004026d3a07
008c04027b3a0700980402843a0700a404028f3a0700b004029b3a0700bc
0402a03a0700c80402a63a0700d40402ac3a0700e00402b13a0700ec0402
bb3a0700f80402c13a0700040502c63a0700100502cb3a07001c0502cf3a
0700280502da3a0700340502de3a0700400502e23a07004c0502e53a0700
580502fa3a07006405020f3b0700700502143b07007c0502193b07008805
02203b0700940502283b0700a00502313b0700ac0502393b0700b8050242
3b0700c405024f3b0700d005025f3b0700dc0502673b0700e80502703b07
00f405027a3b07000006027f3b07000c0602853b07001806028c3b070024
0602973b07003006029e3b07003c0602aa3b0700480602b43b0700540602
bd3b0700600602c63b07006c0602ca3b0700780602ce3b0700840602d33b
0700900602d83b07009c0602e23b0700a80602ef3b0700b40602f83b0700
c00602013c0700cc0602063c0700000002953607000c0002973607001800
029c360700240002a2360700300002ac3607003c0002b1360700480002b8
360700540002c4360700600002cc3607006c0002d7360700780002dd3607
00840002e5360700900002ec3607009c0002f1360700a80002f7360700b4
000202370700c000020d370700cc000218370700d8000226370700e40002
2c370700f000023b370700fc00024c3707000801025c3707001401026637
0700200102753707002c01027f3707003801028a37070044010297370700
500102aa3707005c0102bb370700680102c4370700740102d53707008001
02e63707008c0102f2370700980102fd370700a401020a380700b0010211
380700bc01021a380700c801021e380700d4010223380700e00102283807
00ec01022f380700f80102323807000402023a3807001002023e3807001c
02024438070028020248380700340202553807004002025f3807004c0202
6d380700580202733807006402027d380700700202873807007c02029438
07008802029f380700940202b2380700a00202be380700ac0202c9380700
b80202d8380700c40202e0380700d00202e7380700dc0202f1380700e802
0202390700f402020e3907000003021b3907000c03023039070018030245
390700240302533907003003025f3907003c03026d3907004803027f3907
005403028e3907006003029d3907102b060210d10400071033060274d009
0007103b06021cd10400071043060278d0090007104b060228d104000710
5306027cd0090007105b060234d10400071063060280d0090007106b0602
40d10400071073060284d0090007107b06024cd10400071083060288d009
0007106b0402c0cf0400071073040204d0090007107b0402cccf04000710
83040208d0090007108b0402d8cf040007109304020cd0090007109b0402
e4cf04000710a3040210d009000710ab0402f0cf04000710b3040214d009
000710bb0402fccf04000710c3040218d009000710cb040208d004000710
d304021cd009000710db040214d004000710e3040220d009000710eb0402
20d004000710f3040224d009000710fb04022cd00400071003050228d009
0007100b050238d0040007101305022cd0090007101b050244d004000710
23050230d0090007102b050250d00400071033050234d0090007103b0502
5cd00400071043050238d0090007104b050268d0040007105305023cd009
0007105b050274d00400071063050240d0090007106b050280d004000710
73050244d0090007107b05028cd00400071083050248d0090007108b0502
98d0040007109305024cd0090007109b0502a4d004000710a3050250d009
000710ab0502b0d004000710b3050254d009000710bb0502bcd004000710
c3050258d009000710cb0502c8d004000710d305025cd009000710db0502
d4d004000710e3050260d009000710eb0502e0d004000710f3050264d009
000710fb0502ecd00400071003060268d0090007100b0602f8d004000710
1306026cd0090007101b060204d10400071023060270d009000710ab0202
70ce04000710b3020294cf09000710bb02027cce04000710c3020298cf09
000710cb020288ce04000710d302029ccf09000710db020294ce04000710
e30202a0cf09000710eb0202a0ce04000710f30202a4cf09000710fb0202
acce04000710030302a8cf090007100b0302b8ce04000710130302accf09
0007101b0302c4ce04000710230302b0cf090007102b0302d0ce04000710
330302b4cf090007103b0302dcce04000710430302b8cf090007104b0302
e8ce04000710530302bccf090007105b0302f4ce04000710630302c0cf09
0007106b030200cf04000710730302c4cf090007107b03020ccf04000710
830302c8cf090007108b030218cf04000710930302cccf090007109b0302
24cf04000710a30302d0cf09000710ab030230cf04000710b30302d4cf09
000710bb03023ccf04000710c30302d8cf09000710cb030248cf04000710
d30302dccf09000710db030254cf04000710e30302e0cf09000710eb0302
60cf04000710f30302e4cf09000710fb03026ccf04000710030402e8cf09
0007100b040278cf04000710130402eccf090007101b040284cf04000710
230402f0cf090007102b040290cf04000710330402f4cf090007103b0402
9ccf04000710430402f8cf090007104b0402a8cf04000710530402fccf09
0007105b0402b4cf0400071063040200d009000710eb000220cd04000710
f3000224cf09000710fb00022ccd0400071003010228cf090007100b0102
38cd040007101301022ccf090007101b010244cd0400071023010230cf09
0007102b010250cd0400071033010234cf090007103b01025ccd04000710
43010238cf090007104b010268cd040007105301023ccf090007105b0102
74cd0400071063010240cf090007106b010280cd0400071073010244cf09
0007107b01028ccd0400071083010248cf090007108b010298cd04000710
9301024ccf090007109b0102a4cd04000710a3010250cf09000710ab0102
b0cd04000710b3010254cf09000710bb0102bccd04000710c3010258cf09
000710cb0102c8cd04000710d301025ccf09000710db0102d4cd04000710
e3010260cf09000710eb0102e0cd04000710f3010264cf09000710fb0102
eccd0400071003020268cf090007100b0202f8cd040007101302026ccf09
0007101b020204ce0400071023020270cf090007102b020210ce04000710
33020274cf090007103b02021cce0400071043020278cf090007104b0202
28ce040007105302027ccf090007105b020234ce0400071063020280cf09
0007106b020240ce0400071073020284cf090007107b02024cce04000710
83020288cf090007108b020258ce040007109302028ccf090007109b0202
64ce04000710a3020290cf09000710bc0c02cc1205000710c40c02f0e509
000710cc0c02d81205000710d40c02f4e509000710dc0c02e41205000710
e40c02f8e509000710ec0c02f01205000710f40c02fce509000710fc0c02
fc1205000710040d0200e6090007100c0d02081305000710140d0204e609
0007101c0d02141305000710240d0208e6090007102c0d02201305000710
340d020ce6090007103c0d022c1305000710440d0210e609000710fc0a02
7c1105000710040b0280e5090007100c0b02881105000710140b0284e509
0007101c0b02941105000710240b0288e5090007102c0b02a01105000710
340b028ce5090007103c0b02ac1105000710440b0290e5090007104c0b02
b81105000710540b0294e5090007105c0b02c41105000710640b0298e509
0007106c0b02d01105000710740b029ce5090007107c0b02dc1105000710
840b02a0e5090007108c0b02e81105000710940b02a4e5090007109c0b02
f41105000710a40b02a8e509000710ac0b02001205000710b40b02ace509
000710bc0b020c1205000710c40b02b0e509000710cc0b02181205000710
d40b02b4e509000710dc0b02241205000710e40b02b8e509000710ec0b02
301205000710f40b02bce509000710fc0b023c1205000710040c02c0e509
0007100c0c02481205000710140c02c4e5090007101c0c02541205000710
240c02c8e5090007102c0c02601205000710340c02cce5090007103c0c02
6c1205000710440c02d0e5090007104c0c02781205000710540c02d4e509
0007105c0c02841205000710640c02d8e5090007106c0c02901205000710
740c02dce5090007107c0c029c1205000710840c02e0e5090007108c0c02
a81205000710940c02e4e5090007109c0c02b41205000710a40c02e8e509
000710ac0c02c01205000710b40c02ece5090007103c09022c1005000710
44090210e5090007104c090238100500071054090214e5090007105c0902
44100500071064090218e5090007106c09025010050007107409021ce509
0007107c09025c100500071084090220e5090007108c0902681005000710
94090224e5090007109c0902741005000710a4090228e509000710ac0902
801005000710b409022ce509000710bc09028c1005000710c4090230e509
000710cc0902981005000710d4090234e509000710dc0902a41005000710
e4090238e509000710ec0902b01005000710f409023ce509000710fc0902
bc1005000710040a0240e5090007100c0a02c81005000710140a0244e509
0007101c0a02d41005000710240a0248e5090007102c0a02e01005000710
340a024ce5090007103c0a02ec1005000710440a0250e5090007104c0a02
f81005000710540a0254e5090007105c0a02041105000710640a0258e509
0007106c0a02101105000710740a025ce5090007107c0a021c1105000710
840a0260e5090007108c0a02281105000710940a0264e5090007109c0a02
341105000710a40a0268e509000710ac0a02401105000710b40a026ce509
000710bc0a024c1105000710c40a0270e509000710cc0a02581105000710
d40a0274e509000710dc0a02641105000710e40a0278e509000710ec0a02
701105000710f40a027ce50900071068010280fe040007107001028cd009
000710e10302400705000710e903028ce409000710570502000a05000710
5f05029ce409000710ac0702000f05000710b40702ace409000710bc0702
0c0f05000710c40702b0e409000710cc0702180f05000710d40702b4e409
000710dc0702240f05000710e40702b8e409000710ec0702300f05000710
f40702bce409000710fc07023c0f05000710040802c0e4090007100c0802
480f05000710140802c4e4090007101c0802540f05000710240802c8e409
0007102c0802600f05000710340802cce4090007103c08026c0f05000710
440802d0e4090007104c0802780f05000710540802d4e4090007105c0802
840f05000710640802d8e4090007106c0802900f05000710740802dce409
0007107c08029c0f05000710840802e0e4090007108c0802a80f05000710
940802e4e4090007109c0802b40f05000710a40802e8e409000710ac0802
c00f05000710b40802ece409000710bc0802cc0f05000710c40802f0e409
000710cc0802d80f05000710d40802f4e409000710dc0802e40f05000710
e40802f8e409000710ec0802f00f05000710f40802fce409000710fc0802
fc0f0500071004090200e5090007100c090208100500071014090204e509
0007101c090214100500071024090208e5090007102c0902201005000710
3409020ce509000710dc0c02502c05000710e40c0214e609000710030d02
b02c050007100b0d0224e609000710130d02bc2c050007101b0d0228e609
000710230d02c82c050007102b0d022ce609000710120e02c02d05000710
1a0e02fce6090007104e0e02402e05000710560e020ce709000710940e02
c02e050007109c0e021ce709000710940f02202f050007109c0f022ce709
000710c40f02802f05000710cc0f023ce709000710490e0244ec09000710
680e02504205000710700e0254ec090007108d0e02b04205000710950e02
64ec09000710ad0e02104305000710b50e0274ec09000710d70e02704305
000710df0e0284ec09000710ff0e02d04305000710070f0294ec09000710
230f023044050007102b0f02a4ec090007104a0f02904405000710520f02
b4ec090007106c0f02f04405000710740f02c4ec09000710a20f02704505
000710aa0f02d4ec090007101b050240390500071023050210ea09000710
410502a0390500071049050220ea090007106d0502003a05000710750502
80ea090007109c0502603a05000710a4050290ea09000710c60502c03a05
000710ce0502a0ea09000710e70502203b05000710ef0502b0ea09000710
0d0602803b05000710150602c0ea09000710340602e03b050007103c0602
d0ea090007105c0602403c05000710640602e0ea09000710800602a03c05
000710880602f0ea090007108c06022b3503000710900602333503000710
9406023935030007109806024035030007109c0602483503000710a00602
503503000710a40602593503000710a80602643503000710ac06026f3503
000710cd0602003d05000710d5060200eb09000710f00602603d05000710
f8060210eb09000710180702c03d0500071020070220eb09000710390702
203e0500071041070230eb090007105e0702803e0500071066070240eb09
000710820702e03e050007108a070250eb09000710940b02403f05000710
9c0b0260eb09000710580d02a03f05000710600d02e4eb090007107c0d02
004005000710840d02f4eb090007109f0d02604005000710a70d0204ec09
000710c70d02c04005000710cf0d0214ec09000710e80d02204105000710
f00d0224ec09000710220e029041050007102a0e0234ec09000710410e02
f04105000710000002e02f050007100800024ce709000710260002403005
0007102e00025ce7090007104b0002a030050007105300026ce709000710
6f00020031050007107700027ce7090007109400026031050007109c0002
8ce709000710c00002c03105000710c800029ce709000710110102203205
000710190102ace709000710300102803205000710380102bce709000710
570102e032050007105f0102cce7090007107e0102403305000710860102
dce709000710a00102a03305000710a80102ece709000710c00102003405
000710c80102fce709000710ff01027034050007100702020ce809000710
280202d034050007103002021ce8090007104d0202303505000710550202
2ce809000710940202b035050007109c02023ce809000710b60202103605
000710be02024ce809000710dc0202703605000710e402025ce809000710
020302d036050007100a03026ce8090007103403023037050007103c0302
80e8090007104003020025030007104403020b2503000710480302102503
0007104c03021425030007105003021f2503000710540302262503000710
5803022d25030007105c03023325030007102b0402ac3705000710330402
d2e9090007107204022038050007107a0402e0e909000710980402803805
000710a00402f0e909000710f70402e03805000710ff040200ea09000710
090e02ac6605000710110e0228520a000710190e02c06605000710210e02
60520a000710290e02cc6605000710310e024c520a000710580e02606705
000710600e0278560a000710680e026c6705000710700e0278580a000710
780e02786705000710800e0264560a000710840e0278560a000710880e02
78580a000710c40e02d06705000710cc0e028c5a0a000710d40e02dc6705
000710dc0e02785a0a000710ec0e028c5a0a000710200f02306805000710
280f028c5c0a0007104c0f020dc303000710500f0210c303000710540f02
13c303000710580f0216c3030007105c0f0219c303000710600f021cc303
000710640f021fc303000710680f0222c303000710700f02d06805000710
780f02645d0a000710e40f02306a05000710ec0f026c5d0a000710c40502
905205000710cc050294440a000710e70502f05205000710ef0502a4440a
0007100c0602505305000710140602b4440a000710780602b05305000710
800602c4440a000710a40602105405000710ac0602e0440a0007109c0702
405605000710a407028c460a000710c90702e05605000710d1070294460a
000710330802f057050007103b0802a4460a000710430802fc5705000710
4b0802ac460a000710dc0902105d05000710e40902c0460a000710170a02
605d050007101f0a02d4460a0007107c0a02d05d05000710840a0260490a
0007108c0a02dc5d05000710940a0268490a0007109c0a02e85d05000710
a40a026c490a000710950b02305f050007109d0b0274490a0007103a0c02
606105000710420c0294490a0007105d0c02b06105000710650c02a0490a
0007100c0d02206505000710140d02c8490a0007101c0d022c6505000710
240d02c84b0a0007102c0d02386505000710340d02c84d0a0007103c0d02
446505000710440d02c84f0a0007104c0d02506505000710540d02b4490a
000710580d02c8490a0007105c0d02c84b0a000710600d02c84d0a000710
640d02c84f0a000710970d02a065050007109f0d02c8510a000710c70d02
606605000710cf0d02e4510a000710d70d026c6605000710df0d02f4510a
000710f90d02a06605000710010e0218520a000710240002f04505000710
2c0002f8ec090007103000028e5b03000710340002995b03000710380002
9e5b030007103c0002a25b03000710400002ad5b03000710440002b45b03
000710480002bb5b030007104c0002c15b03000710500002c95b03000710
540002cd5b03000710580002d65b030007105c0002e25b03000710d40002
504605000710dc000208ed09000710f90002b0460500071001010218ed09
00071020010210470500071028010228ed090007103f0102704705000710
47010238ed09000710640102e047050007106c010248ed090007108a0102
40480500071092010258ed09000710af0102a04805000710b7010268ed09
000710d00102004905000710d8010278ed09000710f10102604905000710
f9010288ed09000710140202c049050007101c020298ed09000710c10202
204c05000710c90202aced090007109a0302404d05000710a2030244f009
000710260402704e050007102e040254f009000710460402d04e05000710
4e040264f009000710560402304f050007105e040274f009000710750402
904f050007107d040284f009000710990402f04f05000710a1040294f009
000710be0402505005000710c60402a4f009000710de0402b05005000710
e60402b4f009000710000502305105000710080502c4f009000710a20502
305205000710aa050284440a000710c80f02422304000710d00f026a2304
000710d80f02972304000710e00f02e82304000710e80f020b2404000710
f00f024e2404000710f80f02822404000710080e02a61604000710100e02
b71604000710180e02d91604000710200e02011704000710280e02531704
000710300e029b1704000710380e02ca1704000710400e02fb1704000710
480e02301804000710500e025e1804000710580e028d1804000710600e02
c21804000710680e02ea1804000710700e02201904000710780e02341904
000710800e024f1904000710880e027e1904000710900e029f1904000710
980e02be1904000710a00e02fe1904000710a80e02221a04000710b00e02
351a04000710b80e02631a04000710c00e02b51a04000710c80e02e61a04
000710d00e02371b04000710d80e026a1b04000710e00e02a51b04000710
e80e02d81b04000710f00e02121c04000710f80e02411c04000710000f02
741c04000710080f02c71c04000710100f02fc1c04000710180f02391d04
000710200f026e1d04000710280f02ac1d04000710300f02dd1d04000710
380f02041e04000710400f02431e04000710480f028f1e04000710500f02
d71e04000710580f02f11e04000710600f02351f04000710680f028c1f04
000710700f02b31f04000710780f02e91f04000710800f02172004000710
880f02532004000710900f02992004000710980f02622104000710a00f02
9b2104000710a80f02e32104000710b00f022d2204000710b80f02982204
000710c00f02022304000710480c02210d04000710500c023e0d04000710
580c024d0d04000710600c02530d04000710680c026d0d04000710700c02
960d04000710780c02a50d04000710800c02e50d04000710880c02090e04
000710900c022c0e04000710980c024c0e04000710a00c02660e04000710
a80c028e0e04000710b00c02bb0e04000710b80c02e70e04000710c00c02
060f04000710c80c022d0f04000710d00c024a0f04000710d80c02820f04
000710e00c02b00f04000710e80c02df0f04000710f00c02131004000710
f80c023d1004000710000d02661004000710080d029e1004000710100d02
e11004000710180d021f1104000710200d02611104000710280d02851104
000710300d02b01104000710380d02c51104000710400d02e31104000710
480d02071204000710500d021b1204000710580d02251204000710600d02
301204000710680d026c1204000710700d02a51204000710780d02e11204
000710800d02251304000710880d025e1304000710900d02a91304000710
980d02da1304000710a00d02211404000710a80d024f1404000710b00d02
a11404000710b80d02da1404000710c00d02221504000710c80d02501504
000710d00d02801504000710d80d02b21504000710e00d02de1504000710
e80d021d1604000710f00d02651604000710f80d02791604000710000e02
8a1604000710880a02bf0304000710900a02e80304000710980a021f0404
000710a00a02710404000710a80a02af0404000710b00a02cf0404000710
b80a02590504000710c00a028c0504000710c80a02b80504000710d00a02
fd0504000710d80a023a0604000710e00a026f0604000710e80a02830604
000710f00a02980604000710f80a02c90604000710000b02dc0604000710
080b02f70604000710100b02130704000710180b022c0704000710200b02
440704000710280b02720704000710300b029f0704000710380b02d30704
000710400b02000804000710480b02390804000710500b02710804000710
580b02ad0804000710600b02d50804000710680b02060904000710700b02
270904000710780b024c0904000710800b02690904000710880b02940904
000710900b02bc0904000710980b02e10904000710a00b02070a04000710
a80b02270a04000710b00b02410a04000710b80b02630a04000710c00b02
830a04000710c80b02a50a04000710d00b02d20a04000710d80b02f50a04
000710e00b02240b04000710e80b02410b04000710f00b02700b04000710
f80b02950b04000710000c02c60b04000710080c02f80b04000710100c02
230c04000710180c024d0c04000710200c026e0c04000710280c02960c04
000710300c02a80c04000710380c02ed0c04000710400c02070d04000710
c808027ffa03000710d00802a9fa03000710d80802defa03000710e00802
05fb03000710e8080223fb03000710f0080259fb03000710f8080284fb03
000710000902d4fb030007100809020afc030007101009022dfc03000710
18090250fc0300071020090278fc03000710280902a0fc03000710300902
19fd0300071038090250fd0300071040090280fd030007104809029ffd03
000710500902c9fd03000710580902e7fd0300071060090210fe03000710
6809022efe0300071070090244fe0300071078090266fe03000710800902
84fe030007108809029dfe03000710900902b4fe03000710980902d9fe03
000710a009021aff03000710a809024aff03000710b009027dff03000710
b80902b7ff03000710c00902eeff03000710c809020b0004000710d00902
2e0004000710d80902550004000710e009027a0004000710e80902a00004
000710f00902c40004000710f80902ed0004000710000a02140104000710
080a023f0104000710100a02730104000710180a02a00104000710200a02
cc0104000710280a02f80104000710300a022e0204000710380a02640204
000710400a02890204000710480a02b30204000710500a02d80204000710
580a02010304000710600a02280304000710680a023e0304000710700a02
5f0304000710780a02860304000710800a02ac03040007100807022fe503
000710100702a2e503000710180702b9e503000710200702d2e503000710
280702e4e503000710300702fde5030007103807022ae703000710400702
6ee70300071048070278e7030007105007029fe703000710580702b7e803
00071060070212ea03000710680702ffea030007107007020deb03000710
7807025beb0300071080070263eb030007108807028beb03000710900702
bceb03000710980702dfeb03000710a00702fceb03000710a807020dec03
000710b007023fec03000710b8070289ed03000710c00702b4ee03000710
c807024fef03000710d00702c9ef03000710d80702c2f003000710e00702
d5f103000710e807025af203000710f007026df203000710f8070262f503
0007100008027ff5030007100808029cf503000710100802bcf503000710
180802e4f503000710200802fff50300071028080222f603000710300802
44f6030007103808025ff60300071040080278f6030007104808029af603
000710500802c3f603000710580802fbf6030007106008022af703000710
68080277f703000710700802b7f703000710780802e7f703000710800802
29f8030007108808025bf8030007109008028bf803000710980802daf803
000710a0080239f903000710a8080261f903000710b00802c0f903000710
b8080221fa03000710c008024ffa03000710a10302107b05000710a90302
205f0a0007100605028082050007100e0502bc5f0a000710680502e6de03
0007107005020bdf030007107805020edf0300071080050214df03000710
8805021adf0300071090050220df0300071098050226df03000710a00502
28df03000710a805022cdf03000710b0050230df03000710b8050236df03
000710c005023ddf03000710c8050246df03000710d005024fdf03000710
d8050261df03000710e00502b1df03000710e80502dadf03000710f00502
e8df03000710f8050203e00300071000060226e00300071008060244e003
00071010060267e003000710180602ace003000710200602d5e003000710
280602e5e00300071030060212e10300071038060245e103000710400602
59e103000710480602a8e103000710500602c4e103000710580602f8e103
0007106006022ce20300071068060254e20300071070060296e203000710
780602b8e203000710800602e3e2030007108806020ae303000710900602
2ee3030007109806026ae303000710a006028ce303000710a80602aee303
000710b00602cee303000710b80602f4e303000710c006021de403000710
c8060244e403000710d0060274e403000710d8060293e403000710e00602
b5e403000710e80602cde403000710f00602dbe403000710f806020ce503
00071000070225e503000710f80f02558d04000710380e02597f04000710
400e027e7f04000710480e02b77f04000710500e02e17f04000710580e02
358004000710600e02848004000710680e02898004000710700e028f8004
000710780e02958004000710800e02e58004000710880e02358104000710
900e02838104000710980e02ee8104000710a00e02448204000710a80e02
498204000710b00e02868204000710b80e02aa8204000710c00e02188304
000710c80e021d8304000710d00e02458304000710d80e02b18304000710
e00e020c8404000710e80e023a8404000710f00e02788404000710f80e02
a48404000710000f02018504000710080f02368504000710100f026d8504
000710180f02c58504000710200f021e8604000710280f027c8604000710
300f02bc8604000710380f02148704000710400f024a8704000710480f02
e88704000710500f02348804000710580f02588804000710600f025f8804
000710680f02d88804000710700f02188904000710780f02868904000710
800f02f58904000710880f02468a04000710900f02618a04000710980f02
a58a04000710a00f02228b04000710a80f024c8b04000710b00f02838b04
000710b80f02b58b04000710c00f02e08b04000710c80f022a8c04000710
d00f02538c04000710d80f02818c04000710e00f02bc8c04000710e80f02
e48c04000710f00f02178d04000710400c02867104000710480c02cd7104
000710500c02f97104000710580c020e7204000710600c02307204000710
680c02577204000710700c02747204000710780c028e7204000710a10c02
c08c05000710a90c020c600a000710c80c02d07204000710d00c020a7304
000710d80c02317304000710e00c02637304000710e80c02a07304000710
f00c02d37304000710f80c02ff7304000710000d024d7404000710080d02
977404000710100d02f07404000710180d026d7504000710200d02c87504
000710280d02207604000710300d02817604000710380d02ca7604000710
400d02007704000710480d02307704000710500d027a7704000710580d02
af7704000710600d02347804000710680d026b7804000710700d02a27804
000710780d02ca7804000710800d02327904000710880d02977904000710
900d02dc7904000710980d02427a04000710a00d02a17a04000710a80d02
ff7a04000710b00d02647b04000710b80d02ad7b04000710c00d02eb7b04
000710c80d02427c04000710d00d02887c04000710d80d02bd7c04000710
e00d02147d04000710e80d02417d04000710f00d02a07d04000710f80d02
0d7e04000710000e02597e04000710080e02b47e04000710100e02ba7e04
000710180e02c07e04000710200e02c67e04000710280e02cc7e04000710
300e02307f04000710800a025c6404000710880a02716404000710900a02
aa6404000710980a02d16404000710a00a02006504000710a80a02276504
000710b00a02556504000710b80a02806504000710c00a02ac6504000710
c80a02af6504000710d00a02d66504000710d80a02fb6504000710e00a02
1b6604000710e80a024c6604000710f00a02856604000710f80a020e6704
000710000b02896704000710080b02b96704000710100b02e06704000710
180b02126804000710200b024f6804000710280b02836804000710300b02
b66804000710380b02ed6804000710400b02516904000710480b02386a04
000710500b02726a04000710580b02ab6a04000710600b02be6a04000710
680b02dc6a04000710700b02f06a04000710780b02136b04000710800b02
3e6b04000710880b02626b04000710900b027a6b04000710980b02966b04
000710a00b02b06b04000710a80b02226c04000710b00b02776c04000710
b80b02cd6c04000710c00b02266d04000710c80b027b6d04000710d00b02
cb6d04000710d80b021b6e04000710e00b02786e04000710e80b02b46e04
000710f00b020c6f04000710f80b02426f04000710000c029e6f04000710
080c02de6f04000710100c021e7004000710180c02587004000710200c02
9b7004000710280c02da7004000710300c02147104000710380c02407104
000710c00802365d04000710c80802685d04000710d00802965d04000710
d80802c55d04000710e00802cf5d04000710e80802025e04000710f00802
0c5e04000710f80802215e040007100009023b5e040007100809024c5e04
000710100902735e040007101809028d5e04000710200902a75e04000710
280902bb5e04000710300902d75e04000710380902f75e04000710400902
125f04000710480902235f040007105009023c5f04000710580902635f04
0007106009027d5f040007106809028d5f04000710700902c05f04000710
780902d25f04000710800902e35f04000710880902f95f04000710900902
0b6004000710980902246004000710a009023d6004000710a809024d6004
000710b00902806004000710b80902996004000710c00902d56004000710
c80902ec6004000710d00902fe6004000710d80902106104000710e00902
286104000710e809025a6104000710f009028e6104000710f80902a06104
000710000a02b46104000710080a02ce6104000710100a02de6104000710
180a02116204000710200a024d6204000710280a02646204000710300a02
766204000710380a02886204000710400a02a06204000710480a02cc6204
000710500a02ea6204000710580a020f6304000710600a02566304000710
680a02a06304000710700a02e76304000710780a023b6404000710000702
4c5104000710080702705104000710100702a15104000710180702275204
000710200702565204000710280702865204000710300702d85204000710
3807023253040007104007027e53040007104807029d5304000710500702
dc53040007105807020b5404000710600702525404000710680702995404
000710700702e054040007107807020e5504000710800702405504000710
880702695504000710900702945504000710980702c05504000710a00702
e75504000710a80702145604000710b007023d5604000710b80702725604
000710c00702a75604000710c80702cb5604000710d00702005704000710
d80702255704000710e007023f5704000710e807028b5704000710f00702
c55704000710f807020f5804000710000802255804000710080802675804
0007101008029b5804000710180802d35804000710200802fc5804000710
280802225904000710300802565904000710380802715904000710400802
915904000710480802b35904000710500802d35904000710580802035a04
000710600802255a04000710680802315a040007107008027b5a04000710
780802e75a04000710800802575b040007108808029b5b04000710900802
df5b04000710980802215c04000710a00802575c04000710a80802895c04
000710b00802c65c04000710b808021c5d04000710400502874604000710
480502944604000710500502da4604000710580502ff4604000710600502
2847040007106805025747040007107005027647040007107805029d4704
000710800502b647040007108805022f4804000710900502804804000710
980502f74804000710a005020e4904000710a80502424904000710b00502
964904000710b80502ca4904000710c00502f44904000710c805021f4a04
000710d005024a4a04000710d805027b4a04000710e00502a44a04000710
e80502cd4a04000710f00502e74a04000710f80502fd4a04000710000602
1a4b04000710080602424b04000710100602684b04000710180602914b04
000710200602c94b04000710280602ec4b04000710300602244c04000710
3806024b4c04000710400602604c040007104806026d4c04000710500602
794c04000710580602874c04000710600602a54c04000710680602c74c04
000710700602ee4c04000710780602154d040007108006023c4d04000710
880602874d04000710900602ac4d04000710980602454e04000710a00602
6a4e04000710a80602994e04000710b00602cd4e04000710b80602fa4e04
000710c00602274f04000710c806024e4f04000710d00602a64f04000710
d80602e24f04000710e006020a5004000710e80602345004000710f00602
005104000710f80602225104000710800302543a04000710880302863a04
000710900302ad3a04000710980302d43a04000710a00302003b04000710
a80302463b04000710b00302873b04000710b80302c03b04000710c00302
023c04000710c803021d3c04000710d00302543c04000710d803028f3c04
000710e00302d83c04000710e80302043d04000710f00302513d04000710
f80302783d040007100004029f3d04000710080402da3d04000710100402
0c3e04000710180402413e04000710200402893e04000710280402e63e04
0007103004020d3f040007103804023e3f040007104004025f3f04000710
4804028e3f040007105004025141040007105804027d4104000710600402
964104000710680402c34104000710700402ef4104000710780402114204
0007108004023d4204000710880402684204000710900402874204000710
980402a74204000710a00402d04204000710a80402f94204000710b00402
424304000710b804026a4304000710c00402914304000710c80402c54304
000710d00402fa4304000710d80402234404000710e00402514404000710
e80402d84404000710f00402584504000710f80402704504000710000502
924504000710080502b44504000710100502c34504000710180502db4504
000710200502f345040007102805021846040007103005023d4604000710
380502624604000710c001027e2d04000710c80102902d04000710d00102
b52d04000710d80102de2d04000710e00102e82d04000710e80102fc2d04
000710f001022a2e04000710f801023c2e04000710000202462e04000710
080202642e04000710100202892e04000710180202962e04000710200202
b22e04000710280202c52e04000710300202e52e040007103802022c2f04
000710400202482f040007104802026b2f040007105002028b2f04000710
580202b42f04000710600202e92f04000710680202223004000710700202
5d3004000710780202973004000710800202c33004000710880202fd3004
0007109002023a3104000710980202723104000710a00202ae3104000710
a80202e53104000710b002021f3204000710b80202543204000710c00202
8b3204000710c80202c23204000710d00202093304000710d80202b83304
000710e00202f53304000710e802025f3404000710f00202873404000710
f80202af3404000710000302e13404000710080302023504000710100302
143504000710180302303504000710200302473504000710280302733504
0007103003028a3504000710380302b335040007104003023b3604000710
480302c636040007105003022b3704000710580302e93704000710600302
2b39040007106803029a39040007107003020a3a04000710780302323a04
000710000002ab2404000710080002e52404000710100002252504000710
180002572504000710200002832504000710280002a32504000710300002
fa25040007103800022a2604000710400002802604000710480002d02604
0007105000020127040007105800023827040007106000026b2704000710
680002a42704000710700002e02704000710780002552804000710800002
7c28040007108800028e2804000710900002ad2804000710980002b72804
000710a00002de2804000710a80002f92804000710b00002122904000710
b80002182904000710c00002262904000710c80002402904000710d00002
5e2904000710d80002692904000710e00002772904000710e80002842904
000710f00002e32904000710f80002052a04000710000102272a04000710
080102322a040007101001026d2a04000710180102772a04000710200102
862a04000710280102a72a04000710300102e72a04000710380102ff2a04
000710400102122b04000710480102832b04000710500102ad2b04000710
580102b92b04000710600102dc2b04000710680102312c04000710700102
562c040007107801026b2c04000710800102802c04000710880102862c04
000710900102b92c04000710980102c82c04000710a00102e62c04000710
a801020f2d04000710b00102362d04000710b80102622d04000710520d01
40980c000710880d0140990c000710580d0110a40c0007105e0d0130b30c
000710680e018bf90b0007106c0e01abf90b000710700e01b0f90b000710
740e01caf90b000710780e01cff90b0007107c0e01eff90b000710800e01
03fa0b000710840e011bfa0b000710880e012ffa0b0007108c0e014ffa0b
000710900e0154fa0b000710940e016efa0b000710980e0173fa0b000710
9c0e0193fa0b000710a00e01a7fa0b000710a40e01bffa0b000710980701
5bfc0b0007109c07015bfc0b000710a007015bfc0b000710a407015bfc0b
000710a807015bfc0b000710bc080163360c0007101c0902cca808000710
400d01703b0c0007102009026ca80400071024090271a804000710280902
76a8040007102c09027ba8040007103009027fa80400071034090284a804
00071038090289a8040007103c09028da80400071040090293a804000710
44090298a8040007104809029ca8040007104c0902a2a804000710500902
a8a804000710540902aea804000710580902b3a8040007105c0902b9a804
000710600902bda804000710640902c1a804000710680902c5a804000710
6c0902c8a804000710700902cba804000710740902cea804000710780902
d2a8040007107c0901f0400c000710800901f0400c0007100c0a01607a0c
000710100a01607a0c000710460d01c07a0c0007104c0d01e08b0c000710
7c0d01008d0c000710820d0120840c000710180a01ec970c000710280d01
700b0c0007102e0d0100c50b000710340d0100370c000710760d01f0380c
0007103a0d0150d80b00071011060190d80b0007106c070268a608000710
700702e9a608000710a80d0141f60b000710ac0d0147f60b000710b00d01
4cf60b000710b40d0152f60b000710b80d0157f60b000710bc0d015df60b
000710c00d0163f60b000710c40d0169f60b000710c80d016ff60b000710
cc0d018bf60b000710d00d0190f60b000710d40d01a6f60b000710d80d01
abf60b000710dc0d01c7f60b000710e00d01d7f60b000710e40d01ebf60b
000710e80d01fbf60b000710ec0d011bf70b000710f00d0120f70b000710
f40d013af70b000710f80d013ff70b000710fc0d015ff70b000710000e01
73f70b000710040e018bf70b000710080e019ff70b0007100c0e01bff70b
000710100e01c4f70b000710140e01def70b000710180e01e3f70b000710
1c0e0103f80b000710200e0117f80b000710240e012ff80b000710280e01
43f80b0007102c0e0163f80b000710300e0168f80b000710340e0182f80b
000710380e0187f80b0007103c0e01a7f80b000710400e01bbf80b000710
440e01d3f80b000710480e01e7f80b0007104c0e0107f90b000710500e01
0cf90b000710540e0126f90b000710580e012bf90b0007105c0e014bf90b
000710600e015ff90b000710640e0177f90b000710780102809a04000710
800102879a040007108801028e9a04000710900102df9a04000710980102
309b04000710a001027f9b04000710a80102eb9b04000710b00102429c04
000710b80102499c04000710c00102879c04000710c80102ac9c04000710
d001021c9d04000710d80102239d04000710e001024c9d04000710e80102
ba9d04000710f00102189e04000710f80102499e040007100002028a9e04
000710080202b99e04000710100202179f040007101802024f9f04000710
200202899f04000710280202e49f040007103002023fa004000710380202
9fa004000710400202e1a0040007104802023ba10400071050020273a104
00071058020214a20400071060020263a2040007106802028aa204000710
70020290a2040007107802020ba3040007108002024da304000710880202
bda3040007109002022ea40400071098020281a404000710a002029da404
000710a80202e2a404000710b002025fa504000710b8020289a504000710
c00202c0a504000710c80202f2a504000710d002021da604000710d80202
67a604000710e0020290a6040007100a0d01f4a70b000710100d0130e10b
000710640d01d0e10b00071028050181b50b0007102c050182b50b000710
6a0d0113e80b000710160d0140fc0b0007101c0d0110be0b000710220d01
a0be0b000710700d01a5be0b000700ce0c0137960710d40c015bba020007
10da0c011ed904000710e00c01085205000710e60c01dba309000710ec0c
01e2a909000710f20c0151ab09000710f80c0174ad09000710fe0c010ab0
09000710040d0144b109000710000002898d04000710080002b68d040007
10100002058e04000710180002508e04000710200002aa8e040007102800
022c8f04000710300002888f04000710380002e18f040007104000024490
040007104800028e9004000710500002c59004000710580002f690040007
10600002419104000710680002779104000710700002fd91040007107800
023592040007108000026d92040007108800029692040007109000020093
04000710980002679304000710a00002ae9304000710a800021694040007
10b00002779404000710b80002d79404000710c000023e9504000710c800
02889504000710d00002c79504000710d800021f9604000710e000026696
04000710e800029c9604000710f00002f49604000710f800022297040007
10000102839704000710080102f297040007101001023f98040007101801
029c9804000710200102a39804000710280102aa9804000710300102b198
04000710380102b898040007104001021e99040007104801024899040007
105001026e9904000710580102a89904000710600102d399040007106801
02289a04000710700102799a040000
