0200020002000200020002000200020002000200
020002000200020002000200020002000200020002000200020002000200
020002000200020002000200020002000200020002000200020002000200
020002000200020002000200020002000200020002000200020002000200
020002000200020002000200020002000200020002000200020002000200
020002000200020002000200020002000200020002000200020002000200
020002000200020002000200020002000200020002000200020002000200
020002000200020002000200020002000200020002000200020002000200
020002000200020002000200020002000200020002000200020002000200
020002000200020002000200020002000200020002000200020002000200
020002000200020002000200020002000200020002000200020002000200
020002000200020002000200020002000200020002000200020002000200
020002000200020002000200020002000200020002000200020002000200
020002000200020002000200020002000200020002000200020002000200
020002000200020002000200020002000200020002000200020002000200
020002000200020002000200020002000200020002000200020002000200
020002000200020002000200020002000200020002000200020002000200
020002000200020002000200020002000200020002000200020002000200
020002000200020002000200020002000200020002000200020002000200
020002000200020002000200020002000200020002000200020002000200
020002000200020002000200020002000200020002000200020002000200
020002000200020002000200020002000200020002000200020002000200
020002000200020002000200020002000200020002000200020002000200
020002000200020002000200020002000200020002000200020002000200
020002000200020002000200020002000200020002000200020002000200
020002000200020002000200020002000200020002000200020002000200
020002000200020002000200020002000200020002000200020002000200
020002000200020002000200020002000200020002000200020002000200
020002000200020002000200020002000200020002000200020002000200
020002000200020002000200020002000200020002000200020002000200
020002000200020002000200020002000200020002000200020002000200
020002000200020002000200020002000200020002000200020002000200
020002000200020002000200020002000200020002000200020002000200
020002000200020002000200020002000200020002000200020002000200
020002000200020002000200020002000200020002000200020002000200
020002000200020002000200020002000200020002000200020002000200
020002000200020002000200020002000200020002000200020002000200
020002000200020002000200020002000200020002000200020002000200
020002000200020002000200020002000200020002000200020002000200
020002000200020002000200020002000200020002000200020002000200
020002000200020002000200020002000200020002000200020002000200
020002000200020002000200020002000200020002000200020002000200
020002000200020002000200020002000200020002000200020002000200
020002000200020002000200020002000200020002000200020002000200
020002000200020002000200020002000200020002000200020002000200
020002000200020002000200020002000200020002000200020002000200
020002000200020002000200020002000200020002000200020002000200
020002000200020002000200020002000200020002000200020002000200
020002000200020002000200020002000200020002000200020002000200
020002000200020002000200020002000200020002000200020002000200
020002000200020002000200020002000200020002000200020002000200
020002000200020002000200020002000200020002000200020002000200
020002000200020002000200020002000200020002000200020002000200
020002000200020002000200020002000200020002000200020002000200
020002000200020002000200020002000200020002000200020002000200
020002000200020002000200020002000200020002000200020002000200
020002000200020002000200020002000200020002000200020002000200
020002000200020002000200020002000200020002000200020002000200
020002000200020002000200020002000200020002000200020002000200
020002000200020002000200020002000200020002000200020002000200
020002000200020002000200020002000200020002000200020002000200
020002000200020002000200020002000200020002000200020002000200
020002000200020002000200020002000200020002000200020002000200
020002000200020002000200020002000200020002000200020002000200
020002000200020002000200020002000200020002000200020002000200
020002000200020002000200020002000200020002000200020002000200
020002000200020002000200020002000200020002000200020002000200
020002000200020002000200020002000200020002000200020002000200
020002000200020002000200020002000200020002000200020002000200
020002000200020002000200020002000200020002000200020002000200
020002000200020002000200020002000200020002000200020002000200
020002000200020002000200020002000200020002000200020002000200
020002000200020002000200020002000200020002000200020002000200
020002000200020002000200020002000200020002000200020002000200
020002000200020002000200020002000200020002000200020002000200
020002000200020002000200020002000200020002000200020002000200
020002000200020002000200020002000200020002000200020002000200
020002000200020002000200020002000200020002000200020002000200
020002000200020002000200020002000200020002000200020002000200
020002000200020002000200020002000200020002000200020002000200
020002000200020002000200020002000200020002000200020002000200
020002000200020002000200020002000200020002000200020002000200
020002000200020002000200020002000200020002000200020002000200
020002000200020002000200020002000200020002000200020002000200
020002000200020002000200020002000200020002000200020002000200
020002000200020002000200020002000200020002000200020002000200
020002000200020002000200020002000200020002000200020002000200
020002000200020002000200020002000200020002000200020002000200
020002000200020002000200020002000200020002000200020002000200
020002000200020002000200020002000200020002000200020002000200
020002000200020002000200020002000200020002000200020002000200
020002000200020002000200020002000200020002000200020002000200
020002000200020002000200020002000200020002000200020002000200
020002000200020002000200020002000200020002000200020002000200
020002000200020002000200020002000200020002000200020002000200
020002000200020002000200020002000200020002000200020002000200
020002000200020002000200020002000200020002000200020002000200
020002000200020002000200020002000200020002000200020002000200
020002000200020002000200020002000200020002000200020002000200
020002000200020002000200020002000200020002000200020002000200
020002000200020002000200020002000200020002000200020002000200
020002000200020002000200020002000200020002000200020002000200
020002000200020002000200020002000200020002000200020002000200
020002000200020002000200020002000200020002000200020002000200
020002000200020002000200020002000200020002000200020002000200
020002000200020002000200020002000200020002000200020002000200
020002000200020002000200020002000200020002000200020002000200
020002000200020002000200020002000200020002000200020002000200
020002000200020002000200020002000200020002000200020002000200
020002000200020002000200020002000200020002000200020002000200
020002000200020002000200020002000200020002000200020002000200
020002000200020002000200020002000200020002000200020002000200
020002000200020002000200020002000200020002000200020002000200
020002000200020002000200020002000200020002000200020002000200
020002000200020002000200020002000200020002000200020002000200
020002000200020002000200020002000200020002000200020002000200
020002000200020002000200020002000200020002000200020002000200
020002000200020002000200020002000200020002000200020002000200
020002000200020002000200020002000200020002000200020002000200
020002000200020002000200020002000200020002000200020002000200
020002000200020002000200020002000200020002000200020002000200
020002000200020002000200020002000200020002000200020002000200
020002000200020002000200020002000200020002000200020002000200
020002000200020002000200020002000200020002000200020002000200
020002000200020002000200020002000200020002000200020002000200
020002000200020002000200020002000200020002000200020002000200
020002000200020002000200020002000200020002000200020002000200
020002000200020002000200020002000200020002000200020002000200
020002000200020002000200020002000200020002000200020002000200
020002000200020002000200020002000200020002000200020002000200
020002000200020002000200020002000200020002000200020002000200
020002000200020002000200020002000200020002000200020002000200
020002000200020002000200020002000200020002000200020002000200
020002000200020002000200020002000200020002000200020002000200
020002000200020002000200020002000200020002000200020002000200
020002000200020002000200020002000200020002000200020002000200
020002000200020002000200020002000200020002000200020002000200
020002000200020002000200020002000200020002000200020002000200
020002000200020002000200020002000200020002000200020002000200
020002000200020002000200020002000200020002000200020002000200
020002000200020002000200020002000200020002000200020002000200
020002000200020002000200020002000200020002000200020002000200
020002000200020002000200020002000200020002000200020002000200
020002000200020002000200020002000200020002000200020002000200
020002000200020002000200020002000200020002000200020002000200
020002000200020002000200020002000200020002000200020002000200
020002000200020002000200020002000200020002000200020002000200
020002000200020002000200020002000200020002000200020002000200
020002000200020002000200020002000200020002000200020002000200
020002000200020002000200020002000200020002000200020002000200
020002000200020002000200020002000200020002000200020002000200
020002000200020002000200020002000200020002000200020002000200
020002000200020002000200020002000200020002000200020002000200
020002000200020002000200020002000200020002000200020002000200
020002000200020002000200020002000200020002000200020002000200
020002000200020002000200020002000200020002000200020002000200
020002000200020002000200020002000200020002000200020002000200
020002000200020002000200020002000200020002000200020002000200
020002000200020002000200020002000200020002000200020002000200
020002000200020002000200020002000200020002000200020002000200
020002000200020002000200020002000200020002000200020002000200
020002000200020002000200020002000200020002000200020002000200
020002000200020002000200020002000200020002000200020002000200
020002000200020002000200020002000200020002000200020002000200
020002000200020002000200020002000200020002000200020002000200
020002000200020002000200020002000200020002000200020002000200
020002000200020002000200020002000200020002000200020002000200
020002000200020002000200020002000200020002000200020002000200
020002000200020002000200020002000200020002000200020002000200
020002000200020002000200020002000200020002000200020002000200
020002000200020002000200020002000200020002000200020002000200
020002000200020002000200020002000200020002000200020002000200
020002000200020002000200020002000200020002000200020002000200
020002000200020002000200020002000200020002000200020002000200
020002000200020002000200020002000200020002000200020002000200
020002000200020002000200020002000200020002000200020002000200
020002000200020002000200020002000200020002000200020002000200
020002000200020002000200020002000200020002000200020002000200
020002000200020002000200020002000200020002000200020002000200
020002000200020002000200020002000200020002000200020002000200
020002000200020002000200020002000200020002000200020002000200
020002000200020002000200020002000200020002000200020002000200
020002000200020002000200020002000200020002000200020002000200
020002000200020002000200020002000200020002000200020002000200
020002000200020002000200020002000200020002000200020002000200
020002000200020002000200020002000200020002000200020002000200
020002000200020002000200020002000200020002000200020002000200
020002000200020002000200020002000200020002000200020002000200
020002000200020002000200020002000200020002000200020002000200
020002000200020002000200020002000200020002000200020002000200
020002000200020002000200020002000200020002000200020002000200
020002000200020002000200020002000200020002000200020002000200
020002000200020002000200020002000200020002000200020002000200
020002000200020002000200020002000200020002000200020002000200
020002000200020002000200020002000200020002000200020002000200
020002000200020002000200020002000200020002000200020002000200
020002000200020002000200020002000200020002000200020002000200
020002000200020002000200020002000200020002000200020002000200
020002000200020002000200020002000200020002000200020002000200
020002000200020002000200020002000200020002000200020002000200
020002000200020002000200020002000200020002000200020002000200
020002000200020002000200020002000200020002000200020002000200
020002000200020002000200020002000200020002000200020002000200
020002000200020002000200020002000200020002000200020002000200
020002000200020002000200020002000200020002000200020002000200
020002000200020002000200020002000200020002000200020002000200
020002000200020002000200020002000200020002000200020002000200
020002000200020002000200020002000200020002000200020002000200
020002000200020002000200020002000200020002000200020002000200
020002000200020002000200020002000200020002000200020002000200
020002000200020002000200020002000200020002000200020002000200
020002000200020002000200020002000200020002000200020002000200
020002000200020002000200020002000200020002000200020002000200
020002000200020002000200020002000200020002000200020002000200
020002000200020002000200020002000200020002000200020002000200
020002000200020002000200020002000200020002000200020002000200
020002000200020002000200020002000200020002000200020002000200
020002000200020002000200020002000200020002000200020002000200
020002000200020002000200020002000200020002000200020002000200
020002000200020002000200020002000200020002000200020002000200
020002000200020002000200020002000200020002000200020002000200
020002000200020002000200020002000200020002000200020002000200
020002000200020002000200020002000200020002000200020002000200
020002000200020002000200020002000200020002000200020002000200
020002000200020002000200020002000200020002000200020002000200
020002000200020002000200020002000200020002000200020002000200
020002000200020002000200020002000200020002000200020002000200
020002000200020002000200020002000200020002000200020002000200
020002000200020002000200020002000200020002000200020002000200
020002000200020002000200020002000200020002000200020002000200
020002000200020002000200020002000200020002000200020002000200
020002000200020002000200020002000200020002000200020002000200
020002000200020002000200020002000200020002000200020002000200
020002000200020002000200020002000200020002000200020002000200
020002000200020002000200020002000200020002000200020002000200
020002000200020002000200020002000200020002000200020002000200
020002000200020002000200020002000200020002000200020002000200
020002000200020002000200020002000200020002000200020002000200
020002000200020002000200020002000200020002000200020002000200
020002000200020002000200020002000200020002000200020002000200
020002000200020002000200020002000200020002000200020002000200
020002000200020002000200020002000200020002000200020002000200
020002000200020002000200020002000200020002000200020002000200
020002000200020002000200020002000200020002000200020002000200
020002000200020002000200020002000200020002000200020002000200
020002000200020002000200020002000200020002000200020002000200
020002000200020002000200020002000200020002000200020002000200
020002000200020002000200020002000200020002000200020002000200
020002000200020002000200020002000200020002000200020002000200
020002000200020002000200020002000200020002000200020002000200
020002000200020002000200020002000200020002000200020002000200
020002000200020002000200020002000200020002000200020002000200
020002000200020002000200020002000200020002000200020002000200
020002000200020002000200020002000200020002000200020002000200
020002000200020002000200020002000200020002000200020002000200
020002000200020002000200020002000200020002000200020002000200
020002000200020002000200020002000200020002000200020002000200
020002000200020002000200020002000200020002000200020002000200
020002000200020002000200020002000200020002000200020002000200
020002000200020002000200020002000200020002000200020002000200
020002000200020002000200020002000200020002000200020002000200
020002000200020002000200020002000200020002000200020002000200
020002000200020002000200020002000200020002000200020002000200
020002000200020002000200020002000200020002000200020002000200
020002000200020002000200020002000200020002000200020002000200
020002000200020002000200020002000200020002000200020002000200
020002000200020002000200020002000200020002000200020002000200
020002000200020002000200020002000200020002000200020002000200
020002000200020002000200020002000200020002000200020002000200
020002000200020002000200020002000200020002000200020002000200
020002000200020002000200020002000200020002000200020002000200
020002000200020002000200020002000200020002000200020002000200
020002000200020002000200020002000200020002000200020002000200
020002000200020002000200020002000200020002000200020002000200
020002000200020002000200020002000200020002000200020002000200
020002000200020002000200020002000200020002000200020002000200
020002000200020002000200020002000200020002000200020002000200
020002000200020002000200020002000200020002000200020002000200
020002000200020002000200020002000200020002000200020002000200
020002000200020002000200020002000200020002000200020002000200
020002000200020002000200020002000200020002000200020002000200
020002000200020002000200020002000200020002000200020002000200
020002000200020002000200020002000200020002000200020002000200
020002000200020002000200020002000200020002000200020002000200
020002000200020002000200020002000200020002000200020002000200
020002000200020002000200020002000200020002000200020002000200
020002000200020002000200020002000200020002000200020002000200
020002000200020002000200020002000200020002000200020002000200
020002000200020002000200020002000200020002000200020002000200
020002000200020002000200020002000200020002000200020002000200
020002000200020002000200020002000200020002000200020002000200
020002000200020002000200020002000200020002000200020002000200
020002000200020002000200020002000200020002000200020002000200
020002000200020002000200020002000200020002000200020002000200
020002000200020002000200020002000200020002000200020002000200
020002000200020002000200020002000200020002000200020002000200
020002000200020002000200020002000200020002000200020002000200
020002000200020002000200020002000200020002000200020002000200
020002000200020002000200020002000200020002000200020002000200
020002000200020002000200020002000200020002000200020002000200
020002000200020002000200020002000200020002000200020002000200
020002000200020002000200020002000200020002000200020002000200
020002000200020002000200020002000200020002000200020002000200
020002000200020002000200020002000200020002000200020002000200
020002000200020002000200020002000200020002000200020002000200
020002000200020002000200020002000200020002000200020002000200
020002000200020002000200020002000200020002000200020002000200
020002000200020002000200020002000200020002000200020002000200
020002000200020002000200020002000200020002000200020002000200
020002000200020002000200020002000200020002000200020002000200
020002000200020002000200020002000200020002000200020002000200
020002000200020002000200020002000200020002000200020002000200
020002000200020002000200020002000200020002000200020002000200
020002000200020002000200020002000200020002000200020002000200
020002000200020002000200020002000200020002000200020002000200
020002000200020002000200020002000200020002000200020002000200
020002000200020002000200020002000200020002000200020002000200
020002000200020002000200020002000200020002000200020002000200
020002000200020002000200020002000200020002000200020002000200
020002000200020002000200020002000200020002000200020002000200
020002000200020002000200020002000200020002000200020002000200
020002000200020002000200020002000200020002000200020002000200
020002000200020002000200020002000200020002000200020002000200
020002000200020002000200020002000200020002000200020002000200
020002000200020002000200020002000200020002000200020002000200
020002000200020002000200020002000200020002000200020002000200
020002000200020002000200020002000200020002000200020002000200
020002000200020002000200020002000200020002000200020002000200
020002000200020002000200020002000200020002000200020002000200
020002000200020002000200020002000200020002000200020002000200
020002000200020002000200020002000200020002000200020002000200
020002000200020002000200020002000200020002000200020002000200
020002000200020002000200020002000200020002000200020002000200
020002000200020002000200020002000200020002000200020002000200
020002000200020002000200020002000200020002000200020002000200
020002000200020002000200020002000200020002000200020002000200
020002000200020002000200020002000200020002000200020002000200
020002000200020002000200020002000200020002000200020002000200
020002000200020002000200020002000200020002000200020002000200
020002000200020002000200020002000200020002000200020002000200
020002000200020002000200020002000200020002000200020002000200
020002000200020002000200020002000200020002000200020002000200
020002000200020002000200020002000200020002000200020002000200
020002000200020002000200020002000200020002000200020002000200
020002000200020002000200020002000200020002000200020002000200
020002000200020002000200020002000200020002000200020002000200
020002000200020002000200020002000200020002000200020002000200
020002000200020002000200020002000200020002000200020002000200
020002000200020002000200020002000200020002000200020002000200
020002000200020002000200020002000200020002000200020002000200
020002000200020002000200020002000200020002000200020002000200
020002000200020002000200020002000200020002000200020002000200
020002000200020002000200020002000200020002000200020002000200
020002000200020002000200020002000200020002000200020002000200
020002000200020002000200020002000200020002000200020002000200
020002000200020002000200020002000200020002000200020002000200
020002000200020002000200020002000200020002000200020002000200
020002000200020002000200020002000200020002000200020002000200
020002000200020002000200020002000200020002000200020002000200
020002000200020002000200020002000200020002000200020002000200
020002000200020002000200020002000200020002000200020002000200
020002000200020002000200020002000200020002000200020002000200
020002000200020002000200020002000200020002000200020002000200
020002000200020002000200020002000200020002000200020002000200
020002000200020002000200020002000200020002000200020002000200
020002000200020002000200020002000200020002000200020002000200
020002000200020002000200020002000200020002000200020002000200
020002000200020002000200020002000200020002000200020002000200
020002000200020002000200020002000200020002000200020002000200
020002000200020002000200020002000200020002000200020002000200
020002000200020002000200020002000200020002000200020002000200
020002000200020002000200020002000200020002000200020002000200
020002000200020002000200020002000200020002000200020002000200
020002000200020002000200020002000200020002000200020002000200
020002000200020002000200020002000200020002000200020002000200
020002000200020002000200020002000200020002000200020002000200
020002000200020002000200020002000200020002000200020002000200
020002000200020002000200020002000200020002000200020002000200
020002000200020002000200020002000200020002000200020002000200
020002000200020002000200020002000200020002000200020002000200
020002000200020002000200020002000200020002000200020002000200
020002000200020002000200020002000200020002000200020002000200
020002000200020002000200020002000200020002000200020002000200
020002000200020002000200020002000200020002000200020002000200
020002000200020002000200020002000200020002000200020002000200
020002000200020002000200020002000200020002000200020002000200
020002000200020002000200020002000200020002000200020002000200
020002000200020002000200020002000200020002000200020002000200
020002000200020002000200020002000200020002000200020002000200
020002000200020002000200020002000200020002000200020002000200
020002000200020002000200020002000200020002000200020002000200
020002000200020002000200020002000200020002000200020002000200
020002000200020002000200020002000200020002000200020002000200
020002000200020002000200020002000200020002000200020002000200
020002000200020002000200020002000200020002000200020002000200
020002000200020002000200020002000200020002000200020002000200
020002000200020002000200020002000200020002000200020002000200
020002000200020002000200020002000200020002000200020002000200
020002000200020002000200020002000200020002000200020002000200
020002000200020002000200020002000200020002000200020002000200
020002000200020002000200020002000200020002000200020002000200
020002000200020002000200020002000200020002000200020002000200
020002000200020002000200020002000200020002000200020002000200
020002000200020002000200020002000200020002000200020002000200
020002000200020002000200020002000200020002000200020002000200
020002000200020002000200020002000200020002000200020002000200
020002000200020002000200020002000200020002000200020002000200
020002000200020002000200020002000200020002000200020002000200
020002000200020002000200020002000200020002000200020002000200
020002000200020002000200020002000200020002000200020002000200
020002000200020002000200020002000200020002000200020002000200
020002000200020002000200020002000200020002000200020002000200
020002000200020002000200020002000200020002000200020002000200
020002000200020002000200020002000200020002000200020002000200
020002000200020002000200020002000200020002000200020002000200
020002000200020002000200020002000200020002000200020002000200
020002000200020002000200020002000200020002000200020002000200
020002000200020002000200020002000200020002000200020002000200
020002000200020002000200020002000200020002000200020002000200
020002000200020002000200020002000200020002000200020002000200
020002000200020002000200020002000200020002000200020002000200
020002000200020002000200020002000200020002000200020002000200
020002000200020002000200020002000200020002000200020002000200
020002000200020002000200020002000200020002000200020002000200
020002000200020002000200020002000200020002000200020002000200
020002000200020002000200020002000200020002000200020002000200
020002000200020002000200020002000200020002000200020002000200
020002000200020002000200020002000200020002000200020002000200
020002000200020002000200020002000200020002000200020002000200
020002000200020002000200020002000200020002000200020002000200
020002000200020002000200020002000200020002000200020002000200
020002000200020002000200020002000200020002000200020002000200
020002000200020002000200020002000200020002000200020002000200
020002000200020002000200020002000200020002000200020002000200
020002000200020002000200020002000200020002000200020002000200
020002000200020002000200020002000200020002000200020002000200
020002000200020002000200020002000200020002000200020002000200
020002000200020002000200020002000200020002000200020002000200
020002000200020002000200020002000200020002000200020002000200
020002000200020002000200020002000200020002000200020002000200
020002000200020002000200020002000200020002000200020002000200
020002000200020002000200020002000200020002000200020002000200
020002000200020002000200020002000200020002000200020002000200
020002000200020002000200020002000200020002000200020002000200
020002000200020002000200020002000200020002000200020002000200
020002000200020002000200020002000200020002000200020002000200
020002000200020002000200020002000200020002000200020002000200
020002000200020002000200020002000200020002000200020002000200
020002000200020002000200020002000200020002000200020002000200
020002000200020002000200020002000200020002000200020002000200
020002000200020002000200020002000200020002000200020002000200
020002000200020002000200020002000200020002000200020002000200
020002000200020002000200020002000200020002000200020002000200
020002000200020002000200020002000200020002000200020002000200
020002000200020002000200020002000200020002000200020002000200
020002000200020002000200020002000200020002000200020002000200
020002000200020002000200020002000200020002000200020002000200
020002000200020002000200020002000200020002000200020002000200
020002000200020002000200020002000200020002000200020002000200
020002000200020002000200020002000200020002000200020002000200
020002000200020002000200020002000200020002000200020002000200
020002000200020002000200020002000200020002000200020002000200
020002000200020002000200020002000200020002000200020002000200
020002000200020002000200020002000200020002000200020002000200
020002000200020002000200020002000200020002000200020002000200
020002000200020002000200020002000200020002000200020002000200
020002000200020002000200020002000200020002000200020002000200
020002000200020002000200020002000200020002000200020002000200
020002000200020002000200020002000200020002000200020002000200
020002000200020002000200020002000200020002000200020002000200
020002000200020002000200020002000200020002000200020002000200
020002000200020002000200020002000200020002000200020002000200
020002000200020002000200020002000200020002000200020002000200
020002000200020002000200020002000200020002000200020002000200
020002000200020002000200020002000200020002000200020002000200
020002000200020002000200020002000200020002000200020002000200
020002000200020002000200020002000200020002000200020002000200
020002000200020002000200020002000200020002000200020002000200
020002000200020002000200020002000200020002000200020002000200
020002000200020002000200020002000200020002000200020002000200
020002000200020002000200020002000200020002000200020002000200
020002000200020002000200020002000200020002000200020002000200
020002000200020002000200020002000200020002000200020002000200
020002000200020002000200020002000200020002000200020002000200
020002000200020002000200020002000200020002000200020002000200
020002000200020002000200020002000200020002000200020002000200
020002000200020002000200020002000200020002000200020002000200
020002000200020002000200020002000200020002000200020002000200
020002000200020002000200020002000200020002000200020002000200
020002000200020002000200020002000200020002000200020002000200
020002000200020002000200020002000200020002000200020002000200
020002000200020002000200020002000200020002000200020002000200
020002000200020002000200020002000200020002000200020002000200
020002000200020002000200020002000200020002000200020002000200
020002000200020002000200020002000200020002000200020002000200
020002000200020002000200020002000200020002000200020002000200
020002000200020002000200020002000200020002000200020002000200
020002000200020002000200020002000200020002000200020002000200
020002000200020002000200020002000200020002000200020002000200
020002000200020002000200020002000200020002000200020002000200
020002000200020002000200020002000200020002000200020002000200
020002000200020002000200020002000200020002000200020002000200
020002000200020002000200020002000200020002000200020002000200
020002000200020002000200020002000200020002000200020002000200
020002000200020002000200020002000200020002000200020002000200
020002000200020002000200020002000200020002000200020002000200
020002000200020002000200020002000200020002000200020002000200
020002000200020002000200020002000200020002000200020002000200
020002000200020002000200020002000200020002000200020002000200
020002000200020002000200020002000200020002000200020002000200
020002000200020002000200020002000200020002000200020002000200
020002000200020002000200020002000200020002000200020002000200
020002000200020002000200020002000200020002000200020002000200
020002000200020002000200020002000200020002000200020002000200
020002000200020002000200020002000200020002000200020002000200
020002000200020002000200020002000200020002000200020002000200
020002000200020002000200020002000200020002000200020002000200
020002000200020002000200020002000200020002000200020002000200
020002000200020002000200020002000200020002000200020002000200
020002000200020002000200020002000200020002000200020002000200
020002000200020002000200020002000200020002000200020002000200
020002000200020002000200020002000200020002000200020002000200
020002000200020002000200020002000200020002000200020002000200
020002000200020002000200020002000200020002000200020002000200
020002000200020002000200020002000200020002000200020002000200
020002000200020002000200020002000200020002000200020002000200
020002000200020002000200020002000200020002000200020002000200
020002000200020002000200020002000200020002000200020002000200
020002000200020002000200020002000200020002000200020002000200
020002000200020002000200020002000200020002000200020002000200
020002000200020002000200020002000200020002000200020002000200
020002000200020002000200020002000200020002000200020002000200
020002000200020002000200020002000200020002000200020002000200
020002000200020002000200020002000200020002000200020002000200
020002000200020002000200020002000200020002000200020002000200
020002000200020002000200020002000200020002000200020002000200
020002000200020002000200020002000200020002000200020002000200
020002000200020002000200020002000200020002000200020002000200
020002000200020002000200020002000200020002000200020002000200
020002000200020002000200020002000200020002000200020002000200
020002000200020002000200020002000200020002000200020002000200
020002000200020002000200020002000200020002000200020002000200
020002000200020002000200020002000200020002000200020002000200
020002000200020002000200020002000200020002000200020002000200
020002000200020002000200020002000200020002000200020002000200
020002000200020002000200020002000200020002000200020002000200
020002000200020002000200020002000200020002000200020002000200
020002000200020002000200020002000200020002000200020002000200
020002000200020002000200020002000200020002000200020002000200
020002000200020002000200020002000200020002000200020002000200
020002000200020002000200020002000200020002000200020002000200
020002000200020002000200020002000200020002000200020002000200
020002000200020002000200020002000200020002000200020002000200
020002000200020002000200020002000200020002000200020002000200
020002000200020002000200020002000200020002000200020002000200
020002000200020002000200020002000200020002000200020002000200
020002000200020002000200020002000200020002000200020002000200
020002000200020002000200020002000200020002000200020002000200
020002000200020002000200020002000200020002000200020002000200
020002000200020002000200020002000200020002000200020002000200
020002000200020002000200020002000200020002000200020002000200
020002000200020002000200020002000200020002000200020002000200
020002000200020002000200020002000200020002000200020002000200
020002000200020002000200020002000200020002000200020002000200
020002000200020002000200020002000200020002000200020002000200
020002000200020002000200020002000200020002000200020002000200
020002000200020002000200020002000200020002000200020002000200
020002000200020002000200020002000200020002000200020002000200
020002000200020002000200020002000200020002000200020002000200
020002000200020002000200020002000200020002000200020002000200
020002000200020002000200020002000200020002000200020002000200
020002000200020002000200020002000200020002000200020002000200
020002000200020002000200020002000200020002000200020002000200
020002000200020002000200020002000200020002000200020002000200
020002000200020002000200020002000200020002000200020002000200
020002000200020002000200020002000200020002000200020002000200
020002000200020002000200020002000200020002000200020002000200
020002000200020002000200020002000200020002000200020002000200
020002000200020002000200020002000200020002000200020002000200
020002000200020002000200020002000200020002000200020002000200
020002000200020002000200020002000200020002000200020002000200
020002000200020002000200020002000200020002000200020002000200
020002000200020002000200020002000200020002000200020002000200
020002000200020002000200020002000200020002000200020002000200
020002000200020002000200020002000200020002000200020002000200
020002000200020002000200020002000200020002000200020002000200
020002000200020002000200020002000200020002000200020002000200
020002000200020002000200020002000200020002000200020002000200
020002000200020002000200020002000200020002000200020002000200
020002000200020002000200020002000200020002000200020002000200
020002000200020002000200020002000200020002000200020002000200
020002000200020002000200020002000200020002000200020002000200
020002000200020002000200020002000200020002000200020002000200
020002000200020002000200020002000200020002000200020002000200
020002000200020002000200020002000200020002000200020002000200
020002000200020002000200020002000200020002000200020002000200
020002000200020002000200020002000200020002000200020002000200
020002000200020002000200020002000200020002000200020002000200
020002000200020002000200020002000200020002000200020002000200
020002000200020002000200020002000200020002000200020002000200
020002000200020002000200020002000200020002000200020002000200
020002000200020002000200020002000200020002000200020002000200
020002000200020002000200020002000200020002000200020002000200
020002000200020002000200020002000200020002000200020002000200
020002000200020002000200020002000200020002000200020002000200
020002000200020002000200020002000200020002000200020002000200
020002000200020002000200020002000200020002000200020002000200
020002000200020002000200020002000200020002000200020002000200
020002000200020002000200020002000200020002000200020002000200
020002000200020002000200020002000200020002000200020002000200
020002000200020002000200020002000200020002000200020002000200
020002000200020002000200020002000200020002000200020002000200
020002000200020002000200020002000200020002000200020002000200
020002000200020002000200020002000200020002000200020002000200
020002000200020002000200020002000200020002000200020002000200
020002000200020002000200020002000200020002000200020002000200
020002000200020002000200020002000200020002000200020002000200
020002000200020002000200020002000200020002000200020002000200
020002000200020002000200020002000200020002000200020002000200
020002000200020002000200020002000200020002000200020002000200
020002000200020002000200020002000200020002000200020002000200
020002000200020002000200020002000200020002000200020002000200
020002000200020002000200020002000200020002000200020002000200
020002000200020002000200020002000200020002000200020002000200
020002000200020002000200020002000200020002000200020002000200
020002000200020002000200020002000200020002000200020002000200
020002000200020002000200020002000200020002000200020002000200
020002000200020002000200020002000200020002000200020002000200
020002000200020002000200020002000200020002000200020002000200
020002000200020002000200020002000200020002000200020002000200
020002000200020002000200020002000200020002000200020002000200
020002000200020002000200020002000200020002000200020002000200
020002000200020002000200020002000200020002000200020002000200
020002000200020002000200020002000200020002000200020002000200
020002000200020002000200020002000200020002000200020002000200
020002000200020002000200020002000200020002000200020002000200
020002000200020002000200020002000200020002000200020002000200
020002000200020002000200020002000200020002000200020002000200
020002000200020002000200020002000200020002000200020002000200
020002000200020002000200020002000200020002000200020002000200
020002000200020002000200020002000200020002000200020002000200
020002000200020002000200020002000200020002000200020002000200
020002000200020002000200020002000200020002000200020002000200
020002000200020002000200020002000200020002000200020002000200
020002000200020002000200020002000200020002000200020002000200
020002000200020002000200020002000200020002000200020002000200
020002000200020002000200020002000200020002000200020002000200
020002000200020002000200020002000200020002000200020002000200
020002000200020002000200020002000200020002000200020002000200
020002000200020002000200020002000200020002000200020002000200
020002000200020002000200020002000200020002000200020002000200
020002000200020002000200020002000200020002000200020002000200
020002000200020002000200020002000200020002000200020002000200
020002000200020002000200020002000200020002000200020002000200
020002000200020002000200020002000200020002000200020002000200
020002000200020002000200020002000200020002000200020002000200
020002000200020002000200020002000200020002000200020002000200
020002000200020002000200020002000200020002000200020002000200
020002000200020002000200020002000200020002000200020002000200
020002000200020002000200020002000200020002000200020002000200
020002000200020002000200020002000200020002000200020002000200
020002000200020002000200020002000200020002000200020002000200
020002000200020002000200020002000200020002000200020002000200
020002000200020002000200020002000200020002000200020002000200
020002000200020002000200020002000200020002000200020002000200
020002000200020002000200020002000200020002000200020002000200
020002000200020002000200020002000200020002000200020002000200
020002000200020002000200020002000200020002000200020002000200
020002000200020002000200020002000200020002000200020002000200
020002000200020002000200020002000200020002000200020002000200
020002000200020002000200020002000200020002000200020002000200
020002000200020002000200020002000200020002000200020002000200
020002000200020002000200020002000200020002000200020002000200
020002000200020002000200020002000200020002000200020002000200
020002000200020002000200020002000200020002000200020002000200
020002000200020002000200020002000200020002000200020002000200
020002000200020002000200020002000200020002000200020002000200
020002000200020002000200020002000200020002000200020002000200
020002000200020002000200020002000200020002000200020002000200
020002000200020002000200020002000200020002000200020002000200
020002000200020002000200020002000200020002000200020002000200
020002000200020002000200020002000200020002000200020002000200
020002000200020002000200020002000200020002000200020002000200
020002000200020002000200020002000200020002000200020002000200
020002000200020002000200020002000200020002000200020002000200
020002000200020002000200020002000200020002000200020002000200
020002000200020002000200020002000200020002000200020002000200
020002000200020002000200020002000200020002000200020002000200
020002000200020002000200020002000200020002000200020002000200
020002000200020002000200020002000200020002000200020002000200
020002000200020002000200020002000200020002000200020002000200
020002000200020002000200020002000200020002000200020002000200
020002000200020002000200020002000200020002000200020002000200
020002000200020002000200020002000200020002000200020002000200
020002000200020002000200020002000200020002000200020002000200
020002000200020002000200020002000200020002000200020002000200
020002000200020002000200020002000200020002000200020002000200
020002000200020002000200020002000200020002000200020002000200
020002000200020002000200020002000200020002000200020002000200
020002000200020002000200020002000200020002000200020002000200
020002000200020002000200020002000200020002000200020002000200
020002000200020002000200020002000200020002000200020002000200
020002000200020002000200020002000200020002000200020002000200
020002000200020002000200020002000200020002000200020002000200
020002000200020002000200020002000200020002000200020002000200
020002000200020002000200020002000200020002000200020002000200
020002000200020002000200020002000200020002000200020002000200
020002000200020002000200020002000200020002000200020002000200
020002000200020002000200020002000200020002000200020002000200
020002000200020002000200020002000200020002000200020002000200
020002000200020002000200020002000200020002000200020002000200
020002000200020002000200020002000200020002000200020002000200
020002000200020002000200020002000200020002000200020002000200
020002000200020002000200020002000200020002000200020002000200
020002000200020002000200020002000200020002000200020002000200
020002000200020002000200020002000200020002000200020002000200
020002000200020002000200020002000200020002000200020002000200
020002000200020002000200020002000200020002000200020002000200
020002000200020002000200020002000200020002000200020002000200
020002000200020002000200020002000200020002000200020002000200
020002000200020002000200020002000200020002000200020002000200
020002000200020002000200020002000200020002000200020002000200
020002000200020002000200020002000200020002000200020002000200
020002000200020002000200020002000200020002000200020002000200
020002000200020002000200020002000200020002000200020002000200
020002000200020002000200020002000200020002000200020002000200
020002000200020002000200020002000200020002000200020002000200
020002000200020002000200020002000200020002000200020002000200
020002000200020002000200020002000200020002000200020002000200
020002000200020002000200020002000200020002000200020002000200
020002000200020002000200020002000200020002000200020002000200
020002000200020002000200020002000200020002000200020002000200
020002000200020002000200020002000200020002000200020002000200
020002000200020002000200020002000200020002000200020002000200
020002000200020002000200020002000200020002000200020002000200
020002000200020002000200020002000200020002000200020002000200
020002000200020002000200020002000200020002000200020002000200
020002000200020002000200020002000200020002000200020002000200
020002000200020002000200020002000200020002000200020002000200
020002000200020002000200020002000200020002000200020002000200
020002000200020002000200020002000200020002000200020002000200
020002000200020002000200020002000200020002000200020002000200
020002000200020002000200020002000200020002000200020002000200
020002000200020002000200020002000200020002000200020002000200
020002000200020002000200020002000200020002000200020002000200
020002000200020002000200020002000200020002000200020002000200
020002000200020002000200020002000200020002000200020002000200
020002000200020002000200020002000200020002000200020002000200
020002000200020002000200020002000200020002000200020002000200
020002000200020002000200020002000200020002000200020002000200
020002000200020002000200020002000200020002000200020002000200
020002000200020002000200020002000200020002000200020002000200
020002000200020002000200020002000200020002000200020002000200
020002000200020002000200020002000200020002000200020002000200
020002000200020002000200020002000200020002000200020002000200
020002000200020002000200020002000200020002000200020002000200
020002000200020002000200020002000200020002000200020002000200
020002000200020002000200020002000200020002000200020002000200
020002000200020002000200020002000200020002000200020002000200
020002000200020002000200020002000200020002000200020002000200
020002000200020002000200020002000200020002000200020002000200
020002000200020002000200020002000200020002000200020002000200
020002000200020002000200020002000200020002000200020002000200
020002000200020002000200020002000200020002000200020002000200
020002000200020002000200020002000200020002000200020002000200
020002000200020002000200020002000200020002000200020002000200
020002000200020002000200020002000200020002000200020002000200
020002000200020002000200020002000200020002000200020002000200
020002000200020002000200020002000200020002000200020002000200
020002000200020002000200020002000200020002000200020002000200
020002000200020002000200020002000200020002000200020002000200
020002000200020002000200020002000200020002000200020002000200
020002000200020002000200020002000200020002000200020002000200
020002000200020002000200020002000200020002000200020002000200
020002000200020002000200020002000200020002000200020002000200
020002000200020002000200020002000200020002000200020002000200
020002000200020002000200020002000200020002000200020002000200
020002000200020002000200020002000200020002000200020002000200
020002000200020002000200020002000200020002000200020002000200
020002000200020002000200020002000200020002000200020002000200
020002000200020002000200020002000200020002000200020002000200
020002000200020002000200020002000200020002000200020002000200
020002000200020002000200020002000200020002000200020002000200
020002000200020002000200020002000200020002000200020002000200
020002000200020002000200020002000200020002000200020002000200
020002000200020002000200020002000200020002000200020002000200
020002000200020002000200020002000200020002000200020002000200
020002000200020002000200020002000200020002000200020002000200
020002000200020002000200020002000200020002000200020002000200
020002000200020002000200020002000200020002000200020002000200
020002000200020002000200020002000200020002000200020002000200
020002000200020002000200020002000200020002000200020002000200
020002000200020002000200020002000200020002000200020002000200
020002000200020002000200020002000200020002000200020002000200
020002000200020002000200020002000200020002000200020002000200
020002000200020002000200020002000200020002000200020002000200
020002000200020002000200020002000200020002000200020002000200
020002000200020002000200020002000200020002000200020002000200
020002000200020002000200020002000200020002000200020002000200
020002000200020002000200020002000200020002000200020002000200
020002000200020002000200020002000200020002000200020002000200
020002000200020002000200020002000200020002000200020002000200
020002000200020002000200020002000200020002000200020002000200
020002000200020002000200020002000200020002000200020002000200
020002000200020002000200020002000200020002000200020002000200
020002000200020002000200020002000200020002000200020002000200
020002000200020002000200020002000200020002000200020002000200
020002000200020002000200020002000200020002000200020002000200
020002000200020002000200020002000200020002000200020002000200
020002000200020002000200020002000200020002000200020002000200
020002000200020002000200020002000200020002000200020002000200
020002000200020002000200020002000200020002000200020002000200
020002000200020002000200020002000200020002000200020002000200
020002000200020002000200020002000200020002000200020002000200
020002000200020002000200020002000200020002000200020002000200
020002000200020002000200020002000200020002000200020002000200
020002000200020002000200020002000200020002000200020002000200
020002000200020002000200020002000200020002000200020002000200
020002000200020002000200020002000200020002000200020002000200
020002000200020002000200020002000200020002000200020002000200
020002000200020002000200020002000200020002000200020002000200
020002000200020002000200020002000200020002000200020002000200
020002000200020002000200020002000200020002000200020002000200
020002000200020002000200020002000200020002000200020002000200
020002000200020002000200020002000200020002000200020002000200
020002000200020002000200020002000200020002000200020002000200
020002000200020002000200020002000200020002000200020002000200
020002000200020002000200020002000200020002000200020002000200
020002000200020002000200020002000200020002000200020002000200
020002000200020002000200020002000200020002000200020002000200
020002000200020002000200020002000200020002000200020002000200
020002000200020002000200020002000200020002000200020002000200
020002000200020002000200020002000200020002000200020002000200
020002000200020002000200020002000200020002000200020002000200
020002000200020002000200020002000200020002000200020002000200
020002000200020002000200020002000200020002000200020002000200
020002000200020002000200020002000200020002000200020002000200
020002000200020002000200020002000200020002000200020002000200
020002000200020002000200020002000200020002000200020002000200
020002000200020002000200020002000200020002000200020002000200
020002000200020002000200020002000200020002000200020002000200
020002000200020002000200020002000200020002000200020002000200
020002000200020002000200020002000200020002000200020002000200
020002000200020002000200020002000200020002000200020002000200
020002000200020002000200020002000200020002000200020002000200
020002000200020002000200020002000200020002000200020002000200
020002000200020002000200020002000200020002000200020002000200
020002000200020002000200020002000200020002000200020002000200
020002000200020002000200020002000200020002000200020002000200
020002000200020002000200020002000200020002000200020002000200
020002000200020002000200020002000200020002000200020002000200
020002000200020002000200020002000200020002000200020002000200
020002000200020002000200020002000200020002000200020002000200
020002000200020002000200020002000200020002000200020002000200
020002000200020002000200020002000200020002000200020002000200
020002000200020002000200020002000200020002000200020002000200
020002000200020002000200020002000200020002000200020002000200
020002000200020002000200020002000200020002000200020002000200
020002000200020002000200020002000200020002000200020002000200
020002000200020002000200020002000200020002000200020002000200
020002000200020002000200020002000200020002000200020002000200
020002000200020002000200020002000200020002000200020002000200
020002000200020002000200020002000200020002000200020002000200
020002000200020002000200020002000200020002000200020002000200
020002000200020002000200020002000200020002000200020002000200
020002000200020002000200020002000200020002000200020002000200
020002000200020002000200020002000200020002000200020002000200
020002000200020002000200020002000200020002000200020002000200
020002000200020002000200020002000200020002000200020002000200
020002000200020002000200020002000200020002000200020002000200
020002000200020002000200020002000200020002000200020002000200
020002000200020002000200020002000200020002000200020002000200
020002000200020002000200020002000200020002000200020002000200
020002000200020002000200020002000200020002000200020002000200
020002000200020002000200020002000200020002000200020002000200
020002000200020002000200020002000200020002000200020002000200
020002000200020002000200020002000200020002000200020002000200
020002000200020002000200020002000200020002000200020002000200
020002000200020002000200020002000200020002000200020002000200
020002000200020002000200020002000200020002000200020002000200
020002000200020002000200020002000200020002000200020002000200
020002000200020002000200020002000200020002000200020002000200
020002000200020002000200020002000200020002000200020002000200
020002000200020002000200020002000200020002000200020002000200
020002000200020002000200020002000200020002000200020002000200
020002000200020002000200020002000200020002000200020002000200
020002000200020002000200020002000200020002000200020002000200
020002000200020002000200020002000200020002000200020002000200
020002000200020002000200020002000200020002000200020002000200
020002000200020002000200020002000200020002000200020002000200
020002000200020002000200020002000200020002000200020002000200
020002000200020002000200020002000200020002000200020002000200
020002000200020002000200020002000200020002000200020002000200
020002000200020002000200020002000200020002000200020002000200
020002000200020002000200020002000200020002000200020002000200
020002000200020002000200020002000200020002000200020002000200
020002000200020002000200020002000200020002000200020002000200
020002000200020002000200020002000200020002000200020002000200
020002000200020002000200020002000200020002000200020002000200
020002000200020002000200020002000200020002000200020002000200
020002000200020002000200020002000200020002000200020002000200
020002000200020002000200020002000200020002000200020002000200
020002000200020002000200020002000200020002000200020002000200
020002000200020002000200020002000200020002000200020002000200
020002000200020002000200020002000200020002000200020002000200
020002000200020002000200020002000200020002000200020002000200
020002000200020002000200020002000200020002000200020002000200
020002000200020002000200020002000200020002000200020002000200
020002000200020002000200020002000200020002000200020002000200
020002000200020002000200020002000200020002000200020002000200
020002000200020002000200020002000200020002000200020002000200
020002000200020002000200020002000200020002000200020002000200
020002000200020002000200020002000200020002000200020002000200
020002000200020002000200020002000200020002000200020002000200
020002000200020002000200020002000200020002000200020002000200
020002000200020002000200020002000200020002000200020002000200
020002000200020002000200020002000200020002000200020002000200
020002000200020002000200020002000200020002000200020002000200
020002000200020002000200020002000200020002000200020002000200
020002000200020002000200020002000200020002000200020002000200
020002000200020002000200020002000200020002000200020002000200
020002000200020002000200020002000200020002000200020002000200
020002000200020002000200020002000200020002000200020002000200
020002000200020002000200020002000200020002000200020002000200
020002000200020002000200020002000200020002000200020002000200
020002000200020002000200020002000200020002000200020002000200
020002000200020002000200020002000200020002000200020002000200
020002000200020002000200020002000200020002000200020002000200
020002000200020002000200020002000200020002000200020002000200
020002000200020002000200020002000200020002000200020002000200
020002000200020002000200020002000200020002000200020002000200
020002000200020002000200020002000200020002000200020002000200
020002000200020002000200020002000200020002000200020002000200
020002000200020002000200020002000200020002000200020002000200
020002000200020002000200020002000200020002000200020002000200
020002000200020002000200020002000200020002000200020002000200
020002000200020002000200020002000200020002000200020002000200
020002000200020002000200020002000200020002000200020002000200
020002000200020002000200020002000200020002000200020002000200
020002000200020002000200020002000200020002000200020002000200
020002000200020002000200020002000200020002000200020002000200
020002000200020002000200020002000200020002000200020002000200
020002000200020002000200020002000200020002000200020002000200
020002000200020002000200020002000200020002000200020002000200
020002000200020002000200020002000200020002000200020002000200
020002000200020002000200020002000200020002000200020002000200
020002000200020002000200020002000200020002000200020002000200
020002000200020002000200020002000200020002000200020002000200
020002000200020002000200020002000200020002000200020002000200
020002000200020002000200020002000200020002000200020002000200
020002000200020002000200020002000200020002000200020002000200
020002000200020002000200020002000200020002000200020002000200
020002000200020002000200020002000200020002000200020002000200
020002000200020002000200020002000200020002000200020002000200
020002000200020002000200020002000200020002000200020002000200
020002000200020002000200020002000200020002000200020002000200
020002000200020002000200020002000200020002000200020002000200
020002000200020002000200020002000200020002000200020002000200
020002000200020002000200020002000200020002000200020002000200
020002000200020002000200020002000200020002000200020002000200
020002000200020002000200020002000200020002000200020002000200
020002000200020002000200020002000200020002000200020002000200
020002000200020002000200020002000200020002000200020002000200
020002000200020002000200020002000200020002000200020002000200
020002000200020002000200020002000200020002000200020002000200
020002000200020002000200020002000200020002000200020002000200
020002000200020002000200020002000200020002000200020002000200
020002000200020002000200020002000200020002000200020002000200
020002000200020002000200020002000200020002000200020002000200
020002000200020002000200020002000200020002000200020002000200
020002000200020002000200020002000200020002000200020002000200
020002000200020002000200020002000200020002000200020002000200
020002000200020002000200020002000200020002000200020002000200
020002000200020002000200020002000200020002000200020002000200
020002000200020002000200020002000200020002000200020002000200
020002000200020002000200020002000200020002000200020002000200
020002000200020002000200020002000200020002000200020002000200
020002000200020002000200020002000200020002000200020002000200
020002000200020002000200020002000200020002000200020002000200
020002000200020002000200020002000200020002000200020002000200
020002000200020002000200020002000200020002000200020002000200
020002000200020002000200020002000200020002000200020002000200
020002000200020002000200020002000200020002000200020002000200
020002000200020002000200020002000200020002000200020002000200
020002000200020002000200020002000200020002000200020002000200
020002000200020002000200020002000200020002000200020002000200
020002000200020002000200020002000200020002000200020002000200
020002000200020002000200020002000200020002000200020002000200
020002000200020002000200020002000200020002000200020002000200
020002000200020002000200020002000200020002000200020002000200
020002000200020002000200020002000200020002000200020002000200
020002000200020002000200020002000200020002000200020002000200
020002000200020002000200020002000200020002000200020002000200
020002000200020002000200020002000200020002000200020002000200
020002000200020002000200020002000200020002000200020002000200
020002000200020002000200020002000200020002000200020002000200
020002000200020002000200020002000200020002000200020002000200
020002000200020002000200020002000200020002000200020002000200
020002000200020002000200020002000200020002000200020002000200
020002000200020002000200020002000200020002000200020002000200
020002000200020002000200020002000200020002000200020002000200
020002000200020002000200020002000200020002000200020002000200
020002000200020002000200020002000200020002000200020002000200
020002000200020002000200020002000200020002000200020002000200
020002000200020002000200020002000200020002000200020002000200
020002000200020002000200020002000200020002000200020002000200
020002000200020002000200020002000200020002000200020002000200
020002000200020002000200020002000200020002000200020002000200
020002000200020002000200020002000200020002000200020002000200
020002000200020002000200020002000200020002000200020002000200
020002000200020002000200020002000200020002000200020002000200
020002000200020002000200020002000200020002000200020002000200
020002000200020002000200020002000200020002000200020002000200
020002000200020002000200020002000200020002000200020002000200
020002000200020002000200020002000200020002000200020002000200
020002000200020002000200020002000200020002000200020002000200
020002000200020002000200020002000200020002000200020002000200
020002000200020002000200020002000200020002000200020002000200
020002000200020002000200020002000200020002000200020002000200
020002000200020002000200020002000200020002000200020002000200
020002000200020002000200020002000200020002000200020002000200
020002000200020002000200020002000200020002000200020002000200
020002000200020002000200020002000200020002000200020002000200
020002000200020002000200020002000200020002000200020002000200
020002000200020002000200020002000200020002000200020002000200
020002000200020002000200020002000200020002000200020002000200
020002000200020002000200020002000200020002000200020002000200
020002000200020002000200020002000200020002000200020002000200
020002000200020002000200020002000200020002000200020002000200
020002000200020002000200020002000200020002000200020002000200
020002000200020002000200020002000200020002000200020002000200
020002000200020002000200020002000200020002000200020002000200
020002000200020002000200020002000200020002000200020002000200
020002000200020002000200020002000200020002000200020002000200
020002000200020002000200020002000200020002000200020002000200
020002000200020002000200020002000200020002000200020002000200
020002000200020002000200020002000200020002000200020002000200
020002000200020002000200020002000200020002000200020002000200
020002000200020002000200020002000200020002000200020002000200
020002000200020002000200020002000200020002000200020002000200
020002000200020002000200020002000200020002000200020002000200
020002000200020002000200020002000200020002000200020002000200
020002000200020002000200020002000200020002000200020002000200
020002000200020002000200020002000200020002000200020002000200
020002000200020002000200020002000200020002000200020002000200
020002000200020002000200020002000200020002000200020002000200
020002000200020002000200020002000200020002000200020002000200
020002000200020002000200020002000200020002000200020002000200
020002000200020002000200020002000200020002000200020002000200
020002000200020002000200020002000200020002000200020002000200
020002000200020002000200020002000200020002000200020002000200
020002000200020002000200020002000200020002000200020002000200
020002000200020002000200020002000200020002000200020002000200
020002000200020002000200020002000200020002000200020002000200
020002000200020002000200020002000200020002000200020002000200
020002000200020002000200020002000200020002000200020002000200
020002000200020002000200020002000200020002000200020002000200
020002000200020002000200020002000200020002000200020002000200
020002000200020002000200020002000200020002000200020002000200
020002000200020002000200020002000200020002000200020002000200
020002000200020002000200020002000200020002000200020002000200
020002000200020002000200020002000200020002000200020002000200
020002000200020002000200020002000200020002000200020002000200
020002000200020002000200020002000200020002000200020002000200
020002000200020002000200020002000200020002000200020002000200
020002000200020002000200020002000200020002000200020002000200
020002000200020002000200020002000200020002000200020002000200
020002000200020002000200020002000200020002000200020002000200
020002000200020002000200020002000200020002000200020002000200
020002000200020002000200020002000200020002000200020002000200
020002000200020002000200020002000200020002000200020002000200
020002000200020002000200020002000200020002000200020002000200
020002000200020002000200020002000200020002000200020002000200
020002000200020002000200020002000200020002000200020002000200
020002000200020002000200020002000200020002000200020002000200
020002000200020002000200020002000200020002000200020002000200
020002000200020002000200020002000200020002000200020002000200
020002000200020002000200020002000200020002000200020002000200
020002000200020002000200020002000200020002000200020002000200
020002000200020002000200020002000200020002000200020002000200
020002000200020002000200020002000200020002000200020002000200
020002000200020002000200020002000200020002000200020002000200
020002000200020002000200020002000200020002000200020002000200
020002000200020002000200020002000200020002000200020002000200
020002000200020002000200020002000200020002000200020002000200
020002000200020002000200020002000200020002000200020002000200
020002000200020002000200020002000200020002000200020002000200
020002000200020002000200020002000200020002000200020002000200
020002000200020002000200020002000200020002000200020002000200
020002000200020002000200020002000200020002000200020002000200
020002000200020002000200020002000200020002000200020002000200
020002000200020002000200020002000200020002000200020002000200
020002000200020002000200020002000200020002000200020002000200
020002000200020002000200020002000200020002000200020002000200
020002000200020002000200020002000200020002000200020002000200
020002000200020002000200020002000200020002000200020002000200
020002000200020002000200020002000200020002000200020002000200
020002000200020002000200020002000200020002000200020002000200
020002000200020002000200020002000200020002000200020002000200
020002000200020002000200020002000200020002000200020002000200
020002000200020002000200020002000200020002000200020002000200
020002000200020002000200020002000200020002000200020002000200
020002000200020002000200020002000200020002000200020002000200
020002000200020002000200020002000200020002000200020002000200
020002000200020002000200020002000200020002000200020002000200
020002000200020002000200020002000200020002000200020002000200
020002000200020002000200020002000200020002000200020002000200
020002000200020002000200020002000200020002000200020002000200
020002000200020002000200020002000200020002000200020002000200
020002000200020002000200020002000200020002000200020002000200
020002000200020002000200020002000200020002000200020002000200
020002000200020002000200020002000200020002000200020002000200
020002000200020002000200020002000200020002000200020002000200
020002000200020002000200020002000200020002000200020002000200
020002000200020002000200020002000200020002000200020002000200
020002000200020002000200020002000200020002000200020002000200
020002000200020002000200020002000200020002000200020002000200
020002000200020002000200020002000200020002000200020002000200
020002000200020002000200020002000200020002000200020002000200
020002000200020002000200020002000200020002000200020002000200
020002000200020002000200020002000200020002000200020002000200
020002000200020002000200020002000200020002000200020002000200
020002000200020002000200020002000200020002000200020002000200
020002000200020002000200020002000200020002000200020002000200
020002000200020002000200020002000200020002000200020002000200
020002000200020002000200020002000200020002000200020002000200
020002000200020002000200020002000200020002000200020002000200
020002000200020002000200020002000200020002000200020002000200
020002000200020002000200020002000200020002000200020002000200
020002000200020002000200020002000200020002000200020002000200
020002000200020002000200020002000200020002000200020002000200
020002000200020002000200020002000200020002000200020002000200
020002000200020002000200020002000200020002000200020002000200
020002000200020002000200020002000200020002000200020002000200
020002000200020002000200020002000200020002000200020002000200
020002000200020002000200020002000200020002000200020002000200
020002000200020002000200020002000200020002000200020002000200
020002000200020002000200020002000200020002000200020002000200
020002000200020002000200020002000200020002000200020002000200
020002000200020002000200020002000200020002000200020002000200
020002000200020002000200020002000200020002000200020002000200
020002000200020002000200020002000200020002000200020002000200
020002000200020002000200020002000200020002000200020002000200
020002000200020002000200020002000200020002000200020002000200
020002000200020002000200020002000200020002000200020002000200
020002000200020002000200020002000200020002000200020002000200
020002000200020002000200020002000200020002000200020002000200
020002000200020002000200020002000200020002000200020002000200
020002000200020002000200020002000200020002000200020002000200
020002000200020002000200020002000200020002000200020002000200
020002000200020002000200020002000200020002000200020002000200
020002000200020002000200020002000200020002000200020002000200
020002000200020002000200020002000200020002000200020002000200
020002000200020002000200020002000200020002000200020002000200
020002000200020002000200020002000200020002000200020002000200
020002000200020002000200020002000200020002000200020002000200
020002000200020002000200020002000200020002000200020002000200
020002000200020002000200020002000200020002000200020002000200
020002000200020002000200020002000200020002000200020002000200
020002000200020002000200020002000200020002000200020002000200
020002000200020002000200020002000200020002000200020002000200
020002000200020002000200020002000200020002000200020002000200
020002000200020002000200020002000200020002000200020002000200
020002000200020002000200020002000200020002000200020002000200
020002000200020002000200020002000200020002000200020002000200
020002000200020002000200020002000200020002000200020002000200
020002000200020002000200020002000200020002000200020002000200
020002000200020002000200020002000200020002000200020002000200
020002000200020002000200020002000200020002000200020002000200
020002000200020002000200020002000200020002000200020002000200
020002000200020002000200020002000200020002000200020002000200
020002000200020002000200020002000200020002000200020002000200
020002000200020002000200020002000200020002000200020002000200
020002000200020002000200020002000200020002000200020002000200
020002000200020002000200020002000200020002000200020002000200
020002000200020002000200020002000200020002000200020002000200
020002000200020002000200020002000200020002000200020002000200
020002000200020002000200020002000200020002000200020002000200
020002000200020002000200020002000200020002000200020002000200
020002000200020002000200020002000200020002000200020002000200
020002000200020002000200020002000200020002000200020002000200
020002000200020002000200020002000200020002000200020002000200
020002000200020002000200020002000200020002000200020002000200
020002000200020002000200020002000200020002000200020002000200
020002000200020002000200020002000200020002000200020002000200
020002000200020002000200020002000200020002000200020002000200
020002000200020002000200020002000200020002000200020002000200
020002000200020002000200020002000200020002000200020002000200
020002000200020002000200020002000200020002000200020002000200
020002000200020002000200020002000200020002000200020002000200
020002000200020002000200020002000200020002000200020002000200
020002000200020002000200020002000200020002000200020002000200
020002000200020002000200020002000200020002000200020002000200
020002000200020002000200020002000200020002000200020002000200
020002000200020002000200020002000200020002000200020002000200
020002000200020002000200020002000200020002000200020002000200
020002000200020002000200020002000200020002000200020002000200
020002000200020002000200020002000200020002000200020002000200
020002000200020002000200020002000200020002000200020002000200
020002000200020002000200020002000200020002000200020002000200
020002000200020002000200020002000200020002000200020002000200
020002000200020002000200020002000200020002000200020002000200
020002000200020002000200020002000200020002000200020002000200
020002000200020002000200020002000200020002000200020002000200
020002000200020002000200020002000200020002000200020002000200
020002000200020002000200020002000200020002000200020002000200
020002000200020002000200020002000200020002000200020002000200
020002000200020002000200020002000200020002000200020002000200
020002000200020002000200020002000200020002000200020002000200
020002000200020002000200020002000200020002000200020002000200
020002000200020002000200020002000200020002000200020002000200
020002000200020002000200020002000200020002000200020002000200
020002000200020002000200020002000200020002000200020002000200
020002000200020002000200020002000200020002000200020002000200
020002000200020002000200020002000200020002000200020002000200
020002000200020002000200020002000200020002000200020002000200
020002000200020002000200020002000200020002000200020002000200
020002000200020002000200020002000200020002000200020002000200
020002000200020002000200020002000200020002000200020002000200
020002000200020002000200020002000200020002000200020002000200
020002000200020002000200020002000200020002000200020002000200
020002000200020002000200020002000200020002000200020002000200
020002000200020002000200020002000200020002000200020002000200
020002000200020002000200020002000200020002000200020002000200
020002000200020002000200020002000200020002000200020002000200
020002000200020002000200020002000200020002000200020002000200
020002000200020002000200020002000200020002000200020002000200
020002000200020002000200020002000200020002000200020002000200
020002000200020002000200020002000200020002000200020002000200
020002000200020002000200020002000200020002000200020002000200
020002000200020002000200020002000200020002000200020002000200
020002000200020002000200020002000200020002000200020002000200
020002000200020002000200020002000200020002000200020002000200
020002000200020002000200020002000200020002000200020002000200
020002000200020002000200020002000200020002000200020002000200
020002000200020002000200020002000200020002000200020002000200
020002000200020002000200020002000200020002000200020002000200
020002000200020002000200020002000200020002000200020002000200
020002000200020002000200020002000200020002000200020002000200
020002000200020002000200020002000200020002000200020002000200
020002000200020002000200020002000200020002000200020002000200
020002000200020002000200020002000200020002000200020002000200
020002000200020002000200020002000200020002000200020002000200
020002000200020002000200020002000200020002000200020002000200
020002000200020002000200020002000200020002000200020002000200
020002000200020002000200020002000200020002000200020002000200
020002000200020002000200020002000200020002000200020002000200
020002000200020002000200020002000200020002000200020002000200
020002000200020002000200020002000200020002000200020002000200
020002000200020002000200020002000200020002000200020002000200
020002000200020002000200020002000200020002000200020002000200
020002000200020002000200020002000200020002000200020002000200
020002000200020002000200020002000200020002000200020002000200
020002000200020002000200020002000200020002000200020002000200
020002000200020002000200020002000200020002000200020002000200
020002000200020002000200020002000200020002000200020002000200
020002000200020002000200020002000200020002000200020002000200
020002000200020002000200020002000200020002000200020002000200
020002000200020002000200020002000200020002000200020002000200
020002000200020002000200020002000200020002000200020002000200
020002000200020002000200020002000200020002000200020002000200
020002000200020002000200020002000200020002000200020002000200
020002000200020002000200020002000200020002000200020002000200
020002000200020002000200020002000200020002000200020002000200
020002000200020002000200020002000200020002000200020002000200
020002000200020002000200020002000200020002000200020002000200
020002000200020002000200020002000200020002000200020002000200
020002000200020002000200020002000200020002000200020002000200
020002000200020002000200020002000200020002000200020002000200
020002000200020002000200020002000200020002000200020002000200
020002000200020002000200020002000200020002000200020002000200
020002000200020002000200020002000200020002000200020002000200
020002000200020002000200020002000200020002000200020002000200
020002000200020002000200020002000200020002000200020002000200
020002000200020002000200020002000200020002000200020002000200
020002000200020002000200020002000200020002000200020002000200
020002000200020002000200020002000200020002000200020002000200
020002000200020002000200020002000200020002000200020002000200
020002000200020002000200020002000200020002000200020002000200
020002000200020002000200020002000200020002000200020002000200
020002000200020002000200020002000200020002000200020002000200
020002000200020002000200020002000200020002000200020002000200
020002000200020002000200020002000200020002000200020002000200
020002000200020002000200020002000200020002000200020002000200
020002000200020002000200020002000200020002000200020002000200
020002000200020002000200020002000200020002000200020002000200
020002000200020002000200020002000200020002000200020002000200
020002000200020002000200020002000200020002000200020002000200
020002000200020002000200020002000200020002000200020002000200
020002000200020002000200020002000200020002000200020002000200
020002000200020002000200020002000200020002000200020002000200
020002000200020002000200020002000200020002000200020002000200
020002000200020002000200020002000200020002000200020002000200
020002000200020002000200020002000200020002000200020002000200
020002000200020002000200020002000200020002000200020002000200
020002000200020002000200020002000200020002000200020002000200
020002000200020002000200020002000200020002000200020002000200
020002000200020002000200020002000200020002000200020002000200
020002000200020002000200020002000200020002000200020002000200
020002000200020002000200020002000200020002000200020002000200
020002000200020002000200020002000200020002000200020002000200
020002000200020002000200020002000200020002000200020002000200
020002000200020002000200020002000200020002000200020002000200
020002000200020002000200020002000200020002000200020002000200
020002000200020002000200020002000200020002000200020002000200
020002000200020002000200020002000200020002000200020002000200
020002000200020002000200020002000200020002000200020002000200
020002000200020002000200020002000200020002000200020002000200
020002000200020002000200020002000200020002000200020002000200
020002000200020002000200020002000200020002000200020002000200
020002000200020002000200020002000200020002000200020002000200
020002000200020002000200020002000200020002000200020002000200
020002000200020002000200020002000200020002000200020002000200
020002000200020002000200020002000200020002000200020002000200
020002000200020002000200020002000200020002000200020002000200
020002000200020002000200020002000200020002000200020002000200
020002000200020002000200020002000200020002000200020002000200
020002000200020002000200020002000200020002000200020002000200
020002000200020002000200020002000200020002000200020002000200
020002000200020002000200020002000200020002000200020002000200
020002000200020002000200020002000200020002000200020002000200
020002000200020002000200020002000200020002000200020002000200
020002000200020002000200020002000200020002000200020002000200
020002000200020002000200020002000200020002000200020002000200
020002000200020002000200020002000200020002000200020002000200
020002000200020002000200020002000200020002000200020002000200
020002000200020002000200020002000200020002000200020002000200
020002000200020002000200020002000200020002000200020002000200
020002000200020002000200020002000200020002000200020002000200
020002000200020002000200020002000200020002000200020002000200
020002000200020002000200020002000200020002000200020002000200
020002000200020002000200020002000200020002000200020002000200
020002000200020002000200020002000200020002000200020002000200
020002000200020002000200020002000200020002000200020002000200
020002000200020002000200020002000200020002000200020002000200
020002000200020002000200020002000200020002000200020002000200
020002000200020002000200020002000200020002000200020002000200
020002000200020002000200020002000200020002000200020002000200
020002000200020002000200020002000200020002000200020002000200
020002000200020002000200020002000200020002000200020002000200
020002000200020002000200020002000200020002000200020002000200
020002000200020002000200020002000200020002000200020002000200
020002000200020002000200020002000200020002000200020002000200
020002000200020002000200020002000200020002000200020002000200
020002000200020002000200020002000200020002000200020002000200
020002000200020002000200020002000200020002000200020002000200
020002000200020002000200020002000200020002000200020002000200
020002000200020002000200020002000200020002000200020002000200
020002000200020002000200020002000200020002000200020002000200
020002000200020002000200020002000200020002000200020002000200
020002000200020002000200020002000200020002000200020002000200
020002000200020002000200020002000200020002000200020002000200
020002000200020002000200020002000200020002000200020002000200
020002000200020002000200020002000200020002000200020002000200
020002000200020002000200020002000200020002000200020002000200
020002000200020002000200020002000200020002000200020002000200
020002000200020002000200020002000200020002000200020002000200
020002000200020002000200020002000200020002000200020002000200
020002000200020002000200020002000200020002000200020002000200
020002000200020002000200020002000200020002000200020002000200
020002000200020002000200020002000200020002000200020002000200
020002000200020002000200020002000200020002000200020002000200
020002000200020002000200020002000200020002000200020002000200
020002000200020002000200020002000200020002000200020002000200
020002000200020002000200020002000200020002000200020002000200
020002000200020002000200020002000200020002000200020002000200
020002000200020002000200020002000200020002000200020002000200
020002000200020002000200020002000200020002000200020002000200
020002000200020002000200020002000200020002000200020002000200
020002000200020002000200020002000200020002000200020002000200
020002000200020002000200020002000200020002000200020002000200
020002000200020002000200020002000200020002000200020002000200
020002000200020002000200020002000200020002000200020002000200
020002000200020002000200020002000200020002000200020002000200
020002000200020002000200020002000200020002000200020002000200
020002000200020002000200020002000200020002000200020002000200
020002000200020002000200020002000200020002000200020002000200
020002000200020002000200020002000200020002000200020002000200
020002000200020002000200020002000200020002000200020002000200
020002000200020002000200020002000200020002000200020002000200
020002000200020002000200020002000200020002000200020002000200
020002000200020002000200020002000200020002000200020002000200
020002000200020002000200020002000200020002000200020002000200
020002000200020002000200020002000200020002000200020002000200
020002000200020002000200020002000200020002000200020002000200
020002000200020002000200020002000200020002000200020002000200
020002000200020002000200020002000200020002000200020002000200
020002000200020002000200020002000200020002000200020002000200
020002000200020002000200020002000200020002000200020002000200
020002000200020002000200020002000200020002000200020002000200
020002000200020002000200020002000200020002000200020002000200
020002000200020002000200020002000200020002000200020002000200
020002000200020002000200020002000200020002000200020002000200
020002000200020002000200020002000200020002000200020002000200
020002000200020002000200020002000200020002000200020002000200
020002000200020002000200020002000200020002000200020002000200
020002000200020002000200020002000200020002000200020002000200
020002000200020002000200020002000200020002000200020002000200
020002000200020002000200020002000200020002000200020002000200
020002000200020002000200020002000200020002000200020002000200
020002000200020002000200020002000200020002000200020002000200
020002000200020002000200020002000200020002000200020002000200
020002000200020002000200020002000200020002000200020002000200
020002000200020002000200020002000200020002000200020002000200
020002000200020002000200020002000200020002000200020002000200
020002000200020002000200020002000200020002000200020002000200
020002000200020002000200020002000200020002000200020002000200
020002000200020002000200020002000200020002000200020002000200
020002000200020002000200020002000200020002000200020002000200
020002000200020002000200020002000200020002000200020002000200
020002000200020002000200020002000200020002000200020002000200
020002000200020002000200020002000200020002000200020002000200
020002000200020002000200020002000200020002000200020002000200
020002000200020002000200020002000200020002000200020002000200
020002000200020002000200020002000200020002000200020002000200
020002000200020002000200020002000200020002000200020002000200
020002000200020002000200020002000200020002000200020002000200
020002000200020002000200020002000200020002000200020002000200
020002000200020002000200020002000200020002000200020002000200
020002000200020002000200020002000200020002000200020002000200
020002000200020002000200020002000200020002000200020002000200
020002000200020002000200020002000200020002000200020002000200
020002000200020002000200020002000200020002000200020002000200
020002000200020002000200020002000200020002000200020002000200
020002000200020002000200020002000200020002000200020002000200
020002000200020002000200020002000200020002000200020002000200
020002000200020002000200020002000200020002000200020002000200
020002000200020002000200020002000200020002000200020002000200
020002000200020002000200020002000200020002000200020002000200
020002000200020002000200020002000200020002000200020002000200
020002000200020002000200020002000200020002000200020002000200
020002000200020002000200020002000200020002000200020002000200
020002000200020002000200020002000200020002000200020002000200
020002000200020002000200020002000200020002000200020002000200
020002000200020002000200020002000200020002000200020002000200
020002000200020002000200020002000200020002000200020002000200
020002000200020002000200020002000200020002000200020002000200
020002000200020002000200020002000200020002000200020002000200
020002000200020002000200020002000200020002000200020002000200
020002000200020002000200020002000200020002000200020002000200
020002000200020002000200020002000200020002000200020002000200
020002000200020002000200020002000200020002000200020002000200
020002000200020002000200020002000200020002000200020002000200
020002000200020002000200020002000200020002000200020002000200
020002000200020002000200020002000200020002000200020002000200
020002000200020002000200020002000200020002000200020002000200
020002000200020002000200020002000200020002000200020002000200
020002000200020002000200020002000200020002000200020002000200
020002000200020002000200020002000200020002000200020002000200
020002000200020002000200020002000200020002000200020002000200
020002000200020002000200020002000200020002000200020002000200
020002000200020002000200020002000200020002000200020002000200
020002000200020002000200020002000200020002000200020002000200
020002000200020002000200020002000200020002000200020002000200
020002000200020002000200020002000200020002000200020002000200
020002000200020002000200020002000200020002000200020002000200
020002000200020002000200020002000200020002000200020002000200
020002000200020002000200020002000200020002000200020002000200
020002000200020002000200020002000200020002000200020002000200
020002000200020002000200020002000200020002000200020002000200
020002000200020002000200020002000200020002000200020002000200
020002000200020002000200020002000200020002000200020002000200
020002000200020002000200020002000200020002000200020002000200
020002000200020002000200020002000200020002000200020002000200
020002000200020002000200020002000200020002000200020002000200
020002000200020002000200020002000200020002000200020002000200
020002000200020002000200020002000200020002000200020002000200
020002000200020002000200020002000200020002000200020002000200
020002000200020002000200020002000200020002000200020002000200
020002000200020002000200020002000200020002000200020002000200
020002000200020002000200020002000200020002000200020002000200
020002000200020002000200020002000200020002000200020002000200
020002000200020002000200020002000200020002000200020002000200
020002000200020002000200020002000200020002000200020002000200
020002000200020002000200020002000200020002000200020002000200
020002000200020002000200020002000200020002000200020002000200
020002000200020002000200020002000200020002000200020002000200
020002000200020002000200020002000200020002000200020002000200
020002000200020002000200020002000200020002000200020002000200
020002000200020002000200020002000200020002000200020002000200
020002000200020002000200020002000200020002000200020002000200
020002000200020002000200020002000200020002000200020002000200
020002000200020002000200020002000200020002000200020002000200
020002000200020002000200020002000200020002000200020002000200
020002000200020002000200020002000200020002000200020002000200
020002000200020002000200020002000200020002000200020002000200
020002000200020002000200020002000200020002000200020002000200
020002000200020002000200020002000200020002000200020002000200
020002000200020002000200020002000200020002000200020002000200
020002000200020002000200020002000200020002000200020002000200
020002000200020002000200020002000200020002000200020002000200
020002000200020002000200020002000200020002000200020002000200
020002000200020002000200020002000200020002000200020002000200
020002000200020002000200020002000200020002000200020002000200
020002000200020002000200020002000200020002000200020002000200
020002000200020002000200020002000200020002000200020002000200
020002000200020002000200020002000200020002000200020002000200
020002000200020002000200020002000200020002000200020002000200
020002000200020002000200020002000200020002000200020002000200
020002000200020002000200020002000200020002000200020002000200
020002000200020002000200020002000200020002000200020002000200
020002000200020002000200020002000200020002000200020002000200
020002000200020002000200020002000200020002000200020002000200
020002000200020002000200020002000200020002000200020002000200
020002000200020002000200020002000200020002000200020002000200
020002000200020002000200020002000200020002000200020002000200
020002000200020002000200020002000200020002000200020002000200
020002000200020002000200020002000200020002000200020002000200
020002000200020002000200020002000200020002000200020002000200
020002000200020002000200020002000200020002000200020002000200
020002000200020002000200020002000200020002000200020002000200
020002000200020002000200020002000200020002000200020002000200
020002000200020002000200020002000200020002000200020002000200
020002000200020002000200020002000200020002000200020002000200
020002000200020002000200020002000200020002000200020002000200
020002000200020002000200020002000200020002000200020002000200
020002000200020002000200020002000200020002000200020002000200
020002000200020002000200020002000200020002000200020002000200
020002000200020002000200020002000200020002000200020002000200
020002000200020002000200020002000200020002000200020002000200
020002000200020002000200020002000200020002000200020002000200
020002000200020002000200020002000200020002000200020002000200
020002000200020002000200020002000200020002000200020002000200
020002000200020002000200020002000200020002000200020002000200
020002000200020002000200020002000200020002000200020002000200
020002000200020002000200020002000200020002000200020002000200
020002000200020002000200020002000200020002000200020002000200
020002000200020002000200020002000200020002000200020002000200
020002000200020002000200020002000200020002000200020002000200
020002000200020002000200020002000200020002000200020002000200
020002000200020002000200020002000200020002000200020002000200
020002000200020002000200020002000200020002000200020002000200
020002000200020002000200020002000200020002000200020002000200
020002000200020002000200020002000200020002000200020002000200
020002000200020002000200020002000200020002000200020002000200
020002000200020002000200020002000200020002000200020002000200
020002000200020002000200020002000200020002000200020002000200
020002000200020002000200020002000200020002000200020002000200
020002000200020002000200020002000200020002000200020002000200
020002000200020002000200020002000200020002000200020002000200
020002000200020002000200020002000200020002000200020002000200
020002000200020002000200020002000200020002000200020002000200
020002000200020002000200020002000200020002000200020002000200
020002000200020002000200020002000200020002000200020002000200
020002000200020002000200020002000200020002000200020002000200
020002000200020002000200020002000200020002000200020002000200
020002000200020002000200020002000200020002000200020002000200
020002000200020002000200020002000200020002000200020002000200
020002000200020002000200020002000200020002000200020002000200
020002000200020002000200020002000200020002000200020002000200
020002000200020002000200020002000200020002000200020002000200
020002000200020002000200020002000200020002000200020002000200
020002000200020002000200020002000200020002000200020002000200
020002000200020002000200020002000200020002000200020002000200
020002000200020002000200020002000200020002000200020002000200
020002000200020002000200020002000200020002000200020002000200
020002000200020002000200020002000200020002000200020002000200
020002000200020002000200020002000200020002000200020002000200
020002000200020002000200020002000200020002000200020002000200
020002000200020002000200020002000200020002000200020002000200
020002000200020002000200020002000200020002000200020002000200
020002000200020002000200020002000200020002000200020002000200
020002000200020002000200020002000200020002000200020002000200
020002000200020002000200020002000200020002000200020002000200
020002000200020002000200020002000200020002000200020002000200
020002000200020002000200020002000200020002000200020002000200
020002000200020002000200020002000200020002000200020002000200
020002000200020002000200020002000200020002000200020002000200
020002000200020002000200020002000200020002000200020002000200
020002000200020002000200020002000200020002000200020002000200
020002000200020002000200020002000200020002000200020002000200
020002000200020002000200020002000200020002000200020002000200
020002000200020002000200020002000200020002000200020002000200
020002000200020002000200020002000200020002000200020002000200
020002000200020002000200020002000200020002000200020002000200
020002000200020002000200020002000200020002000200020002000200
020002000200020002000200020002000200020002000200020002000200
020002000200020002000200020002000200020002000200020002000200
020002000200020002000200020002000200020002000200020002000200
020002000200020002000200020002000200020002000200020002000200
020002000200020002000200020002000200020002000200020002000200
020002000200020002000200020002000200020002000200020002000200
020002000200020002000200020002000200020002000200020002000200
020002000200020002000200020002000200020002000200020002000200
020002000200020002000200020002000200020002000200020002000200
020002000200020002000200020002000200020002000200020002000200
020002000200020002000200020002000200020002000200020002000200
020002000200020002000200020002000200020002000200020002000200
020002000200020002000200020002000200020002000200020002000200
020002000200020002000200020002000200020002000200020002000200
020002000200020002000200020002000200020002000200020002000200
020002000200020002000200020002000200020002000200020002000200
020002000200020002000200020002000200020002000200020002000200
020002000200020002000200020002000200020002000200020002000200
020002000200020002000200020002000200020002000200020002000200
020002000200020002000200020002000200020002000200020002000200
020002000200020002000200020002000200020002000200020002000200
020002000200020002000200020002000200020002000200020002000200
020002000200020002000200020002000200020002000200020002000200
020002000200020002000200020002000200020002000200020002000200
020002000200020002000200020002000200020002000200020002000200
020002000200020002000200020002000200020002000200020002000200
020002000200020002000200020002000200020002000200020002000200
020002000200020002000200020002000200020002000200020002000200
020002000200020002000200020002000200020002000200020002000200
020002000200020002000200020002000200020002000200020002000200
020002000200020002000200020002000200020002000200020002000200
020002000200020002000200020002000200020002000200020002000200
020002000200020002000200020002000200020002000200020002000200
020002000200020002000200020002000200020002000200020002000200
020002000200020002000200020002000200020002000200020002000200
020002000200020002000200020002000200020002000200020002000200
020002000200020002000200020002000200020002000200020002000200
020002000200020002000200020002000200020002000200020002000200
020002000200020002000200020002000200020002000200020002000200
020002000200020002000200020002000200020002000200020002000200
020002000200020002000200020002000200020002000200020002000200
020002000200020002000200020002000200020002000200020002000200
020002000200020002000200020002000200020002000200020002000200
020002000200020002000200020002000200020002000200020002000200
020002000200020002000200020002000200020002000200020002000200
020002000200020002000200020002000200020002000200020002000200
020002000200020002000200020002000200020002000200020002000200
020002000200020002000200020002000200020002000200020002000200
020002000200020002000200020002000200020002000200020002000200
020002000200020002000200020002000200020002000200020002000200
020002000200020002000200020002000200020002000200020002000200
020002000200020002000200020002000200020002000200020002000200
020002000200020002000200020002000200020002000200020002000200
020002000200020002000200020002000200020002000200020002000200
020002000200020002000200020002000200020002000200020002000200
020002000200020002000200020002000200020002000200020002000200
020002000200020002000200020002000200020002000200020002000200
020002000200020002000200020002000200020002000200020002000200
020002000200020002000200020002000200020002000200020002000200
020002000200020002000200020002000200020002000200020002000200
020002000200020002000200020002000200020002000200020002000200
020002000200020002000200020002000200020002000200020002000200
020002000200020002000200020002000200020002000200020002000200
020002000200020002000200020002000200020002000200020002000200
020002000200020002000200020002000200020002000200020002000200
020002000200020002000200020002000200020002000200020002000200
020002000200020002000200020002000200020002000200020002000200
020002000200020002000200020002000200020002000200020002000200
020002000200020002000200020002000200020002000200020002000200
020002000200020002000200020002000200020002000200020002000200
020002000200020002000200020002000200020002000200020002000200
020002000200020002000200020002000200020002000200020002000200
020002000200020002000200020002000200020002000200020002000200
020002000200020002000200020002000200020002000200020002000200
020002000200020002000200020002000200020002000200020002000200
020002000200020002000200020002000200020002000200020002000200
020002000200020002000200020002000200020002000200020002000200
020002000200020002000200020002000200020002000200020002000200
020002000200020002000200020002000200020002000200020002000200
020002000200020002000200020002000200020002000200020002000200
020002000200020002000200020002000200020002000200020002000200
020002000200020002000200020002000200020002000200020002000200
020002000200020002000200020002000200020002000200020002000200
020002000200020002000200020002000200020002000200020002000200
020002000200020002000200020002000200020002000200020002000200
020002000200020002000200020002000200020002000200020002000200
020002000200020002000200020002000200020002000200020002000200
020002000200020002000200020002000200020002000200020002000200
020002000200020002000200020002000200020002000200020002000200
020002000200020002000200020002000200020002000200020002000200
020002000200020002000200020002000200020002000200020002000200
020002000200020002000200020002000200020002000200020002000200
020002000200020002000200020002000200020002000200020002000200
020002000200020002000200020002000200020002000200020002000200
020002000200020002000200020002000200020002000200020002000200
020002000200020002000200020002000200020002000200020002000200
020002000200020002000200020002000200020002000200020002000200
020002000200020002000200020002000200020002000200020002000200
020002000200020002000200020002000200020002000200020002000200
020002000200020002000200020002000200020002000200020002000200
020002000200020002000200020002000200020002000200020002000200
020002000200020002000200020002000200020002000200020002000200
020002000200020002000200020002000200020002000200020002000200
020002000200020002000200020002000200020002000200020002000200
020002000200020002000200020002000200020002000200020002000200
020002000200020002000200020002000200020002000200020002000200
020002000200020002000200020002000200020002000200020002000200
020002000200020002000200020002000200020002000200020002000200
020002000200020002000200020002000200020002000200020002000200
020002000200020002000200020002000200020002000200020002000200
020002000200020002000200020002000200020002000200020002000200
020002000200020002000200020002000200020002000200020002000200
020002000200020002000200020002000200020002000200020002000200
020002000200020002000200020002000200020002000200020002000200
020002000200020002000200020002000200020002000200020002000200
020002000200020002000200020002000200020002000200020002000200
020002000200020002000200020002000200020002000200020002000200
020002000200020002000200020002000200020002000200020002000200
020002000200020002000200020002000200020002000200020002000200
020002000200020002000200020002000200020002000200020002000200
020002000200020002000200020002000200020002000200020002000200
020002000200020002000200020002000200020002000200020002000200
020002000200020002000200020002000200020002000200020002000200
020002000200020002000200020002000200020002000200020002000200
020002000200020002000200020002000200020002000200020002000200
020002000200020002000200020002000200020002000200020002000200
020002000200020002000200020002000200020002000200020002000200
020002000200020002000200020002000200020002000200020002000200
020002000200020002000200020002000200020002000200020002000200
020002000200020002000200020002000200020002000200020002000200
020002000200020002000200020002000200020002000200020002000200
020002000200020002000200020002000200020002000200020002000200
020002000200020002000200020002000200020002000200020002000200
020002000200020002000200020002000200020002000200020002000200
020002000200020002000200020002000200020002000200020002000200
020002000200020002000200020002000200020002000200020002000200
020002000200020002000200020002000200020002000200020002000200
020002000200020002000200020002000200020002000200020002000200
020002000200020002000200020002000200020002000200020002000200
020002000200020002000200020002000200020002000200020002000200
020002000200020002000200020002000200020002000200020002000200
020002000200020002000200020002000200020002000200020002000200
020002000200020002000200020002000200020002000200020002000200
020002000200020002000200020002000200020002000200020002000200
020002000200020002000200020002000200020002000200020002000200
020002000200020002000200020002000200020002000200020002000200
020002000200020002000200020002000200020002000200020002000200
020002000200020002000200020002000200020002000200020002000200
020002000200020002000200020002000200020002000200020002000200
020002000200020002000200020002000200020002000200020002000200
020002000200020002000200020002000200020002000200020002000200
020002000200020002000200020002000200020002000200020002000200
020002000200020002000200020002000200020002000200020002000200
020002000200020002000200020002000200020002000200020002000200
020002000200020002000200020002000200020002000200020002000200
020002000200020002000200020002000200020002000200020002000200
020002000200020002000200020002000200020002000200020002000200
020002000200020002000200020002000200020002000200020002000200
020002000200020002000200020002000200020002000200020002000200
020002000200020002000200020002000200020002000200020002000200
020002000200020002000200020002000200020002000200020002000200
020002000200020002000200020002000200020002000200020002000200
020002000200020002000200020002000200020002000200020002000200
020002000200020002000200020002000200020002000200020002000200
020002000200020002000200020002000200020002000200020002000200
020002000200020002000200020002000200020002000200020002000200
020002000200020002000200020002000200020002000200020002000200
020002000200020002000200020002000200020002000200020002000200
020002000200020002000200020002000200020002000200020002000200
020002000200020002000200020002000200020002000200020002000200
020002000200020002000200020002000200020002000200020002000200
020002000200020002000200020002000200020002000200020002000200
020002000200020002000200020002000200020002000200020002000200
020002000200020002000200020002000200020002000200020002000200
020002000200020002000200020002000200020002000200020002000200
020002000200020002000200020002000200020002000200020002000200
020002000200020002000200020002000200020002000200020002000200
020002000200020002000200020002000200020002000200020002000200
020002000200020002000200020002000200020002000200020002000200
020002000200020002000200020002000200020002000200020002000200
020002000200020002000200020002000200020002000200020002000200
020002000200020002000200020002000200020002000200020002000200
020002000200020002000200020002000200020002000200020002000200
020002000200020002000200020002000200020002000200020002000200
020002000200020002000200020002000200020002000200020002000200
020002000200020002000200020002000200020002000200020002000200
020002000200020002000200020002000200020002000200020002000200
020002000200020002000200020002000200020002000200020002000200
020002000200020002000200020002000200020002000200020002000200
020002000200020002000200020002000200020002000200020002000200
020002000200020002000200020002000200020002000200020002000200
020002000200020002000200020002000200020002000200020002000200
020002000200020002000200020002000200020002000200020002000200
020002000200020002000200020002000200020002000200020002000200
020002000200020002000200020002000200020002000200020002000200
020002000200020002000200020002000200020002000200020002000200
020002000200020002000200020002000200020002000200020002000200
020002000200020002000200020002000200020002000200020002000200
020002000200020002000200020002000200020002000200020002000200
020002000200020002000200020002000200020002000200020002000200
020002000200020002000200020002000200020002000200020002000200
020002000200020002000200020002000200020002000200020002000200
020002000200020002000200020002000200020002000200020002000200
020002000200020002000200020002000200020002000200020002000200
020002000200020002000200020002000200020002000200020002000200
020002000200020002000200020002000200020002000200020002000200
020002000200020002000200020002000200020002000200020002000200
020002000200020002000200020002000200020002000200020002000200
020002000200020002000200020002000200020002000200020002000200
020002000200020002000200020002000200020002000200020002000200
020002000200020002000200020002000200020002000200020002000200
020002000200020002000200020002000200020002000200020002000200
020002000200020002000200020002000200020002000200020002000200
020002000200020002000200020002000200020002000200020002000200
020002000200020002000200020002000200020002000200020002000200
020002000200020002000200020002000200020002000200020002000200
020002000200020002000200020002000200020002000200020002000200
020002000200020002000200020002000200020002000200020002000200
020002000200020002000200020002000200020002000200020002000200
020002000200020002000200020002000200020002000200020002000200
020002000200020002000200020002000200020002000200020002000200
020002000200020002000200020002000200020002000200020002000200
020002000200020002000200020002000200020002000200020002000200
020002000200020002000200020002000200020002000200020002000200
020002000200020002000200020002000200020002000200020002000200
020002000200020002000200020002000200020002000200020002000200
020002000200020002000200020002000200020002000200020002000200
020002000200020002000200020002000200020002000200020002000200
020002000200020002000200020002000200020002000200020002000200
020002000200020002000200020002000200020002000200020002000200
020002000200020002000200020002000200020002000200020002000200
020002000200020002000200020002000200020002000200020002000200
020002000200020002000200020002000200020002000200020002000200
020002000200020002000200020002000200020002000200020002000200
020002000200020002000200020002000200020002000200020002000200
020002000200020002000200020002000200020002000200020002000200
020002000200020002000200020002000200020002000200020002000200
020002000200020002000200020002000200020002000200020002000200
020002000200020002000200020002000200020002000200020002000200
020002000200020002000200020002000200020002000200020002000200
020002000200020002000200020002000200020002000200020002000200
020002000200020002000200020002000200020002000200020002000200
020002000200020002000200020002000200020002000200020002000200
020002000200020002000200020002000200020002000200020002000200
020002000200020002000200020002000200020002000200020002000200
020002000200020002000200020002000200020002000200020002000200
020002000200020002000200020002000200020002000200020002000200
020002000200020002000200020002000200020002000200020002000200
020002000200020002000200020002000200020002000200020002000200
020002000200020002000200020002000200020002000200020002000200
020002000200020002000200020002000200020002000200020002000200
020002000200020002000200020002000200020002000200020002000200
020002000200020002000200020002000200020002000200020002000200
020002000200020002000200020002000200020002000200020002000200
020002000200020002000200020002000200020002000200020002000200
020002000200020002000200020002000200020002000200020002000200
020002000200020002000200020002000200020002000200020002000200
020002000200020002000200020002000200020002000200020002000200
020002000200020002000200020002000200020002000200020002000200
020002000200020002000200020002000200020002000200020002000200
020002000200020002000200020002000200020002000200020002000200
020002000200020002000200020002000200020002000200020002000200
020002000200020002000200020002000200020002000200020002000200
020002000200020002000200020002000200020002000200020002000200
020002000200020002000200020002000200020002000200020002000200
020002000200020002000200020002000200020002000200020002000200
020002000200020002000200020002000200020002000200020002000200
020002000200020002000200020002000200020002000200020002000200
020002000200020002000200020002000200020002000200020002000200
020002000200020002000200020002000200020002000200020002000200
020002000200020002000200020002000200020002000200020002000200
020002000200020002000200020002000200020002000200020002000200
020002000200020002000200020002000200020002000200020002000200
020002000200020002000200020002000200020002000200020002000200
020002000200020002000200020002000200020002000200020002000200
020002000200020002000200020002000200020002000200020002000200
020002000200020002000200020002000200020002000200020002000200
020002000200020002000200020002000200020002000200020002000200
020002000200020002000200020002000200020002000200020002000200
020002000200020002000200020002000200020002000200020002000200
020002000200020002000200020002000200020002000200020002000200
020002000200020002000200020002000200020002000200020002000200
020002000200020002000200020002000200020002000200020002000200
020002000200020002000200020002000200020002000200020002000200
020002000200020002000200020002000200020002000200020002000200
020002000200020002000200020002000200020002000200020002000200
020002000200020002000200020002000200020002000200020002000200
020002000200020002000200020002000200020002000200020002000200
020002000200020002000200020002000200020002000200020002000200
020002000200020002000200020002000200020002000200020002000200
020002000200020002000200020002000200020002000200020002000200
020002000200020002000200020002000200020002000200020002000200
020002000200020002000200020002000200020002000200020002000200
020002000200020002000200020002000200020002000200020002000200
020002000200020002000200020002000200020002000200020002000200
020002000200020002000200020002000200020002000200020002000200
020002000200020002000200020002000200020002000200020002000200
020002000200020002000200020002000200020002000200020002000200
020002000200020002000200020002000200020002000200020002000200
020002000200020002000200020002000200020002000200020002000200
020002000200020002000200020002000200020002000200020002000200
020002000200020002000200020002000200020002000200020002000200
020002000200020002000200020002000200020002000200020002000200
020002000200020002000200020002000200020002000200020002000200
020002000200020002000200020002000200020002000200020002000200
020002000200020002000200020002000200020002000200020002000200
020002000200020002000200020002000200020002000200020002000200
020002000200020002000200020002000200020002000200020002000200
020002000200020002000200020002000200020002000200020002000200
020002000200020002000200020002000200020002000200020002000200
020002000200020002000200020002000200020002000200020002000200
020002000200020002000200020002000200020002000200020002000200
020002000200020002000200020002000200020002000200020002000200
020002000200020002000200020002000200020002000200020002000200
020002000200020002000200020002000200020002000200020002000200
020002000200020002000200020002000200020002000200020002000200
020002000200020002000200020002000200020002000200020002000200
020002000200020002000200020002000200020002000200020002000200
020002000200020002000200020002000200020002000200020002000200
020002000200020002000200020002000200020002000200020002000200
020002000200020002000200020002000200020002000200020002000200
020002000200020002000200020002000200020002000200020002000200
020002000200020002000200020002000200020002000200020002000200
020002000200020002000200020002000200020002000200020002000200
020002000200020002000200020002000200020002000200020002000200
020002000200020002000200020002000200020002000200020002000200
020002000200020002000200020002000200020002000200020002000200
020002000200020002000200020002000200020002000200020002000200
020002000200020002000200020002000200020002000200020002000200
020002000200020002000200020002000200020002000200020002000200
020002000200020002000200020002000200020002000200020002000200
020002000200020002000200020002000200020002000200020002000200
020002000200020002000200020002000200020002000200020002000200
020002000200020002000200020002000200020002000200020002000200
020002000200020002000200020002000200020002000200020002000200
020002000200020002000200020002000200020002000200020002000200
020002000200020002000200020002000200020002000200020002000200
020002000200020002000200020002000200020002000200020002000200
020002000200020002000200020002000200020002000200020002000200
020002000200020002000200020002000200020002000200020002000200
020002000200020002000200020002000200020002000200020002000200
020002000200020002000200020002000200020002000200020002000200
020002000200020002000200020002000200020002000200020002000200
020002000200020002000200020002000200020002000200020002000200
020002000200020002000200020002000200020002000200020002000200
020002000200020002000200020002000200020002000200020002000200
020002000200020002000200020002000200020002000200020002000200
020002000200020002000200020002000200020002000200020002000200
020002000200020002000200020002000200020002000200020002000200
020002000200020002000200020002000200020002000200020002000200
020002000200020002000200020002000200020002000200020002000200
020002000200020002000200020002000200020002000200020002000200
020002000200020002000200020002000200020002000200020002000200
020002000200020002000200020002000200020002000200020002000200
020002000200020002000200020002000200020002000200020002000200
020002000200020002000200020002000200020002000200020002000200
020002000200020002000200020002000200020002000200020002000200
020002000200020002000200020002000200020002000200020002000200
020002000200020002000200020002000200020002000200020002000200
020002000200020002000200020002000200020002000200020002000200
020002000200020002000200020002000200020002000200020002000200
020002000200020002000200020002000200020002000200020002000200
020002000200020002000200020002000200020002000200020002000200
020002000200020002000200020002000200020002000200020002000200
020002000200020002000200020002000200020002000200020002000200
020002000200020002000200020002000200020002000200020002000200
020002000200020002000200020002000200020002000200020002000200
020002000200020002000200020002000200020002000200020002000200
020002000200020002000200020002000200020002000200020002000200
020002000200020002000200020002000200020002000200020002000200
020002000200020002000200020002000200020002000200020002000200
020002000200020002000200020002000200020002000200020002000200
020002000200020002000200020002000200020002000200020002000200
020002000200020002000200020002000200020002000200020002000200
020002000200020002000200020002000200020002000200020002000200
020002000200020002000200020002000200020002000200020002000200
020002000200020002000200020002000200020002000200020002000200
020002000200020002000200020002000200020002000200020002000200
020002000200020002000200020002000200020002000200020002000200
020002000200020002000200020002000200020002000200020002000200
020002000200020002000200020002000200020002000200020002000200
020002000200020002000200020002000200020002000200020002000200
020002000200020002000200020002000200020002000200020002000200
020002000200020002000200020002000200020002000200020002000200
020002000200020002000200020002000200020002000200020002000200
020002000200020002000200020002000200020002000200020002000200
020002000200020002000200020002000200020002000200020002000200
020002000200020002000200020002000200020002000200020002000200
020002000200020002000200020002000200020002000200020002000200
020002000200020002000200020002000200020002000200020002000200
020002000200020002000200020002000200020002000200020002000200
020002000200020002000200020002000200020002000200020002000200
020002000200020002000200020002000200020002000200020002000200
020002000200020002000200020002000200020002000200020002000200
020002000200020002000200020002000200020002000200020002000200
020002000200020002000200020002000200020002000200020002000200
020002000200020002000200020002000200020002000200020002000200
020002000200020002000200020002000200020002000200020002000200
020002000200020002000200020002000200020002000200020002000200
020002000200020002000200020002000200020002000200020002000200
020002000200020002000200020002000200020002000200020002000200
020002000200020002000200020002000200020002000200020002000200
020002000200020002000200020002000200020002000200020002000200
020002000200020002000200020002000200020002000200020002000200
020002000200020002000200020002000200020002000200020002000200
020002000200020002000200020002000200020002000200020002000200
020002000200020002000200020002000200020002000200020002000200
020002000200020002000200020002000200020002000200020002000200
020002000200020002000200020002000200020002000200020002000200
020002000200020002000200020002000200020002000200020002000200
020002000200020002000200020002000200020002000200020002000200
020002000200020002000200020002000200020002000200020002000200
020002000200020002000200020002000200020002000200020002000200
020002000200020002000200020002000200020002000200020002000200
020002000200020002000200020002000200020002000200020002000200
020002000200020002000200020002000200020002000200020002000200
020002000200020002000200020002000200020002000200020002000200
020002000200020002000200020002000200020002000200020002000200
020002000200020002000200020002000200020002000200020002000200
020002000200020002000200020002000200020002000200020002000200
020002000200020002000200020002000200020002000200020002000200
020002000200020002000200020002000200020002000200020002000200
020002000200020002000200020002000200020002000200020002000200
020002000200020002000200020002000200020002000200020002000200
020002000200020002000200020002000200020002000200020002000200
020002000200020002000200020002000200020002000200020002000200
020002000200020002000200020002000200020002000200020002000200
020002000200020002000200020002000200020002000200020002000200
020002000200020002000200020002000200020002000200020002000200
020002000200020002000200020002000200020002000200020002000200
020002000200020002000200020002000200020002000200020002000200
020002000200020002000200020002000200020002000200020002000200
020002000200020002000200020002000200020002000200020002000200
020002000200020002000200020002000200020002000200020002000200
020002000200020002000200020002000200020002000200020002000200
020002000200020002000200020002000200020002000200020002000200
020002000200020002000200020002000200020002000200020002000200
020002000200020002000200020002000200020002000200020002000200
020002000200020002000200020002000200020002000200020002000200
020002000200020002000200020002000200020002000200020002000200
020002000200020002000200020002000200020002000200020002000200
020002000200020002000200020002000200020002000200020002000200
020002000200020002000200020002000200020002000200020002000200
020002000200020002000200020002000200020002000200020002000200
020002000200020002000200020002000200020002000200020002000200
020002000200020002000200020002000200020002000200020002000200
020002000200020002000200020002000200020002000200020002000200
020002000200020002000200020002000200020002000200020002000200
020002000200020002000200020002000200020002000200020002000200
020002000200020002000200020002000200020002000200020002000200
020002000200020002000200020002000200020002000200020002000200
020002000200020002000200020002000200020002000200020002000200
020002000200020002000200020002000200020002000200020002000200
020002000200020002000200020002000200020002000200020002000200
020002000200020002000200020002000200020002000200020002000200
020002000200020002000200020002000200020002000200020002000200
020002000200020002000200020002000200020002000200020002000200
020002000200020002000200020002000200020002000200020002000200
020002000200020002000200020002000200020002000200020002000200
020002000200020002000200020002000200020002000200020002000200
020002000200020002000200020002000200020002000200020002000200
020002000200020002000200020002000200020002000200020002000200
020002000200020002000200020002000200020002000200020002000200
020002000200020002000200020002000200020002000200020002000200
020002000200020002000200020002000200020002000200020002000200
020002000200020002000200020002000200020002000200020002000200
020002000200020002000200020002000200020002000200020002000200
020002000200020002000200020002000200020002000200020002000200
020002000200020002000200020002000200020002000200020002000200
020002000200020002000200020002000200020002000200020002000200
020002000200020002000200020002000200020002000200020002000200
020002000200020002000200020002000200020002000200020002000200
020002000200020002000200020002000200020002000200020002000200
020002000200020002000200020002000200020002000200020002000200
020002000200020002000200020002000200020002000200020002000200
020002000200020002000200020002000200020002000200020002000200
020002000200020002000200020002000200020002000200020002000200
020002000200020002000200020002000200020002000200020002000200
020002000200020002000200020002000200020002000200020002000200
020002000200020002000200020002000200020002000200020002000200
020002000200020002000200020002000200020002000200020002000200
020002000200020002000200020002000200020002000200020002000200
020002000200020002000200020002000200020002000200020002000200
020002000200020002000200020002000200020002000200020002000200
020002000200020002000200020002000200020002000200020002000200
020002000200020002000200020002000200020002000200020002000200
020002000200020002000200020002000200020002000200020002000200
020002000200020002000200020002000200020002000200020002000200
020002000200020002000200020002000200020002000200020002000200
020002000200020002000200020002000200020002000200020002000200
020002000200020002000200020002000200020002000200020002000200
020002000200020002000200020002000200020002000200020002000200
020002000200020002000200020002000200020002000200020002000200
020002000200020002000200020002000200020002000200020002000200
020002000200020002000200020002000200020002000200020002000200
020002000200020002000200020002000200020002000200020002000200
020002000200020002000200020002000200020002000200020002000200
020002000200020002000200020002000200020002000200020002000200
020002000200020002000200020002000200020002000200020002000200
020002000200020002000200020002000200020002000200020002000200
020002000200020002000200020002000200020002000200020002000200
020002000200020002000200020002000200020002000200020002000200
020002000200020002000200020002000200020002000200020002000200
020002000200020002000200020002000200020002000200020002000200
020002000200020002000200020002000200020002000200020002000200
020002000200020002000200020002000200020002000200020002000200
020002000200020002000200020002000200020002000200020002000200
020002000200020002000200020002000200020002000200020002000200
020002000200020002000200020002000200020002000200020002000200
020002000200020002000200020002000200020002000200020002000200
020002000200020002000200020002000200020002000200020002000200
020002000200020002000200020002000200020002000200020002000200
020002000200020002000200020002000200020002000200020002000200
020002000200020002000200020002000200020002000200020002000200
020002000200020002000200020002000200020002000200020002000200
020002000200020002000200020002000200020002000200020002000200
020002000200020002000200020002000200020002000200020002000200
020002000200020002000200020002000200020002000200020002000200
020002000200020002000200020002000200020002000200020002000200
020002000200020002000200020002000200020002000200020002000200
020002000200020002000200020002000200020002000200020002000200
020002000200020002000200020002000200020002000200020002000200
020002000200020002000200020002000200020002000200020002000200
020002000200020002000200020002000200020002000200020002000200
020002000200020002000200020002000200020002000200020002000200
020002000200020002000200020002000200020002000200020002000200
020002000200020002000200020002000200020002000200020002000200
020002000200020002000200020002000200020002000200020002000200
020002000200020002000200020002000200020002000200020002000200
020002000200020002000200020002000200020002000200020002000200
020002000200020002000200020002000200020002000200020002000200
020002000200020002000200020002000200020002000200020002000200
020002000200020002000200020002000200020002000200020002000200
020002000200020002000200020002000200020002000200020002000200
020002000200020002000200020002000200020002000200020002000200
020002000200020002000200020002000200020002000200020002000200
020002000200020002000200020002000200020002000200020002000200
020002000200020002000200020002000200020002000200020002000200
020002000200020002000200020002000200020002000200020002000200
020002000200020002000200020002000200020002000200020002000200
020002000200020002000200020002000200020002000200020002000200
020002000200020002000200020002000200020002000200020002000200
020002000200020002000200020002000200020002000200020002000200
020002000200020002000200020002000200020002000200020002000200
020002000200020002000200020002000200020002000200020002000200
020002000200020002000200020002000200020002000200020002000200
020002000200020002000200020002000200020002000200020002000200
020002000200020002000200020002000200020002000200020002000200
020002000200020002000200020002000200020002000200020002000200
020002000200020002000200020002000200020002000200020002000200
020002000200020002000200020002000200020002000200020002000200
020002000200020002000200020002000200020002000200020002000200
020002000200020002000200020002000200020002000200020002000200
020002000200020002000200020002000200020002000200020002000200
020002000200020002000200020002000200020002000200020002000200
020002000200020002000200020002000200020002000200020002000200
020002000200020002000200020002000200020002000200020002000200
020002000200020002000200020002000200020002000200020002000200
020002000200020002000200020002000200020002000200020002000200
020002000200020002000200020002000200020002000200020002000200
020002000200020002000200020002000200020002000200020002000200
020002000200020002000200020002000200020002000200020002000200
020002000200020002000200020002000200020002000200020002000200
020002000200020002000200020002000200020002000200020002000200
020002000200020002000200020002000200020002000200020002000200
020002000200020002000200020002000200020002000200020002000200
020002000200020002000200020002000200020002000200020002000200
020002000200020002000200020002000200020002000200020002000200
020002000200020002000200020002000200020002000200020002000200
020002000200020002000200020002000200020002000200020002000200
020002000200020002000200020002000200020002000200020002000200
020002000200020002000200020002000200020002000200020002000200
020002000200020002000200020002000200020002000200020002000200
020002000200020002000200020002000200020002000200020002000200
020002000200020002000200020002000200020002000200020002000200
020002000200020002000200020002000200020002000200020002000200
020002000200020002000200020002000200020002000200020002000200
020002000200020002000200020002000200020002000200020002000200
020002000200020002000200020002000200020002000200020002000200
020002000200020002000200020002000200020002000200020002000200
020002000200020002000200020002000200020002000200020002000200
020002000200020002000200020002000200020002000200020002000200
020002000200020002000200020002000200020002000200020002000200
020002000200020002000200020002000200020002000200020002000200
020002000200020002000200020002000200020002000200020002000200
020002000200020002000200020002000200020002000200020002000200
020002000200020002000200020002000200020002000200020002000200
020002000200020002000200020002000200020002000200020002000200
020002000200020002000200020002000200020002000200020002000200
020002000200020002000200020002000200020002000200020002000200
020002000200020002000200020002000200020002000200020002000200
020002000200020002000200020002000200020002000200020002000200
020002000200020002000200020002000200020002000200020002000200
020002000200020002000200020002000200020002000200020002000200
020002000200020002000200020002000200020002000200020002000200
020002000200020002000200020002000200020002000200020002000200
020002000200020002000200020002000200020002000200020002000200
020002000200020002000200020002000200020002000200020002000200
020002000200020002000200020002000200020002000200020002000200
020002000200020002000200020002000200020002000200020002000200
020002000200020002000200020002000200020002000200020002000200
020002000200020002000200020002000200020002000200020002000200
020002000200020002000200020002000200020002000200020002000200
020002000200020002000200020002000200020002000200020002000200
020002000200020002000200020002000200020002000200020002000200
020002000200020002000200020002000200020002000200020002000200
020002000200020002000200020002000200020002000200020002000200
020002000200020002000200020002000200020002000200020002000200
020002000200020002000200020002000200020002000200020002000200
020002000200020002000200020002000200020002000200020002000200
020002000200020002000200020002000200020002000200020002000200
020002000200020002000200020002000200020002000200020002000200
020002000200020002000200020002000200020002000200020002000200
020002000200020002000200020002000200020002000200020002000200
020002000200020002000200020002000200020002000200020002000200
020002000200020002000200020002000200020002000200020002000200
020002000200020002000200020002000200020002000200020002000200
020002000200020002000200020002000200020002000200020002000200
020002000200020002000200020002000200020002000200020002000200
020002000200020002000200020002000200020002000200020002000200
020002000200020002000200020002000200020002000200020002000200
020002000200020002000200020002000200020002000200020002000200
020002000200020002000200020002000200020002000200020002000200
020002000200020002000200020002000200020002000200020002000200
020002000200020002000200020002000200020002000200020002000200
020002000200020002000200020002000200020002000200020002000200
020002000200020002000200020002000200020002000200020002000200
020002000200020002000200020002000200020002000200020002000200
020002000200020002000200020002000200020002000200020002000200
020002000200020002000200020002000200020002000200020002000200
020002000200020002000200020002000200020002000200020002000200
020002000200020002000200020002000200020002000200020002000200
020002000200020002000200020002000200020002000200020002000200
020002000200020002000200020002000200020002000200020002000200
020002000200020002000200020002000200020002000200020002000200
020002000200020002000200020002000200020002000200020002000200
020002000200020002000200020002000200020002000200020002000200
020002000200020002000200020002000200020002000200020002000200
020002000200020002000200020002000200020002000200020002000200
020002000200020002000200020002000200020002000200020002000200
020002000200020002000200020002000200020002000200020002000200
020002000200020002000200020002000200020002000200020002000200
020002000200020002000200020002000200020002000200020002000200
020002000200020002000200020002000200020002000200020002000200
020002000200020002000200020002000200020002000200020002000200
020002000200020002000200020002000200020002000200020002000200
020002000200020002000200020002000200020002000200020002000200
020002000200020002000200020002000200020002000200020002000200
020002000200020002000200020002000200020002000200020002000200
020002000200020002000200020002000200020002000200020002000200
020002000200020002000200020002000200020002000200020002000200
020002000200020002000200020002000200020002000200020002000200
020002000200020002000200020002000200020002000200020002000200
020002000200020002000200020002000200020002000200020002000200
020002000200020002000200020002000200020002000200020002000200
020002000200020002000200020002000200020002000200020002000200
020002000200020002000200020002000200020002000200020002000200
020002000200020002000200020002000200020002000200020002000200
020002000200020002000200020002000200020002000200020002000200
020002000200020002000200020002000200020002000200020002000200
020002000200020002000200020002000200020002000200020002000200
020002000200020002000200020002000200020002000200020002000200
020002000200020002000200020002000200020002000200020002000200
020002000200020002000200020002000200020002000200020002000200
020002000200020002000200020002000200020002000200020002000200
020002000200020002000200020002000200020002000200020002000200
020002000200020002000200020002000200020002000200020002000200
020002000200020002000200020002000200020002000200020002000200
020002000200020002000200020002000200020002000200020002000200
020002000200020002000200020002000200020002000200020002000200
020002000200020002000200020002000200020002000200020002000200
020002000200020002000200020002000200020002000200020002000200
020002000200020002000200020002000200020002000200020002000200
020002000200020002000200020002000200020002000200020002000200
020002000200020002000200020002000200020002000200020002000200
020002000200020002000200020002000200020002000200020002000200
020002000200020002000200020002000200020002000200020002000200
020002000200020002000200020002000200020002000200020002000200
020002000200020002000200020002000200020002000200020002000200
020002000200020002000200020002000200020002000200020002000200
020002000200020002000200020002000200020002000200020002000200
020002000200020002000200020002000200020002000200020002000200
020002000200020002000200020002000200020002000200020002000200
020002000200020002000200020002000200020002000200020002000200
020002000200020002000200020002000200020002000200020002000200
020002000200020002000200020002000200020002000200020002000200
020002000200020002000200020002000200020002000200020002000200
020002000200020002000200020002000200020002000200020002000200
020002000200020002000200020002000200020002000200020002000200
020002000200020002000200020002000200020002000200020002000200
020002000200020002000200020002000200020002000200020002000200
020002000200020002000200020002000200020002000200020002000200
020002000200020002000200020002000200020002000200020002000200
020002000200020002000200020002000200020002000200020002000200
020002000200020002000200020002000200020002000200020002000200
020002000200020002000200020002000200020002000200020002000200
020002000200020002000200020002000200020002000200020002000200
020002000200020002000200020002000200020002000200020002000200
020002000200020002000200020002000200020002000200020002000200
020002000200020002000200020002000200020002000200020002000200
020002000200020002000200020002000200020002000200020002000200
020002000200020002000200020002000200020002000200020002000200
020002000200020002000200020002000200020002000200020002000200
020002000200020002000200020002000200020002000200020002000200
020002000200020002000200020002000200020002000200020002000200
020002000200020002000200020002000200020002000200020002000200
020002000200020002000200020002000200020002000200020002000200
020002000200020002000200020002000200020002000200020002000200
020002000200020002000200020002000200020002000200020002000200
020002000200020002000200020002000200020002000200020002000200
020002000200020002000200020002000200020002000200020002000200
020002000200020002000200020002000200020002000200020002000200
020002000200020002000200020002000200020002000200020002000200
020002000200020002000200020002000200020002000200020002000200
020002000200020002000200020002000200020002000200020002000200
020002000200020002000200020002000200020002000200020002000200
020002000200020002000200020002000200020002000200020002000200
020002000200020002000200020002000200020002000200020002000200
020002000200020002000200020002000200020002000200020002000200
020002000200020002000200020002000200020002000200020002000200
020002000200020002000200020002000200020002000200020002000200
020002000200020002000200020002000200020002000200020002000200
020002000200020002000200020002000200020002000200020002000200
020002000200020002000200020002000200020002000200020002000200
020002000200020002000200020002000200020002000200020002000200
020002000200020002000200020002000200020002000200020002000200
020002000200020002000200020002000200020002000200020002000200
020002000200020002000200020002000200020002000200020002000200
020002000200020002000200020002000200020002000200020002000200
020002000200020002000200020002000200020002000200020002000200
020002000200020002000200020002000200020002000200020002000200
020002000200020002000200020002000200020002000200020002000200
020002000200020002000200020002000200020002000200020002000200
020002000200020002000200020002000200020002000200020002000200
020002000200020002000200020002000200020002000200020002000200
020002000200020002000200020002000200020002000200020002000200
020002000200020002000200020002000200020002000200020002000200
020002000200020002000200020002000200020002000200020002000200
020002000200020002000200020002000200020002000200020002000200
020002000200020002000200020002000200020002000200020002000200
020002000200020002000200020002000200020002000200020002000200
020002000200020002000200020002000200020002000200020002000200
020002000200020002000200020002000200020002000200020002000200
020002000200020002000200020002000200020002000200020002000200
020002000200020002000200020002000200020002000200020002000200
020002000200020002000200020002000200020002000200020002000200
020002000200020002000200020002000200020002000200020002000200
020002000200020002000200020002000200020002000200020002000200
020002000200020002000200020002000200020002000200020002000200
020002000200020002000200020002000200020002000200020002000200
020002000200020002000200020002000200020002000200020002000200
020002000200020002000200020002000200020002000200020002000200
020002000200020002000200020002000200020002000200020002000200
020002000200020002000200020002000200020002000200020002000200
020002000200020002000200020002000200020002000200020002000200
020002000200020002000200020002000200020002000200020002000200
020002000200020002000200020002000200020002000200020002000200
020002000200020002000200020002000200020002000200020002000200
020002000200020002000200020002000200020002000200020002000200
020002000200020002000200020002000200020002000200020002000200
020002000200020002000200020002000200020002000200020002000200
020002000200020002000200020002000200020002000200020002000200
020002000200020002000200020002000200020002000200020002000200
020002000200020002000200020002000200020002000200020002000200
020002000200020002000200020002000200020002000200020002000200
020002000200020002000200020002000200020002000200020002000200
020002000200020002000200020002000200020002000200020002000200
020002000200020002000200020002000200020002000200020002000200
020002000200020002000200020002000200020002000200020002000200
020002000200020002000200020002000200020002000200020002000200
020002000200020002000200020002000200020002000200020002000200
020002000200020002000200020002000200020002000200020002000200
020002000200020002000200020002000200020002000200020002000200
020002000200020002000200020002000200020002000200020002000200
020002000200020002000200020002000200020002000200020002000200
020002000200020002000200020002000200020002000200020002000200
020002000200020002000200020002000200020002000200020002000200
020002000200020002000200020002000200020002000200020002000200
020002000200020002000200020002000200020002000200020002000200
020002000200020002000200020002000200020002000200020002000200
020002000200020002000200020002000200020002000200020002000200
020002000200020002000200020002000200020002000200020002000200
020002000200020002000200020002000200020002000200020002000200
020002000200020002000200020002000200020002000200020002000200
020002000200020002000200020002000200020002000200020002000200
020002000200020002000200020002000200020002000200020002000200
020002000200020002000200020002000200020002000200020002000200
020002000200020002000200020002000200020002000200020002000200
020002000200020002000200020002000200020002000200020002000200
020002000200020002000200020002000200020002000200020002000200
020002000200020002000200020002000200020002000200020002000200
020002000200020002000200020002000200020002000200020002000200
020002000200020002000200020002000200020002000200020002000200
020002000200020002000200020002000200020002000200020002000200
020002000200020002000200020002000200020002000200020002000200
020002000200020002000200020002000200020002000200020002000200
020002000200020002000200020002000200020002000200020002000200
020002000200020002000200020002000200020002000200020002000200
020002000200020002000200020002000200020002000200020002000200
020002000200020002000200020002000200020002000200020002000200
020002000200020002000200020002000200020002000200020002000200
020002000200020002000200020002000200020002000200020002000200
020002000200020002000200020002000200020002000200020002000200
020002000200020002000200020002000200020002000200020002000200
020002000200020002000200020002000200020002000200020002000200
020002000200020002000200020002000200020002000200020002000200
020002000200020002000200020002000200020002000200020002000200
020002000200020002000200020002000200020002000200020002000200
020002000200020002000200020002000200020002000200020002000200
020002000200020002000200020002000200020002000200020002000200
020002000200020002000200020002000200020002000200020002000200
020002000200020002000200020002000200020002000200020002000200
020002000200020002000200020002000200020002000200020002000200
020002000200020002000200020002000200020002000200020002000200
020002000200020002000200020002000200020002000200020002000200
020002000200020002000200020002000200020002000200020002000200
020002000200020002000200020002000200020002000200020002000200
020002000200020002000200020002000200020002000200020002000200
020002000200020002000200020002000200020002000200020002000200
020002000200020002000200020002000200020002000200020002000200
020002000200020002000200020002000200020002000200020002000200
020002000200020002000200020002000200020002000200020002000200
020002000200020002000200020002000200020002000200020002000200
020002000200020002000200020002000200020002000200020002000200
020002000200020002000200020002000200020002000200020002000200
020002000200020002000200020002000200020002000200020002000200
020002000200020002000200020002000200020002000200020002000200
020002000200020002000200020002000200020002000200020002000200
020002000200020002000200020002000200020002000200020002000200
020002000200020002000200020002000200020002000200020002000200
020002000200020002000200020002000200020002000200020002000200
020002000200020002000200020002000200020002000200020002000200
020002000200020002000200020002000200020002000200020002000200
020002000200020002000200020002000200020002000200020002000200
020002000200020002000200020002000200020002000200020002000200
020002000200020002000200020002000200020002000200020002000200
020002000200020002000200020002000200020002000200020002000200
020002000200020002000200020002000200020002000200020002000200
020002000200020002000200020002000200020002000200020002000200
020002000200020002000200020002000200020002000200020002000200
020002000200020002000200020002000200020002000200020002000200
020002000200020002000200020002000200020002000200020002000200
020002000200020002000200020002000200020002000200020002000200
020002000200020002000200020002000200020002000200020002000200
020002000200020002000200020002000200020002000200020002000200
020002000200020002000200020002000200020002000200020002000200
020002000200020002000200020002000200020002000200020002000200
020002000200020002000200020002000200020002000200020002000200
020002000200020002000200020002000200020002000200020002000200
020002000200020002000200020002000200020002000200020002000200
020002000200020002000200020002000200020002000200020002000200
020002000200020002000200020002000200020002000200020002000200
020002000200020002000200020002000200020002000200020002000200
020002000200020002000200020002000200020002000200020002000200
020002000200020002000200020002000200020002000200020002000200
020002000200020002000200020002000200020002000200020002000200
020002000200020002000200020002000200020002000200020002000200
020002000200020002000200020002000200020002000200020002000200
020002000200020002000200020002000200020002000200020002000200
020002000200020002000200020002000200020002000200020002000200
020002000200020002000200020002000200020002000200020002000200
020002000200020002000200020002000200020002000200020002000200
020002000200020002000200020002000200020002000200020002000200
020002000200020002000200020002000200020002000200020002000200
020002000200020002000200020002000200020002000200020002000200
020002000200020002000200020002000200020002000200020002000200
020002000200020002000200020002000200020002000200020002000200
020002000200020002000200020002000200020002000200020002000200
020002000200020002000200020002000200020002000200020002000200
020002000200020002000200020002000200020002000200020002000200
020002000200020002000200020002000200020002000200020002000200
020002000200020002000200020002000200020002000200020002000200
020002000200020002000200020002000200020002000200020002000200
020002000200020002000200020002000200020002000200020002000200
020002000200020002000200020002000200020002000200020002000200
020002000200020002000200020002000200020002000200020002000200
020002000200020002000200020002000200020002000200020002000200
020002000200020002000200020002000200020002000200020002000200
020002000200020002000200020002000200020002000200020002000200
020002000200020002000200020002000200020002000200020002000200
020002000200020002000200020002000200020002000200020002000200
020002000200020002000200020002000200020002000200020002000200
020002000200020002000200020002000200020002000200020002000200
020002000200020002000200020002000200020002000200020002000200
020002000200020002000200020002000200020002000200020002000200
020002000200020002000200020002000200020002000200020002000200
020002000200020002000200020002000200020002000200020002000200
020002000200020002000200020002000200020002000200020002000200
020002000200020002000200020002000200020002000200020002000200
020002000200020002000200020002000200020002000200020002000200
020002000200020002000200020002000200020002000200020002000200
020002000200020002000200020002000200020002000200020002000200
020002000200020002000200020002000200020002000200020002000200
020002000200020002000200020002000200020002000200020002000200
020002000200020002000200020002000200020002000200020002000200
020002000200020002000200020002000200020002000200020002000200
020002000200020002000200020002000200020002000200020002000200
020002000200020002000200020002000200020002000200020002000200
020002000200020002000200020002000200020002000200020002000200
020002000200020002000200020002000200020002000200020002000200
020002000200020002000200020002000200020002000200020002000200
020002000200020002000200020002000200020002000200020002000200
020002000200020002000200020002000200020002000200020002000200
020002000200020002000200020002000200020002000200020002000200
020002000200020002000200020002000200020002000200020002000200
020002000200020002000200020002000200020002000200020002000200
020002000200020002000200020002000200020002000200020002000200
020002000200020002000200020002000200020002000200020002000200
020002000200020002000200020002000200020002000200020002000200
020002000200020002000200020002000200020002000200020002000200
020002000200020002000200020002000200020002000200020002000200
020002000200020002000200020002000200020002000200020002000200
020002000200020002000200020002000200020002000200020002000200
020002000200020002000200020002000200020002000200020002000200
020002000200020002000200020002000200020002000200020002000200
020002000200020002000200020002000200020002000200020002000200
020002000200020002000200020002000200020002000200020002000200
020002000200020002000200020002000200020002000200020002000200
020002000200020002000200020002000200020002000200020002000200
020002000200020002000200020002000200020002000200020002000200
020002000200020002000200020002000200020002000200020002000200
020002000200020002000200020002000200020002000200020002000200
020002000200020002000200020002000200020002000200020002000200
020002000200020002000200020002000200020002000200020002000200
020002000200020002000200020002000200020002000200020002000200
020002000200020002000200020002000200020002000200020002000200
020002000200020002000200020002000200020002000200020002000200
020002000200020002000200020002000200020002000200020002000200
020002000200020002000200020002000200020002000200020002000200
020002000200020002000200020002000200020002000200020002000200
020002000200020002000200020002000200020002000200020002000200
020002000200020002000200020002000200020002000200020002000200
020002000200020002000200020002000200020002000200020002000200
020002000200020002000200020002000200020002000200020002000200
020002000200020002000200020002000200020002000200020002000200
020002000200020002000200020002000200020002000200020002000200
020002000200020002000200020002000200020002000200020002000200
020002000200020002000200020002000200020002000200020002000200
020002000200020002000200020002000200020002000200020002000200
020002000200020002000200020002000200020002000200020002000200
020002000200020002000200020002000200020002000200020002000200
020002000200020002000200020002000200020002000200020002000200
020002000200020002000200020002000200020002000200020002000200
020002000200020002000200020002000200020002000200020002000200
020002000200020002000200020002000200020002000200020002000200
020002000200020002000200020002000200020002000200020002000200
020002000200020002000200020002000200020002000200020002000200
020002000200020002000200020002000200020002000200020002000200
020002000200020002000200020002000200020002000200020002000200
020002000200020002000200020002000200020002000200020002000200
020002000200020002000200020002000200020002000200020002000200
020002000200020002000200020002000200020002000200020002000200
020002000200020002000200020002000200020002000200020002000200
020002000200020002000200020002000200020002000200020002000200
020002000200020002000200020002000200020002000200020002000200
020002000200020002000200020002000200020002000200020002000200
020002000200020002000200020002000200020002000200020002000200
020002000200020002000200020002000200020002000200020002000200
020002000200020002000200020002000200020002000200020002000200
020002000200020002000200020002000200020002000200020002000200
020002000200020002000200020002000200020002000200020002000200
020002000200020002000200020002000200020002000200020002000200
020002000200020002000200020002000200020002000200020002000200
020002000200020002000200020002000200020002000200020002000200
020002000200020002000200020002000200020002000200020002000200
020002000200020002000200020002000200020002000200020002000200
020002000200020002000200020002000200020002000200020002000200
020002000200020002000200020002000200020002000200020002000200
020002000200020002000200020002000200020002000200020002000200
020002000200020002000200020002000200020002000200020002000200
020002000200020002000200020002000200020002000200020002000200
020002000200020002000200020002000200020002000200020002000200
020002000200020002000200020002000200020002000200020002000200
020002000200020002000200020002000200020002000200020002000200
020002000200020002000200020002000200020002000200020002000200
020002000200020002000200020002000200020002000200020002000200
020002000200020002000200020002000200020002000200020002000200
020002000200020002000200020002000200020002000200020002000200
020002000200020002000200020002000200020002000200020002000200
020002000200020002000200020002000200020002000200020002000200
020002000200020002000200020002000200020002000200020002000200
020002000200020002000200020002000200020002000200020002000200
020002000200020002000200020002000200020002000200020002000200
020002000200020002000200020002000200020002000200020002000200
020002000200020002000200020002000200020002000200020002000200
020002000200020002000200020002000200020002000200020002000200
020002000200020002000200020002000200020002000200020002000200
020002000200020002000200020002000200020002000200020002000200
020002000200020002000200020002000200020002000200020002000200
020002000200020002000200020002000200020002000200020002000200
020002000200020002000200020002000200020002000200020002000200
020002000200020002000200020002000200020002000200020002000200
020002000200020002000200020002000200020002000200020002000200
020002000200020002000200020002000200020002000200020002000200
020002000200020002000200020002000200020002000200020002000200
020002000200020002000200020002000200020002000200020002000200
020002000200020002000200020002000200020002000200020002000200
020002000200020002000200020002000200020002000200020002000200
020002000200020002000200020002000200020002000200020002000200
020002000200020002000200020002000200020002000200020002000200
020002000200020002000200020002000200020002000200020002000200
020002000200020002000200020002000200020002000200020002000200
020002000200020002000200020002000200020002000200020002000200
020002000200020002000200020002000200020002000200020002000200
020002000200020002000200020002000200020002000200020002000200
020002000200020002000200020002000200020002000200020002000200
020002000200020002000200020002000200020002000200020002000200
020002000200020002000200020002000200020002000200020002000200
020002000200020002000200020002000200020002000200020002000200
020002000200020002000200020002000200020002000200020002000200
020002000200020002000200020002000200020002000200020002000200
020002000200020002000200020002000200020002000200020002000200
020002000200020002000200020002000200020002000200020002000200
020002000200020002000200020002000200020002000200020002000200
020002000200020002000200020002000200020002000200020002000200
020002000200020002000200020002000200020002000200020002000200
020002000200020002000200020002000200020002000200020002000200
020002000200020002000200020002000200020002000200020002000200
020002000200020002000200020002000200020002000200020002000200
020002000200020002000200020002000200020002000200020002000200
020002000200020002000200020002000200020002000200020002000200
020002000200020002000200020002000200020002000200020002000200
020002000200020002000200020002000200020002000200020002000200
020002000200020002000200020002000200020002000200020002000200
020002000200020002000200020002000200020002000200020002000200
020002000200020002000200020002000200020002000200020002000200
020002000200020002000200020002000200020002000200020002000200
020002000200020002000200020002000200020002000200020002000200
020002000200020002000200020002000200020002000200020002000200
020002000200020002000200020002000200020002000200020002000200
020002000200020002000200020002000200020002000200020002000200
020002000200020002000200020002000200020002000200020002000200
020002000200020002000200020002000200020002000200020002000200
020002000200020002000200020002000200020002000200020002000200
020002000200020002000200020002000200020002000200020002000200
020002000200020002000200020002000200020002000200020002000200
020002000200020002000200020002000200020002000200020002000200
020002000200020002000200020002000200020002000200020002000200
020002000200020002000200020002000200020002000200020002000200
020002000200020002000200020002000200020002000200020002000200
020002000200020002000200020002000200020002000200020002000200
020002000200020002000200020002000200020002000200020002000200
020002000200020002000200020002000200020002000200020002000200
020002000200020002000200020002000200020002000200020002000200
020002000200020002000200020002000200020002000200020002000200
020002000200020002000200020002000200020002000200020002000200
020002000200020002000200020002000200020002000200020002000200
020002000200020002000200020002000200020002000200020002000200
020002000200020002000200020002000200020002000200020002000200
020002000200020002000200020002000200020002000200020002000200
020002000200020002000200020002000200020002000200020002000200
020002000200020002000200020002000200020002000200020002000200
020002000200020002000200020002000200020002000200020002000200
020002000200020002000200020002000200020002000200020002000200
020002000200020002000200020002000200020002000200020002000200
020002000200020002000200020002000200020002000200020002000200
020002000200020002000200020002000200020002000200020002000200
020002000200020002000200020002000200020002000200020002000200
020002000200020002000200020002000200020002000200020002000200
020002000200020002000200020002000200020002000200020002000200
020002000200020002000200020002000200020002000200020002000200
020002000200020002000200020002000200020002000200020002000200
020002000200020002000200020002000200020002000200020002000200
020002000200020002000200020002000200020002000200020002000200
020002000200020002000200020002000200020002000200020002000200
020002000200020002000200020002000200020002000200020002000200
020002000200020002000200020002000200020002000200020002000200
020002000200020002000200020002000200020002000200020002000200
020002000200020002000200020002000200020002000200020002000200
020002000200020002000200020002000200020002000200020002000200
020002000200020002000200020002000200020002000200020002000200
020002000200020002000200020002000200020002000200020002000200
020002000200020002000200020002000200020002000200020002000200
020002000200020002000200020002000200020002000200020002000200
020002000200020002000200020002000200020002000200020002000200
020002000200020002000200020002000200020002000200020002000200
020002000200020002000200020002000200020002000200020002000200
020002000200020002000200020002000200020002000200020002000200
020002000200020002000200020002000200020002000200020002000200
020002000200020002000200020002000200020002000200020002000200
020002000200020002000200020002000200020002000200020002000200
020002000200020002000200020002000200020002000200020002000200
020002000200020002000200020002000200020002000200020002000200
020002000200020002000200020002000200020002000200020002000200
020002000200020002000200020002000200020002000200020002000200
020002000200020002000200020002000200020002000200020002000200
020002000200020002000200020002000200020002000200020002000200
020002000200020002000200020002000200020002000200020002000200
020002000200020002000200020002000200020002000200020002000200
020002000200020002000200020002000200020002000200020002000200
020002000200020002000200020002000200020002000200020002000200
020002000200020002000200020002000200020002000200020002000200
020002000200020002000200020002000200020002000200020002000200
020002000200020002000200020002000200020002000200020002000200
020002000200020002000200020002000200020002000200020002000200
020002000200020002000200020002000200020002000200020002000200
020002000200020002000200020002000200020002000200020002000200
020002000200020002000200020002000200020002000200020002000200
020002000200020002000200020002000200020002000200020002000200
020002000200020002000200020002000200020002000200020002000200
020002000200020002000200020002000200020002000200020002000200
020002000200020002000200020002000200020002000200020002000200
020002000200020002000200020002000200020002000200020002000200
020002000200020002000200020002000200020002000200020002000200
020002000200020002000200020002000200020002000200020002000200
020002000200020002000200020002000200020002000200020002000200
020002000200020002000200020002000200020002000200020002000200
020002000200020002000200020002000200020002000200020002000200
020002000200020002000200020002000200020002000200020002000200
020002000200020002000200020002000200020002000200020002000200
020002000200020002000200020002000200020002000200020002000200
020002000200020002000200020002000200020002000200020002000200
020002000200020002000200020002000200020002000200020002000200
020002000200020002000200020002000200020002000200020002000200
020002000200020002000200020002000200020002000200020002000200
020002000200020002000200020002000200020002000200020002000200
020002000200020002000200020002000200020002000200020002000200
020002000200020002000200020002000200020002000200020002000200
020002000200020002000200020002000200020002000200020002000200
020002000200020002000200020002000200020002000200020002000200
020002000200020002000200020002000200020002000200020002000200
020002000200020002000200020002000200020002000200020002000200
020002000200020002000200020002000200020002000200020002000200
020002000200020002000200020002000200020002000200020002000200
020002000200020002000200020002000200020002000200020002000200
020002000200020002000200020002000200020002000200020002000200
020002000200020002000200020002000200020002000200020002000200
020002000200020002000200020002000200020002000200020002000200
020002000200020002000200020002000200020002000200020002000200
020002000200020002000200020002000200020002000200020002000200
020002000200020002000200020002000200020002000200020002000200
020002000200020002000200020002000200020002000200020002000200
020002000200020002000200020002000200020002000200020002000200
020002000200020002000200020002000200020002000200020002000200
020002000200020002000200020002000200020002000200020002000200
020002000200020002000200020002000200020002000200020002000200
020002000200020002000200020002000200020002000200020002000200
020002000200020002000200020002000200020002000200020002000200
020002000200020002000200020002000200020002000200020002000200
020002000200020002000200020002000200020002000200020002000200
020002000200020002000200020002000200020002000200020002000200
020002000200020002000200020002000200020002000200020002000200
020002000200020002000200020002000200020002000200020002000200
020002000200020002000200020002000200020002000200020002000200
020002000200020002000200020002000200020002000200020002000200
020002000200020002000200020002000200020002000200020002000200
020002000200020002000200020002000200020002000200020002000200
020002000200020002000200020002000200020002000200020002000200
020002000200020002000200020002000200020002000200020002000200
020002000200020002000200020002000200020002000200020002000200
020002000200020002000200020002000200020002000200020002000200
020002000200020002000200020002000200020002000200020002000200
020002000200020002000200020002000200020002000200020002000200
020002000200020002000200020002000200020002000200020002000200
020002000200020002000200020002000200020002000200020002000200
020002000200020002000200020002000200020002000200020002000200
020002000200020002000200020002000200020002000200020002000200
020002000200020002000200020002000200020002000200020002000200
020002000200020002000200020002000200020002000200020002000200
020002000200020002000200020002000200020002000200020002000200
020002000200020002000200020002000200020002000200020002000200
020002000200020002000200020002000200020002000200020002000200
020002000200020002000200020002000200020002000200020002000200
020002000200020002000200020002000200020002000200020002000200
020002000200020002000200020002000200020002000200020002000200
020002000200020002000200020002000200020002000200020002000200
020002000200020002000200020002000200020002000200020002000200
020002000200020002000200020002000200020002000200020002000200
020002000200020002000200020002000200020002000200020002000200
020002000200020002000200020002000200020002000200020002000200
020002000200020002000200020002000200020002000200020002000200
020002000200020002000200020002000200020002000200020002000200
020002000200020002000200020002000200020002000200020002000200
020002000200020002000200020002000200020002000200020002000200
020002000200020002000200020002000200020002000200020002000200
020002000200020002000200020002000200020002000200020002000200
020002000200020002000200020002000200020002000200020002000200
020002000200020002000200020002000200020002000200020002000200
020002000200020002000200020002000200020002000200020002000200
020002000200020002000200020002000200020002000200020002000200
020002000200020002000200020002000200020002000200020002000200
020002000200020002000200020002000200020002000200020002000200
020002000200020002000200020002000200020002000200020002000200
020002000200020002000200020002000200020002000200020002000200
020002000200020002000200020002000200020002000200020002000200
020002000200020002000200020002000200020002000200020002000200
020002000200020002000200020002000200020002000200020002000200
020002000200020002000200020002000200020002000200020002000200
020002000200020002000200020002000200020002000200020002000200
020002000200020002000200020002000200020002000200020002000200
020002000200020002000200020002000200020002000200020002000200
020002000200020002000200020002000200020002000200020002000200
020002000200020002000200020002000200020002000200020002000200
020002000200020002000200020002000200020002000200020002000200
020002000200020002000200020002000200020002000200020002000200
020002000200020002000200020002000200020002000200020002000200
020002000200020002000200020002000200020002000200020002000200
020002000200020002000200020002000200020002000200020002000200
020002000200020002000200020002000200020002000200020002000200
020002000200020002000200020002000200020002000200020002000200
020002000200020002000200020002000200020002000200020002000200
020002000200020002000200020002000200020002000200020002000200
020002000200020002000200020002000200020002000200020002000200
020002000200020002000200020002000200020002000200020002000200
020002000200020002000200020002000200020002000200020002000200
020002000200020002000200020002000200020002000200020002000200
020002000200020002000200020002000200020002000200020002000200
020002000200020002000200020002000200020002000200020002000200
020002000200020002000200020002000200020002000200020002000200
020002000200020002000200020002000200020002000200020002000200
020002000200020002000200020002000200020002000200020002000200
020002000200020002000200020002000200020002000200020002000200
020002000200020002000200020002000200020002000200020002000200
020002000200020002000200020002000200020002000200020002000200
020002000200020002000200020002000200020002000200020002000200
020002000200020002000200020002000200020002000200020002000200
020002000200020002000200020002000200020002000200020002000200
020002000200020002000200020002000200020002000200020002000200
020002000200020002000200020002000200020002000200020002000200
020002000200020002000200020002000200020002000200020002000200
020002000200020002000200020002000200020002000200020002000200
020002000200020002000200020002000200020002000200020002000200
020002000200020002000200020002000200020002000200020002000200
020002000200020002000200020002000200020002000200020002000200
020002000200020002000200020002000200020002000200020002000200
020002000200020002000200020002000200020002000200020002000200
020002000200020002000200020002000200020002000200020002000200
020002000200020002000200020002000200020002000200020002000200
020002000200020002000200020002000200020002000200020002000200
020002000200020002000200020002000200020002000200020002000200
020002000200020002000200020002000200020002000200020002000200
020002000200020002000200020002000200020002000200020002000200
020002000200020002000200020002000200020002000200020002000200
020002000200020002000200020002000200020002000200020002000200
020002000200020002000200020002000200020002000200020002000200
020002000200020002000200020002000200020002000200020002000200
020002000200020002000200020002000200020002000200020002000200
020002000200020002000200020002000200020002000200020002000200
020002000200020002000200020002000200020002000200020002000200
020002000200020002000200020002000200020002000200020002000200
020002000200020002000200020002000200020002000200020002000200
020002000200020002000200020002000200020002000200020002000200
020002000200020002000200020002000200020002000200020002000200
020002000200020002000200020002000200020002000200020002000200
020002000200020002000200020002000200020002000200020002000200
020002000200020002000200020002000200020002000200020002000200
020002000200020002000200020002000200020002000200020002000200
020002000200020002000200020002000200020002000200020002000200
020002000200020002000200020002000200020002000200020002000200
020002000200020002000200020002000200020002000200020002000200
020002000200020002000200020002000200020002000200020002000200
020002000200020002000200020002000200020002000200020002000200
020002000200020002000200020002000200020002000200020002000200
020002000200020002000200020002000200020002000200020002000200
020002000200020002000200020002000200020002000200020002000200
020002000200020002000200020002000200020002000200020002000200
020002000200020002000200020002000200020002000200020002000200
020002000200020002000200020002000200020002000200020002000200
020002000200020002000200020002000200020002000200020002000200
020002000200020002000200020002000200020002000200020002000200
020002000200020002000200020002000200020002000200020002000200
020002000200020002000200020002000200020002000200020002000200
020002000200020002000200020002000200020002000200020002000200
020002000200020002000200020002000200020002000200020002000200
020002000200020002000200020002000200020002000200020002000200
020002000200020002000200020002000200020002000200020002000200
020002000200020002000200020002000200020002000200020002000200
020002000200020002000200020002000200020002000200020002000200
020002000200020002000200020002000200020002000200020002000200
020002000200020002000200020002000200020002000200020002000200
020002000200020002000200020002000200020002000200020002000200
020002000200020002000200020002000200020002000200020002000200
020002000200020002000200020002000200020002000200020002000200
020002000200020002000200020002000200020002000200020002000200
020002000200020002000200020002000200020002000200020002000200
020002000200020002000200020002000200020002000200020002000200
020002000200020002000200020002000200020002000200020002000200
020002000200020002000200020002000200020002000200020002000200
020002000200020002000200020002000200020002000200020002000200
020002000200020002000200020002000200020002000200020002000200
020002000200020002000200020002000200020002000200020002000200
020002000200020002000200020002000200020002000200020002000200
020002000200020002000200020002000200020002000200020002000200
020002000200020002000200020002000200020002000200020002000200
020002000200020002000200020002000200020002000200020002000200
020002000200020002000200020002000200020002000200020002000200
020002000200020002000200020002000200020002000200020002000200
020002000200020002000200020002000200020002000200020002000200
020002000200020002000200020002000200020002000200020002000200
020002000200020002000200020002000200020002000200020002000200
020002000200020002000200020002000200020002000200020002000200
020002000200020002000200020002000200020002000200020002000200
020002000200020002000200020002000200020002000200020002000200
020002000200020002000200020002000200020002000200020002000200
020002000200020002000200020002000200020002000200020002000200
020002000200020002000200020002000200020002000200020002000200
020002000200020002000200020002000200020002000200020002000200
020002000200020002000200020002000200020002000200020002000200
020002000200020002000200020002000200020002000200020002000200
020002000200020002000200020002000200020002000200020002000200
020002000200020002000200020002000200020002000200020002000200
020002000200020002000200020002000200020002000200020002000200
020002000200020002000200020002000200020002000200020002000200
020002000200020002000200020002000200020002000200020002000200
020002000200020002000200020002000200020002000200020002000200
020002000200020002000200020002000200020002000200020002000200
020002000200020002000200020002000200020002000200020002000200
020002000200020002000200020002000200020002000200020002000200
020002000200020002000200020002000200020002000200020002000200
020002000200020002000200020002000200020002000200020002000200
020002000200020002000200020002000200020002000200020002000200
020002000200020002000200020002000200020002000200020002000200
020002000200020002000200020002000200020002000200020002000200
020002000200020002000200020002000200020002000200020002000200
020002000200020002000200020002000200020002000200020002000200
020002000200020002000200020002000200020002000200020002000200
020002000200020002000200020002000200020002000200020002000200
020002000200020002000200020002000200020002000200020002000200
020002000200020002000200020002000200020002000200020002000200
020002000200020002000200020002000200020002000200020002000200
020002000200020002000200020002000200020002000200020002000200
020002000200020002000200020002000200020002000200020002000200
020002000200020002000200020002000200020002000200020002000200
020002000200020002000200020002000200020002000200020002000200
020002000200020002000200020002000200020002000200020002000200
020002000200020002000200020002000200020002000200020002000200
020002000200020002000200020002000200020002000200020002000200
020002000200020002000200020002000200020002000200020002000200
020002000200020002000200020002000200020002000200020002000200
020002000200020002000200020002000200020002000200020002000200
020002000200020002000200020002000200020002000200020002000200
020002000200020002000200020002000200020002000200020002000200
020002000200020002000200020002000200020002000200020002000200
020002000200020002000200020002000200020002000200020002000200
020002000200020002000200020002000200020002000200020002000200
020002000200020002000200020002000200020002000200020002000200
020002000200020002000200020002000200020002000200020002000200
020002000200020002000200020002000200020002000200020002000200
020002000200020002000200020002000200020002000200020002000200
020002000200020002000200020002000200020002000200020002000200
020002000200020002000200020002000200020002000200020002000200
020002000200020002000200020002000200020002000200020002000200
020002000200020002000200020002000200020002000200020002000200
020002000200020002000200020002000200020002000200020002000200
020002000200020002000200020002000200020002000200020002000200
020002000200020002000200020002000200020002000200020002000200
020002000200020002000200020002000200020002000200020002000200
020002000200020002000200020002000200020002000200020002000200
020002000200020002000200020002000200020002000200020002000200
020002000200020002000200020002000200020002000200020002000200
020002000200020002000200020002000200020002000200020002000200
020002000200020002000200020002000200020002000200020002000200
020002000200020002000200020002000200020002000200020002000200
020002000200020002000200020002000200020002000200020002000200
020002000200020002000200020002000200020002000200020002000200
020002000200020002000200020002000200020002000200020002000200
020002000200020002000200020002000200020002000200020002000200
020002000200020002000200020002000200020002000200020002000200
020002000200020002000200020002000200020002000200020002000200
020002000200020002000200020002000200020002000200020002000200
020002000200020002000200020002000200020002000200020002000200
020002000200020002000200020002000200020002000200020002000200
020002000200020002000200020002000200020002000200020002000200
020002000200020002000200020002000200020002000200020002000200
020002000200020002000200020002000200020002000200020002000200
020002000200020002000200020002000200020002000200020002000200
020002000200020002000200020002000200020002000200020002000200
020002000200020002000200020002000200020002000200020002000200
020002000200020002000200020002000200020002000200020002000200
020002000200020002000200020002000200020002000200020002000200
020002000200020002000200020002000200020002000200020002000200
020002000200020002000200020002000200020002000200020002000200
020002000200020002000200020002000200020002000200020002000200
020002000200020002000200020002000200020002000200020002000200
020002000200020002000200020002000200020002000200020002000200
020002000200020002000200020002000200020002000200020002000200
020002000200020002000200020002000200020002000200020002000200
020002000200020002000200020002000200020002000200020002000200
020002000200020002000200020002000200020002000200020002000200
020002000200020002000200020002000200020002000200020002000200
020002000200020002000200020002000200020002000200020002000200
020002000200020002000200020002000200020002000200020002000200
020002000200020002000200020002000200020002000200020002000200
020002000200020002000200020002000200020002000200020002000200
020002000200020002000200020002000200020002000200020002000200
020002000200020002000200020002000200020002000200020002000200
020002000200020002000200020002000200020002000200020002000200
020002000200020002000200020002000200020002000200020002000200
020002000200020002000200020002000200020002000200020002000200
020002000200020002000200020002000200020002000200020002000200
020002000200020002000200020002000200020002000200020002000200
020002000200020002000200020002000200020002000200020002000200
020002000200020002000200020002000200020002000200020002000200
020002000200020002000200020002000200020002000200020002000200
020002000200020002000200020002000200020002000200020002000200
020002000200020002000200020002000200020002000200020002000200
020002000200020002000200020002000200020002000200020002000200
020002000200020002000200020002000200020002000200020002000200
020002000200020002000200020002000200020002000200020002000200
020002000200020002000200020002000200020002000200020002000200
020002000200020002000200020002000200020002000200020002000200
020002000200020002000200020002000200020002000200020002000200
020002000200020002000200020002000200020002000200020002000200
020002000200020002000200020002000200020002000200020002000200
020002000200020002000200020002000200020002000200020002000200
020002000200020002000200020002000200020002000200020002000200
020002000200020002000200020002000200020002000200020002000200
020002000200020002000200020002000200020002000200020002000200
020002000200020002000200020002000200020002000200020002000200
020002000200020002000200020002000200020002000200020002000200
020002000200020002000200020002000200020002000200020002000200
020002000200020002000200020002000200020002000200020002000200
020002000200020002000200020002000200020002000200020002000200
020002000200020002000200020002000200020002000200020002000200
020002000200020002000200020002000200020002000200020002000200
020002000200020002000200020002000200020002000200020002000200
020002000200020002000200020002000200020002000200020002000200
020002000200020002000200020002000200020002000200020002000200
020002000200020002000200020002000200020002000200020002000200
020002000200020002000200020002000200020002000200020002000200
020002000200020002000200020002000200020002000200020002000200
020002000200020002000200020002000200020002000200020002000200
020002000200020002000200020002000200020002000200020002000200
020002000200020002000200020002000200020002000200020002000200
020002000200020002000200020002000200020002000200020002000200
020002000200020002000200020002000200020002000200020002000200
020002000200020002000200020002000200020002000200020002000200
020002000200020002000200020002000200020002000200020002000200
020002000200020002000200020002000200020002000200020002000200
020002000200020002000200020002000200020002000200020002000200
020002000200020002000200020002000200020002000200020002000200
020002000200020002000200020002000200020002000200020002000200
020002000200020002000200020002000200020002000200020002000200
020002000200020002000200020002000200020002000200020002000200
020002000200020002000200020002000200020002000200020002000200
020002000200020002000200020002000200020002000200020002000200
020002000200020002000200020002000200020002000200020002000200
020002000200020002000200020002000200020002000200020002000200
020002000200020002000200020002000200020002000200020002000200
020002000200020002000200020002000200020002000200020002000200
020002000200020002000200020002000200020002000200020002000200
020002000200020002000200020002000200020002000200020002000200
020002000200020002000200020002000200020002000200020002000200
020002000200020002000200020002000200020002000200020002000200
020002000200020002000200020002000200020002000200020002000200
020002000200020002000200020002000200020002000200020002000200
020002000200020002000200020002000200020002000200020002000200
020002000200020002000200020002000200020002000200020002000200
020002000200020002000200020002000200020002000200020002000200
020002000200020002000200020002000200020002000200020002000200
020002000200020002000200020002000200020002000200020002000200
020002000200020002000200020002000200020002000200020002000200
020002000200020002000200020002000200020002000200020002000200
020002000200020002000200020002000200020002000200020002000200
020002000200020002000200020002000200020002000200020002000200
020002000200020002000200020002000200020002000200020002000200
020002000200020002000200020002000200020002000200020002000200
020002000200020002000200020002000200020002000200020002000200
020002000200020002000200020002000200020002000200020002000200
020002000200020002000200020002000200020002000200020002000200
020002000200020002000200020002000200020002000200020002000200
020002000200020002000200020002000200020002000200020002000200
020002000200020002000200020002000200020002000200020002000200
020002000200020002000200020002000200020002000200020002000200
020002000200020002000200020002000200020002000200020002000200
020002000200020002000200020002000200020002000200020002000200
020002000200020002000200020002000200020002000200020002000200
020002000200020002000200020002000200020002000200020002000200
020002000200020002000200020002000200020002000200020002000200
020002000200020002000200020002000200020002000200020002000200
020002000200020002000200020002000200020002000200020002000200
020002000200020002000200020002000200020002000200020002000200
020002000200020002000200020002000200020002000200020002000200
020002000200020002000200020002000200020002000200020002000200
020002000200020002000200020002000200020002000200020002000200
020002000200020002000200020002000200020002000200020002000200
020002000200020002000200020002000200020002000200020002000200
020002000200020002000200020002000200020002000200020002000200
020002000200020002000200020002000200020002000200020002000200
020002000200020002000200020002000200020002000200020002000200
020002000200020002000200020002000200020002000200020002000200
020002000200020002000200020002000200020002000200020002000200
020002000200020002000200020002000200020002000200020002000200
020002000200020002000200020002000200020002000200020002000200
020002000200020002000200020002000200020002000200020002000200
020002000200020002000200020002000200020002000200020002000200
020002000200020002000200020002000200020002000200020002000200
020002000200020002000200020002000200020002000200020002000200
020002000200020002000200020002000200020002000200020002000200
020002000200020002000200020002000200020002000200020002000200
020002000200020002000200020002000200020002000200020002000200
020002000200020002000200020002000200020002000200020002000200
020002000200020002000200020002000200020002000200020002000200
020002000200020002000200020002000200020002000200020002000200
020002000200020002000200020002000200020002000200020002000200
020002000200020002000200020002000200020002000200020002000200
020002000200020002000200020002000200020002000200020002000200
020002000200020002000200020002000200020002000200020002000200
020002000200020002000200020002000200020002000200020002000200
020002000200020002000200020002000200020002000200020002000200
020002000200020002000200020002000200020002000200020002000200
020002000200020002000200020002000200020002000200020002000200
020002000200020002000200020002000200020002000200020002000200
020002000200020002000200020002000200020002000200020002000200
020002000200020002000200020002000200020002000200020002000200
020002000200020002000200020002000200020002000200020002000200
020002000200020002000200020002000200020002000200020002000200
020002000200020002000200020002000200020002000200020002000200
020002000200020002000200020002000200020002000200020002000200
020002000200020002000200020002000200020002000200020002000200
020002000200020002000200020002000200020002000200020002000200
020002000200020002000200020002000200020002000200020002000200
020002000200020002000200020002000200020002000200020002000200
020002000200020002000200020002000200020002000200020002000200
020002000200020002000200020002000200020002000200020002000200
020002000200020002000200020002000200020002000200020002000200
020002000200020002000200020002000200020002000200020002000200
020002000200020002000200020002000200020002000200020002000200
020002000200020002000200020002000200020002000200020002000200
020002000200020002000200020002000200020002000200020002000200
020002000200020002000200020002000200020002000200020002000200
020002000200020002000200020002000200020002000200020002000200
020002000200020002000200020002000200020002000200020002000200
020002000200020002000200020002000200020002000200020002000200
020002000200020002000200020002000200020002000200020002000200
020002000200020002000200020002000200020002000200020002000200
020002000200020002000200020002000200020002000200020002000200
020002000200020002000200020002000200020002000200020002000200
020002000200020002000200020002000200020002000200020002000200
020002000200020002000200020002000200020002000200020002000200
020002000200020002000200020002000200020002000200020002000200
020002000200020002000200020002000200020002000200020002000200
020002000200020002000200020002000200020002000200020002000200
020002000200020002000200020002000200020002000200020002000200
020002000200020002000200020002000200020002000200020002000200
020002000200020002000200020002000200020002000200020002000200
020002000200020002000200020002000200020002000200020002000200
020002000200020002000200020002000200020002000200020002000200
020002000200020002000200020002000200020002000200020002000200
020002000200020002000200020002000200020002000200020002000200
020002000200020002000200020002000200020002000200020002000200
020002000200020002000200020002000200020002000200020002000200
020002000200020002000200020002000200020002000200020002000200
020002000200020002000200020002000200020002000200020002000200
020002000200020002000200020002000200020002000200020002000200
020002000200020002000200020002000200020002000200020002000200
020002000200020002000200020002000200020002000200020002000200
020002000200020002000200020002000200020002000200020002000200
020002000200020002000200020002000200020002000200020002000200
020002000200020002000200020002000200020002000200020002000200
020002000200020002000200020002000200020002000200020002000200
020002000200020002000200020002000200020002000200020002000200
020002000200020002000200020002000200020002000200020002000200
020002000200020002000200020002000200020002000200020002000200
020002000200020002000200020002000200020002000200020002000200
020002000200020002000200020002000200020002000200020002000200
020002000200020002000200020002000200020002000200020002000200
020002000200020002000200020002000200020002000200020002000200
020002000200020002000200020002000200020002000200020002000200
020002000200020002000200020002000200020002000200020002000200
020002000200020002000200020002000200020002000200020002000200
020002000200020002000200020002000200020002000200020002000200
020002000200020002000200020002000200020002000200020002000200
020002000200020002000200020002000200020002000200020002000200
020002000200020002000200020002000200020002000200020002000200
020002000200020002000200020002000200020002000200020002000200
020002000200020002000200020002000200020002000200020002000200
020002000200020002000200020002000200020002000200020002000200
020002000200020002000200020002000200020002000200020002000200
020002000200020002000200020002000200020002000200020002000200
020002000200020002000200020002000200020002000200020002000200
020002000200020002000200020002000200020002000200020002000200
020002000200020002000200020002000200020002000200020002000200
020002000200020002000200020002000200020002000200020002000200
020002000200020002000200020002000200020002000200020002000200
020002000200020002000200020002000200020002000200020002000200
020002000200020002000200020002000200020002000200020002000200
020002000200020002000200020002000200020002000200020002000200
020002000200020002000200020002000200020002000200020002000200
020002000200020002000200020002000200020002000200020002000200
020002000200020002000200020002000200020002000200020002000200
020002000200020002000200020002000200020002000200020002000200
020002000200020002000200020002000200020002000200020002000200
020002000200020002000200020002000200020002000200020002000200
020002000200020002000200020002000200020002000200020002000200
020002000200020002000200020002000200020002000200020002000200
020002000200020002000200020002000200020002000200020002000200
020002000200020002000200020002000200020002000200020002000200
020002000200020002000200020002000200020002000200020002000200
020002000200020002000200020002000200020002000200020002000200
020002000200020002000200020002000200020002000200020002000200
020002000200020002000200020002000200020002000200020002000200
020002000200020002000200020002000200020002000200020002000200
020002000200020002000200020002000200020002000200020002000200
020002000200020002000200020002000200020002000200020002000200
020002000200020002000200020002000200020002000200020002000200
020002000200020002000200020002000200020002000200020002000200
020002000200020002000200020002000200020002000200020002000200
020002000200020002000200020002000200020002000200020002000200
020002000200020002000200020002000200020002000200020002000200
020002000200020002000200020002000200020002000200020002000200
020002000200020002000200020002000200020002000200020002000200
020002000200020002000200020002000200020002000200020002000200
020002000200020002000200020002000200020002000200020002000200
020002000200020002000200020002000200020002000200020002000200
020002000200020002000200020002000200020002000200020002000200
020002000200020002000200020002000200020002000200020002000200
020002000200020002000200020002000200020002000200020002000200
020002000200020002000200020002000200020002000200020002000200
020002000200020002000200020002000200020002000200020002000200
020002000200020002000200020002000200020002000200020002000200
020002000200020002000200020002000200020002000200020002000200
020002000200020002000200020002000200020002000200020002000200
020002000200020002000200020002000200020002000200020002000200
020002000200020002000200020002000200020002000200020002000200
020002000200020002000200020002000200020002000200020002000200
020002000200020002000200020002000200020002000200020002000200
020002000200020002000200020002000200020002000200020002000200
020002000200020002000200020002000200020002000200020002000200
020002000200020002000200020002000200020002000200020002000200
020002000200020002000200020002000200020002000200020002000200
020002000200020002000200020002000200020002000200020002000200
020002000200020002000200020002000200020002000200020002000200
020002000200020002000200020002000200020002000200020002000200
020002000200020002000200020002000200020002000200020002000200
020002000200020002000200020002000200020002000200020002000200
020002000200020002000200020002000200020002000200020002000200
020002000200020002000200020002000200020002000200020002000200
020002000200020002000200020002000200020002000200020002000200
020002000200020002000200020002000200020002000200020002000200
020002000200020002000200020002000200020002000200020002000200
020002000200020002000200020002000200020002000200020002000200
020002000200020002000200020002000200020002000200020002000200
020002000200020002000200020002000200020002000200020002000200
020002000200020002000200020002000200020002000200020002000200
020002000200020002000200020002000200020002000200020002000200
020002000200020002000200020002000200020002000200020002000200
020002000200020002000200020002000200020002000200020002000200
020002000200020002000200020002000200020002000200020002000200
020002000200020002000200020002000200020002000200020002000200
020002000200020002000200020002000200020002000200020002000200
020002000200020002000200020002000200020002000200020002000200
020002000200020002000200020002000200020002000200020002000200
020002000200020002000200020002000200020002000200020002000200
020002000200020002000200020002000200020002000200020002000200
020002000200020002000200020002000200020002000200020002000200
020002000200020002000200020002000200020002000200020002000200
020002000200020002000200020002000200020002000200020002000200
020002000200020002000200020002000200020002000200020002000200
020002000200020002000200020002000200020002000200020002000200
020002000200020002000200020002000200020002000200020002000200
020002000200020002000200020002000200020002000200020002000200
020002000200020002000200020002000200020002000200020002000200
020002000200020002000200020002000200020002000200020002000200
020002000200020002000200020002000200020002000200020002000200
020002000200020002000200020002000200020002000200020002000200
020002000200020002000200020002000200020002000200020002000200
020002000200020002000200020002000200020002000200020002000200
020002000200020002000200020002000200020002000200020002000200
020002000200020002000200020002000200020002000200020002000200
020002000200020002000200020002000200020002000200020002000200
020002000200020002000200020002000200020002000200020002000200
020002000200020002000200020002000200020002000200020002000200
020002000200020002000200020002000200020002000200020002000200
020002000200020002000200020002000200020002000200020002000200
020002000200020002000200020002000200020002000200020002000200
020002000200020002000200020002000200020002000200020002000200
020002000200020002000200020002000200020002000200020002000200
020002000200020002000200020002000200020002000200020002000200
020002000200020002000200020002000200020002000200020002000200
020002000200020002000200020002000200020002000200020002000200
020002000200020002000200020002000200020002000200020002000200
020002000200020002000200020002000200020002000200020002000200
020002000200020002000200020002000200020002000200020002000200
020002000200020002000200020002000200020002000200020002000200
020002000200020002000200020002000200020002000200020002000200
020002000200020002000200020002000200020002000200020002000200
020002000200020002000200020002000200020002000200020002000200
020002000200020002000200020002000200020002000200020002000200
020002000200020002000200020002000200020002000200020002000200
020002000200020002000200020002000200020002000200020002000200
020002000200020002000200020002000200020002000200020002000200
020002000200020002000200020002000200020002000200020002000200
020002000200020002000200020002000200020002000200020002000200
020002000200020002000200020002000200020002000200020002000200
020002000200020002000200020002000200020002000200020002000200
020002000200020002000200020002000200020002000200020002000200
020002000200020002000200020002000200020002000200020002000200
020002000200020002000200020002000200020002000200020002000200
020002000200020002000200020002000200020002000200020002000200
020002000200020002000200020002000200020002000200020002000200
020002000200020002000200020002000200020002000200020002000200
020002000200020002000200020002000200020002000200020002000200
020002000200020002000200020002000200020002000200020002000200
020002000200020002000200020002000200020002000200020002000200
020002000200020002000200020002000200020002000200020002000200
020002000200020002000200020002000200020002000200020002000200
020002000200020002000200020002000200020002000200020002000200
020002000200020002000200020002000200020002000200020002000200
020002000200020002000200020002000200020002000200020002000200
020002000200020002000200020002000200020002000200020002000200
020002000200020002000200020002000200020002000200020002000200
020002000200020002000200020002000200020002000200020002000200
020002000200020002000200020002000200020002000200020002000200
020002000200020002000200020002000200020002000200020002000200
020002000200020002000200020002000200020002000200020002000200
020002000200020002000200020002000200020002000200020002000200
020002000200020002000200020002000200020002000200020002000200
020002000200020002000200020002000200020002000200020002000200
020002000200020002000200020002000200020002000200020002000200
020002000200020002000200020002000200020002000200020002000200
020002000200020002000200020002000200020002000200020002000200
020002000200020002000200020002000200020002000200020002000200
020002000200020002000200020002000200020002000200020002000200
020002000200020002000200020002000200020002000200020002000200
020002000200020002000200020002000200020002000200020002000200
020002000200020002000200020002000200020002000200020002000200
020002000200020002000200020002000200020002000200020002000200
020002000200020002000200020002000200020002000200020002000200
020002000200020002000200020002000200020002000200020002000200
020002000200020002000200020002000200020002000200020002000200
020002000200020002000200020002000200020002000200020002000200
020002000200020002000200020002000200020002000200020002000200
020002000200020002000200020002000200020002000200020002000200
020002000200020002000200020002000200020002000200020002000200
020002000200020002000200020002000200020002000200020002000200
020002000200020002000200020002000200020002000200020002000200
020002000200020002000200020002000200020002000200020002000200
020002000200020002000200020002000200020002000200020002000200
020002000200020002000200020002000200020002000200020002000200
020002000200020002000200020002000200020002000200020002000200
020002000200020002000200020002000200020002000200020002000200
020002000200020002000200020002000200020002000200020002000200
020002000200020002000200020002000200020002000200020002000200
020002000200020002000200020002000200020002000200020002000200
020002000200020002000200020002000200020002000200020002000200
020002000200020002000200020002000200020002000200020002000200
020002000200020002000200020002000200020002000200020002000200
020002000200020002000200020002000200020002000200020002000200
020002000200020002000200020002000200020002000200020002000200
020002000200020002000200020002000200020002000200020002000200
020002000200020002000200020002000200020002000200020002000200
020002000200020002000200020002000200020002000200020002000200
020002000200020002000200020002000200020002000200020002000200
020002000200020002000200020002000200020002000200020002000200
020002000200020002000200020002000200020002000200020002000200
020002000200020002000200020002000200020002000200020002000200
020002000200020002000200020002000200020002000200020002000200
020002000200020002000200020002000200020002000200020002000200
020002000200020002000200020002000200020002000200020002000200
020002000200020002000200020002000200020002000200020002000200
020002000200020002000200020002000200020002000200020002000200
020002000200020002000200020002000200020002000200020002000200
020002000200020002000200020002000200020002000200020002000200
020002000200020002000200020002000200020002000200020002000200
020002000200020002000200020002000200020002000200020002000200
020002000200020002000200020002000200020002000200020002000200
020002000200020002000200020002000200020002000200020002000200
020002000200020002000200020002000200020002000200020002000200
020002000200020002000200020002000200020002000200020002000200
020002000200020002000200020002000200020002000200020002000200
020002000200020002000200020002000200020002000200020002000200
020002000200020002000200020002000200020002000200020002000200
020002000200020002000200020002000200020002000200020002000200
020002000200020002000200020002000200020002000200020002000200
020002000200020002000200020002000200020002000200020002000200
020002000200020002000200020002000200020002000200020002000200
020002000200020002000200020002000200020002000200020002000200
020002000200020002000200020002000200020002000200020002000200
020002000200020002000200020002000200020002000200020002000200
020002000200020002000200020002000200020002000200020002000200
020002000200020002000200020002000200020002000200020002000200
020002000200020002000200020002000200020002000200020002000200
020002000200020002000200020002000200020002000200020002000200
020002000200020002000200020002000200020002000200020002000200
020002000200020002000200020002000200020002000200020002000200
020002000200020002000200020002000200020002000200020002000200
020002000200020002000200020002000200020002000200020002000200
020002000200020002000200020002000200020002000200020002000200
020002000200020002000200020002000200020002000200020002000200
020002000200020002000200020002000200020002000200020002000200
020002000200020002000200020002000200020002000200020002000200
020002000200020002000200020002000200020002000200020002000200
020002000200020002000200020002000200020002000200020002000200
020002000200020002000200020002000200020002000200020002000200
020002000200020002000200020002000200020002000200020002000200
020002000200020002000200020002000200020002000200020002000200
020002000200020002000200020002000200020002000200020002000200
020002000200020002000200020002000200020002000200020002000200
020002000200020002000200020002000200020002000200020002000200
020002000200020002000200020002000200020002000200020002000200
020002000200020002000200020002000200020002000200020002000200
020002000200020002000200020002000200020002000200020002000200
020002000200020002000200020002000200020002000200020002000200
020002000200020002000200020002000200020002000200020002000200
020002000200020002000200020002000200020002000200020002000200
020002000200020002000200020002000200020002000200020002000200
020002000200020002000200020002000200020002000200020002000200
020002000200020002000200020002000200020002000200020002000200
020002000200020002000200020002000200020002000200020002000200
020002000200020002000200020002000200020002000200020002000200
020002000200020002000200020002000200020002000200020002000200
020002000200020002000200020002000200020002000200020002000200
020002000200020002000200020002000200020002000200020002000200
020002000200020002000200020002000200020002000200020002000200
020002000200020002000200020002000200020002000200020002000200
020002000200020002000200020002000200020002000200020002000200
020002000200020002000200020002000200020002000200020002000200
020002000200020002000200020002000200020002000200020002000200
020002000200020002000200020002000200020002000200020002000200
020002000200020002000200020002000200020002000200020002000200
020002000200020002000200020002000200020002000200020002000200
020002000200020002000200020002000200020002000200020002000200
020002000200020002000200020002000200020002000200020002000200
020002000200020002000200020002000200020002000200020002000200
020002000200020002000200020002000200020002000200020002000200
020002000200020002000200020002000200020002000200020002000200
020002000200020002000200020002000200020002000200020002000200
020002000200020002000200020002000200020002000200020002000200
020002000200020002000200020002000200020002000200020002000200
020002000200020002000200020002000200020002000200020002000200
020002000200020002000200020002000200020002000200020002000200
020002000200020002000200020002000200020002000200020002000200
020002000200020002000200020002000200020002000200020002000200
020002000200020002000200020002000200020002000200020002000200
020002000200020002000200020002000200020002000200020002000200
020002000200020002000200020002000200020002000200020002000200
020002000200020002000200020002000200020002000200020002000200
020002000200020002000200020002000200020002000200020002000200
020002000200020002000200020002000200020002000200020002000200
020002000200020002000200020002000200020002000200020002000200
020002000200020002000200020002000200020002000200020002000200
020002000200020002000200020002000200020002000200020002000200
020002000200020002000200020002000200020002000200020002000200
020002000200020002000200020002000200020002000200020002000200
020002000200020002000200020002000200020002000200020002000200
020002000200020002000200020002000200020002000200020002000200
020002000200020002000200020002000200020002000200020002000200
020002000200020002000200020002000200020002000200020002000200
020002000200020002000200020002000200020002000200020002000200
020002000200020002000200020002000200020002000200020002000200
020002000200020002000200020002000200020002000200020002000200
020002000200020002000200020002000200020002000200020002000200
020002000200020002000200020002000200020002000200020002000200
020002000200020002000200020002000200020002000200020002000200
020002000200020002000200020002000200020002000200020002000200
020002000200020002000200020002000200020002000200020002000200
020002000200020002000200020002000200020002000200020002000200
020002000200020002000200020002000200020002000200020002000200
020002000200020002000200020002000200020002000200020002000200
020002000200020002000200020002000200020002000200020002000200
020002000200020002000200020002000200020002000200020002000200
020002000200020002000200020002000200020002000200020002000200
020002000200020002000200020002000200020002000200020002000200
020002000200020002000200020002000200020002000200020002000200
020002000200020002000200020002000200020002000200020002000200
020002000200020002000200020002000200020002000200020002000200
020002000200020002000200020002000200020002000200020002000200
020002000200020002000200020002000200020002000200020002000200
020002000200020002000200020002000200020002000200020002000200
020002000200020002000200020002000200020002000200020002000200
020002000200020002000200020002000200020002000200020002000200
020002000200020002000200020002000200020002000200020002000200
020002000200020002000200020002000200020002000200020002000200
020002000200020002000200020002000200020002000200020002000200
020002000200020002000200020002000200020002000200020002000200
020002000200020002000200020002000200020002000200020002000200
020002000200020002000200020002000200020002000200020002000200
020002000200020002000200020002000200020002000200020002000200
020002000200020002000200020002000200020002000200020002000200
020002000200020002000200020002000200020002000200020002000200
020002000200020002000200020002000200020002000200020002000200
020002000200020002000200020002000200020002000200020002000200
020002000200020002000200020002000200020002000200020002000200
020002000200020002000200020002000200020002000200020002000200
020002000200020002000200020002000200020002000200020002000200
020002000200020002000200020002000200020002000200020002000200
020002000200020002000200020002000200020002000200020002000200
020002000200020002000200020002000200020002000200020002000200
020002000200020002000200020002000200020002000200020002000200
020002000200020002000200020002000200020002000200020002000200
020002000200020002000200020002000200020002000200020002000200
020002000200020002000200020002000200020002000200020002000200
020002000200020002000200020002000200020002000200020002000200
020002000200020002000200020002000200020002000200020002000200
020002000200020002000200020002000200020002000200020002000200
020002000200020002000200020002000200020002000200020002000200
020002000200020002000200020002000200020002000200020002000200
020002000200020002000200020002000200020002000200020002000200
020002000200020002000200020002000200020002000200020002000200
020002000200020002000200020002000200020002000200020002000200
020002000200020002000200020002000200020002000200020002000200
020002000200020002000200020002000200020002000200020002000200
020002000200020002000200020002000200020002000200020002000200
020002000200020002000200020002000200020002000200020002000200
020002000200020002000200020002000200020002000200020002000200
020002000200020002000200020002000200020002000200020002000200
020002000200020002000200020002000200020002000200020002000200
020002000200020002000200020002000200020002000200020002000200
020002000200020002000200020002000200020002000200020002000200
020002000200020002000200020002000200020002000200020002000200
020002000200020002000200020002000200020002000200020002000200
020002000200020002000200020002000200020002000200020002000200
020002000200020002000200020002000200020002000200020002000200
020002000200020002000200020002000200020002000200020002000200
020002000200020002000200020002000200020002000200020002000200
020002000200020002000200020002000200020002000200020002000200
020002000200020002000200020002000200020002000200020002000200
020002000200020002000200020002000200020002000200020002000200
020002000200020002000200020002000200020002000200020002000200
020002000200020002000200020002000200020002000200020002000200
020002000200020002000200020002000200020002000200020002000200
020002000200020002000200020002000200020002000200020002000200
020002000200020002000200020002000200020002000200020002000200
020002000200020002000200020002000200020002000200020002000200
020002000200020002000200020002000200020002000200020002000200
020002000200020002000200020002000200020002000200020002000200
020002000200020002000200020002000200020002000200020002000200
020002000200020002000200020002000200020002000200020002000200
020002000200020002000200020002000200020002000200020002000200
020002000200020002000200020002000200020002000200020002000200
020002000200020002000200020002000200020002000200020002000200
020002000200020002000200020002000200020002000200020002000200
020002000200020002000200020002000200020002000200020002000200
020002000200020002000200020002000200020002000200020002000200
020002000200020002000200020002000200020002000200020002000200
020002000200020002000200020002000200020002000200020002000200
020002000200020002000200020002000200020002000200020002000200
020002000200020002000200020002000200020002000200020002000200
020002000200020002000200020002000200020002000200020002000200
020002000200020002000200020002000200020002000200020002000200
020002000200020002000200020002000200020002000200020002000200
020002000200020002000200020002000200020002000200020002000200
020002000200020002000200020002000200020002000200020002000200
020002000200020002000200020002000200020002000200020002000200
020002000200020002000200020002000200020002000200020002000200
020002000200020002000200020002000200020002000200020002000200
020002000200020002000200020002000200020002000200020002000200
020002000200020002000200020002000200020002000200020002000200
020002000200020002000200020002000200020002000200020002000200
020002000200020002000200020002000200020002000200020002000200
020002000200020002000200020002000200020002000200020002000200
020002000200020002000200020002000200020002000200020002000200
020002000200020002000200020002000200020002000200020002000200
020002000200020002000200020002000200020002000200020002000200
020002000200020002000200020002000200020002000200020002000200
020002000200020002000200020002000200020002000200020002000200
020002000200020002000200020002000200020002000200020002000200
020002000200020002000200020002000200020002000200020002000200
020002000200020002000200020002000200020002000200020002000200
020002000200020002000200020002000200020002000200020002000200
020002000200020002000200020002000200020002000200020002000200
020002000200020002000200020002000200020002000200020002000200
020002000200020002000200020002000200020002000200020002000200
020002000200020002000200020002000200020002000200020002000200
020002000200020002000200020002000200020002000200020002000200
020002000200020002000200020002000200020002000200020002000200
020002000200020002000200020002000200020002000200020002000200
020002000200020002000200020002000200020002000200020002000200
020002000200020002000200020002000200020002000200020002000200
020002000200020002000200020002000200020002000200020002000200
020002000200020002000200020002000200020002000200020002000200
020002000200020002000200020002000200020002000200020002000200
020002000200020002000200020002000200020002000200020002000200
020002000200020002000200020002000200020002000200020002000200
020002000200020002000200020002000200020002000200020002000200
020002000200020002000200020002000200020002000200020002000200
020002000200020002000200020002000200020002000200020002000200
020002000200020002000200020002000200020002000200020002000200
020002000200020002000200020002000200020002000200020002000200
020002000200020002000200020002000200020002000200020002000200
020002000200020002000200020002000200020002000200020002000200
020002000200020002000200020002000200020002000200020002000200
020002000200020002000200020002000200020002000200020002000200
020002000200020002000200020002000200020002000200020002000200
020002000200020002000200020002000200020002000200020002000200
020002000200020002000200020002000200020002000200020002000200
020002000200020002000200020002000200020002000200020002000200
020002000200020002000200020002000200020002000200020002000200
020002000200020002000200020002000200020002000200020002000200
020002000200020002000200020002000200020002000200020002000200
020002000200020002000200020002000200020002000200020002000200
020002000200020002000200020002000200020002000200020002000200
020002000200020002000200020002000200020002000200020002000200
020002000200020002000200020002000200020002000200020002000200
020002000200020002000200020002000200020002000200020002000200
020002000200020002000200020002000200020002000200020002000200
020002000200020002000200020002000200020002000200020002000200
020002000200020002000200020002000200020002000200020002000200
020002000200020002000200020002000200020002000200020002000200
020002000200020002000200020002000200020002000200020002000200
020002000200020002000200020002000200020002000200020002000200
020002000200020002000200020002000200020002000200020002000200
020002000200020002000200020002000200020002000200020002000200
020002000200020002000200020002000200020002000200020002000200
020002000200020002000200020002000200020002000200020002000200
020002000200020002000200020002000200020002000200020002000200
020002000200020002000200020002000200020002000200020002000200
020002000200020002000200020002000200020002000200020002000200
020002000200020002000200020002000200020002000200020002000200
020002000200020002000200020002000200020002000200020002000200
020002000200020002000200020002000200020002000200020002000200
020002000200020002000200020002000200020002000200020002000200
020002000200020002000200020002000200020002000200020002000200
020002000200020002000200020002000200020002000200020002000200
020002000200020002000200020002000200020002000200020002000200
020002000200020002000200020002000200020002000200020002000200
020002000200020002000200020002000200020002000200020002000200
020002000200020002000200020002000200020002000200020002000200
020002000200020002000200020002000200020002000200020002000200
020002000200020002000200020002000200020002000200020002000200
020002000200020002000200020002000200020002000200020002000200
020002000200020002000200020002000200020002000200020002000200
020002000200020002000200020002000200020002000200020002000200
020002000200020002000200020002000200020002000200020002000200
020002000200020002000200020002000200020002000200020002000200
020002000200020002000200020002000200020002000200020002000200
020002000200020002000200020002000200020002000200020002000200
020002000200020002000200020002000200020002000200020002000200
020002000200020002000200020002000200020002000200020002000200
020002000200020002000200020002000200020002000200020002000200
020002000200020002000200020002000200020002000200020002000200
020002000200020002000200020002000200020002000200020002000200
020002000200020002000200020002000200020002000200020002000200
020002000200020002000200020002000200020002000200020002000200
020002000200020002000200020002000200020002000200020002000200
020002000200020002000200020002000200020002000200020002000200
020002000200020002000200020002000200020002000200020002000200
020002000200020002000200020002000200020002000200020002000200
020002000200020002000200020002000200020002000200020002000200
020002000200020002000200020002000200020002000200020002000200
020002000200020002000200020002000200020002000200020002000200
020002000200020002000200020002000200020002000200020002000200
020002000200020002000200020002000200020002000200020002000200
020002000200020002000200020002000200020002000200020002000200
020002000200020002000200020002000200020002000200020002000200
020002000200020002000200020002000200020002000200020002000200
020002000200020002000200020002000200020002000200020002000200
020002000200020002000200020002000200020002000200020002000200
020002000200020002000200020002000200020002000200020002000200
020002000200020002000200020002000200020002000200020002000200
020002000200020002000200020002000200020002000200020002000200
020002000200020002000200020002000200020002000200020002000200
020002000200020002000200020002000200020002000200020002000200
020002000200020002000200020002000200020002000200020002000200
020002000200020002000200020002000200020002000200020002000200
020002000200020002000200020002000200020002000200020002000200
020002000200020002000200020002000200020002000200020002000200
020002000200020002000200020002000200020002000200020002000200
020002000200020002000200020002000200020002000200020002000200
020002000200020002000200020002000200020002000200020002000200
020002000200020002000200020002000200020002000200020002000200
020002000200020002000200020002000200020002000200020002000200
020002000200020002000200020002000200020002000200020002000200
020002000200020002000200020002000200020002000200020002000200
020002000200020002000200020002000200020002000200020002000200
020002000200020002000200020002000200020002000200020002000200
020002000200020002000200020002000200020002000200020002000200
020002000200020002000200020002000200020002000200020002000200
020002000200020002000200020002000200020002000200020002000200
020002000200020002000200020002000200020002000200020002000200
0200020002000200b7010200000000000000000000000000000000000000
000000000000000000000000000000000000000000000000000000000000
000000000000000000000000000000000000000000000000000000000000
000000000000000000000000000000000000000000000000000000000000
000000000000000000000000000000000000000000000000000000000000
000000000000000000000000000000000000000000000000000000000000
000000000000000000000000000000000000000000000000000000000000
000000000000000000000000000000000000000000000000000000000000
000000000000000000000000000000000000000000000000000000000000
000000000000000000000000000000000000000000000000000000000000
000000000000000000000000000000000000000000000000000000000000
000000000000000000000000000000000000000000000000000000000000
000000000000000000000000000000000000000000000000000000000000
000000000000000000000000000000000000000000000000000000000000
000000000000000000000000000000000000000000000000000000000000
000000000000000000000000000000000000000000000000000000000000
000000000000000000000000000000000000000000000000000000000000
000000000000000000000000000000000000000000000000000000000000
000000000000000000000000000000000000000000000000000000000000
000000000000000000000000000000000000000000000000000000000000
000000000000000000000000000000000000000000000000000000000000
000000000000000000000000000000000000000000000000000000000000
000000000000000000000000000000000000000000000000000000000000
000000000000000000000000000000000000000000000000000000000000
000000000000000000000000000000000000000000000000000000000000
000000000000000000000000000000000000000000000000000000000000
000000000000000000000000000000000000000000000000000000000000
000000000000000000000000000000000000000000000000000000000000
000000000000000000000000000000000000000000000000000000000000
000000000000000000000000000000000000000000000000000000000000
000000000000000000000000000000000000000000000000000000000000
000000000000000000000000000000000000000000000000000000000000
000000000000000000000000000000000000000000000000000000000000
000000000000000000000000000000000000000000000000000000000000
000000000000000000000000000000000000000000000000000000000000
000000000000000000000000000000000000000000000000000000000000
000000000000000000000000000000000000000000000000000000000000
000000000000000000000000000000000000000000000000000000000000
000000000000000000000000000000000000000000000000000000000000
000000000000000000000000000000000000000000000000000000000000
000000000000000000000000000000000000000000000000000000000000
000000000000000000000000000000000000000000000000000000000000
000000000000000000000000000000000000000000000000000000000000
000000000000000000000000000000000000000000000000000000000000
000000000000000000000000000000000000000000000000000000000000
000000000000000000000000000000000000000000000000000000000000
000000000000000000000000000000000000000000000000000000000000
000000000000000000000000000000000000000000000000000000000000
000000000000000000000000000000000000000000000000000000000000
000000000000000000000000000000000000000000000000000000000000
000000000000000000000000000000000000000000000000000000000000
000000000000000000000000000000000000000000000000000000000000
000000000000000000000000000000000000000000000000000000000000
000000000000000000000000000000000000000000000000000000000000
000000000000000000000000000000000000000000000000000000000000
000000000000000000000000000000000000000000000000000000000000
000000000000000000000000000000000000000000000000000000000000
000000000000000000000000000000000000000000000000000000000000
000000000000000000000000000000000000000000000000000000000000
000000000000000000000000000000000000000000000000000000000000
000000000000000000000000000000000000000000000000000000000000
000000000000000000000000000000000000000000000000000000000000
000000000000000000000000000000000000000000000000000000000000
000000000000000000000000000000000000000000000000000000000000
000000000000000000000000000000000000000000000000000000000000
000000000000000000000000000000000000000000000000000000000000
000000000000000000000000000000000000000000000000000000000000
000000000000000000000000000000000000000000000000000000000000
000000000000000000000000000000000000000000000000000000000000
000000000000000000000000000000000000000000000000000000000000
000000000000000000000000000000000000000000000000000000000000
000000000000000000000000000000000000000000000000000000000000
000000000000000000000000000000000000000000000000000000000000
000000000000000000000000000000000000000000000000000000000000
000000000000000000000000000000000000000000000000000000000000
000000000000000000000000000000000000000000000000000000000000
000000000000000000000000000000000000000000000000000000000000
000000000000000000000000000000000000000000000000000000000000
000000000000000000000000000000000000000000000000000000000000
000000000000000000000000000000000000000000000000000000000000
000000000000000000000000000000000000000000000000000000000000
000000000000000000000000000000000000000000000000000000000000
000000000000000000000000000000000000000000000000000000000000
000000000000000000000000000000000000000000000000000000000000
000000000000000000000000000000000000000000000000000000000000
000000000000000000000000000000000000000000000000000000000000
000000000000000000000000000000000000000000000000000000000000
000000000000000000000000000000000000000000000000000000000000
000000000000000000000000000000000000000000000000000000000000
000000000000000000000000000000000000000000000000000000000000
000000000000000000000000000000000000000000000000000000000000
000000000000000000000000000000000000000000000000000000000000
000000000000000000000000000000000000000000000000000000000000
000000000000000000000000000000000000000000000000000000000000
000000000000000000000000000000000000000000000000000000000000
000000000000000000000000000000000000000000000000000000000000
000000000000000000000000000000000000000000000000000000000000
00000000000000000000b801b901ba01ba01ba01ba01bb01bb01bb01bc01
bc01bd01bd01be01be01bf01bf01c001c001c101c101c101c201c301c301
c301c301c301c301c301c301c301c301c301c301c301c301c301c301c301
c301c301c301c301c301c301c301c301c301c301c301c301c301c301c301
c301c301c301c301c301c301c301c301c301c301c301c301c301c301c301
c301c301c301c301c301c301c301c301c301c301c301c301c301c301c301
c301c301c301c301c301c301c301c301c301c301c301c301c301c301c301
c301c301c301c301c301c301c301c301c301c301c301c301c301c301c301
c301c301c301c301c301c301c301c301c301c301c301c301c301c301c301
c301c301c301c301c301c301c301c301c301c301c301c301c301c301c301
c301c301c301c301c301c301c301c301c401c501c501c601c601c701c801
c801c901ca01cb01cc01cd01ce01cf01d001d101d201d301d301d401d401
d501d501d501d601d701d801d801d801d801d901d901d901d901d901da01
da01da01da01da01da01da01da01da01da01da01da01da01da01da01da01
da01da01da01da01da01da01da01da01da01da01da01da01da01da01da01
da01da01da01da01da01da01da01da01da01da01da01da01da01da01da01
da01da01da01da01da01da01da01da01da01da01da01da01da01da01da01
db01dc01dc01dc01dc01dc01dc01dc01dc01dc01dc01dc01dc01dc01dc01
dc01dc01dc01dc01dc01dc01dc01dc01dc01dc01dc01dc01dc01dc01dc01
dc01dc01dc01dc01dc01dc01dc01dc01dc01dc01dc01dc01dc01dc01dc01
dc01dc01dc01dc01dc01dc01dc01dc01dc01dc01dc01dc01dc01dc01dc01
dc01dd01de01df01df01e001e101e101e201e201e201e201e201e301e401
e501e501e601e701e801e801e801e801e801e901ea01eb01ec01ec01ec01
ec01ec01ec01ec01ec01ec01ec01ec01ec01ed01ee01ef01f001f101f201
f301f401f501f501f501f501f501f501f501f501f501f501f501f501f501
f601f701f801f801f901f901fa01fa01fb01fb01fc01fc01fc01fc01fc01
fd01fe01fe01fe01fe01fe01ff0100020002000200020002000200020102
020202020302030204020502050206020702070207020702070207020702
070207020702070208020802080208020802080209020a020b020b020c02
0c020d020d020e020e020f020f0210021002100210021002100210021002
100210021002100210021002100210021002100210021002100210021002
100211021102110211021102110211021102120213021302130213021302
130214021502160217021702170217021702180218021802180218021802
190219021a021b021c021d021d021e021f02200220022102220223022302
230223022402250226022602270227022702270227022702270227022702
2702280228022802280229022a022a022b022b022c022c022c022c022c02
2d022d022e022e022e022e022e022e022e022f0230023002300230023002
310232023202320232023202320232023302340234023402340234023402
3402340235023602370238023802380239023a023a023a023a023a023b02
3b023c023d023e023e023f02400241024102410242024202420242024202
420242024202420243024402450245024502450245024502450245024602
460246024602460246024602460246024602460246024602460246024602
460246024602460246024602460246024602460246024602460246024602
460246024602470248024902490249024a024a024a024a024b024b024b02
4c024c024c024d024d024d024d024d024d024d024d024d024d024d024d02
4d024d024d024d024d024d024d024d024d024d024d024d024e024e024e02
4e024e024e024e024e024f024f0250025002510251025202520253025302
530253025302530254025402550255025602560257025702580259025902
590259025a025a025a025a025b025b025b025b025c025d025d025d025d02
5e025f025f02600261026102620263026302630263026302630264026502
660267026802680268026902690269026902690269026902690269026902
690269026902690269026902690269026a026b026b026c026d026e026f02
700270027102720272027302730274027402750275027502760276027702
78027902790279027902790279027a027b027c027c027c027d027e027f02
8002810281028202830284028502860287028802880289028a028b028c02
8c028d028d028e028e028e028e028f028f028f0290029002910292029302
930294029402940295029602970298029802980299029a029b029c029c02
9d029d029e029e029f029f029f029f02a002a002a002a102a202a202a302
a402a502a602a602a702a802a902aa02ab02ac02ac02ad02ae02ae02af02
af02b002b002b002b002b002b002b002b102b102b102b202b302b302b402
b402b502b602b602b702b802b902ba02ba02ba02ba02bb02bc02bd02bd02
be02be02bf02c002c002c102c102c102c102c102c102c102c202c202c202
c202c302c302c402c502c502c602c702c702c802c802c902c902ca02ca02
ca02ca02ca02ca02ca02ca02cb02cb02cc02cc02cc02cc02cd02ce02cf02
cf02d002d102d102d102d102d102d102d102d102d202d202d302d302d302
d302d402d402000202000101010001020001000200020002000100010107
000101010101010101010101010101010101010101010101010101010101
010101010101010101010101010101010101010101010101010101010101
010101010101010101010101010101010101010101010101010101010101
010101010101010101010101010101010101010101010101010101010101
010101010101010101010202010102020201020202020202030202020002
000202020103030101010101010101010202020202020202020202020202
020201010102020202020202010102020101020202020202030303020202
020202050202020202020202020606020203010101010101010101010101
010101010101010101010101010101010101010101010101010101010101
010101010101010101010101010101010101030202020300040907050705
030403030403000101010104030301020302010203020102030203020602
030203020101010101010101010101010103030003010100010001010104
010103020202020103010101010101010301010101030002030001010101
010101020201000101010101030300010001000100010001040404040404
040404040404040404040404040404040404010103030303030403010101
010101030202010202030301010202030300020403020102040503020202
010201010303050401010101010101010101010101010201010101010101
010104050101010101010104010201010104010201010101010401010101
010101010402020001010301010101010405020202030202010101000303
040601020405050507050604050304020409070808070506060606070506
060506060505050404050405060605050404030502020001010001010100
010100010104040404040404040404040404040404040404040404040402
020303030303030002000200020002000101010101050503040303000107
030404050001010100010201020506040503040402020206030404050405
020203030002020102010202030102020301020203010202030303040203
030303040301020001000103050501010203010101010101040400010104
030206030402020202050301010204050001020103020201020201000205
040201010101030402010101030204000200010202030304040002030803
040403030001040402020200020200020303060503050404040504030402
030303020304020203020202020302030203020304030303030303030301
010101030202010103000201010001040303040403060600020305030503
03050604010301030501030503020101010104041800f801520156015a01
0000fa010000000000000000000000000000000000000000000000004a01
000000000000000000000000000000000000000000000000000000000000
000000000000000000000000000000000000000020030000000086020000
000000000000000000000000000000000000000000000000000099010000
000000000000000000000000000034030000000000000000000000000000
0000000000000000fb010000640300000000000000000000000000000000
00000000f001000000000000000000000000000000000000640300000000
000000000000000000000000000000000000000000000000000000000000
a40100000000000000000000000000000000190000000a001a001b001c00
1d0041001e001f0020002200960023002100240074002500260027002800
29002a002c002b002e002d002f0030003100320033003400350036003700
380039003a003b003c003d003e0040003f00420043004400450046004700
480049004a004b004c004d004e0089004f00500051005300540091005200
5500970056005700580059005a005b005c0060005e005f005d0061006200
63006400650066006700680069006a006b006c006d006e006f0070007100
720073007500760077007800790086007a007b007c007d007e007f008000
810082008300840085009500870088008a00980099008b00930092008c00
8d008e008f009000940000009c00f90153015501570159015b015d01a700
910192019401930100003901aa0000008e03000000000000000000000000
00000000000000000000000000000000000000000000000000000000d800
d90000000000ce00cf00d000dc00dd000000000000000000000000000000
000000000000000000000000000000000000000000000000000000000000
000000000000000000000000000000000000000023012401fc00fd00fe00
ff0000010101020103010401070105010601080109010a010b010c010f01
15011c011d010d0119011b0111011701160114011e011f011a0118012101
220120012701250126010e0110011201130128012d0129012a012b012c01
2e012f013001310132013301340135013601370100008b018c0189018a01
8f018d018e01000000008701000000000000610100000000000000004b01
4d014c014e010000ce01ae01ae01cf01ae01ae01000000000000db01d701
d801d901da01dc0100000000f501f601660167016b010000000069016a01
680100006f017001710172016c016d016e01000000000000b200ac000000
47020000a100000028022a022b022c022d022e0200002202240225022602
000033023002310234023502320236023702000046020000400241024202
43023f0200001e021a021b021c021d021f02200200001102120209020000
030202020002010205020602070208020a020b020c020f02100204020d02
13021402150216021702000029032a030000000000000000180319031a03
1b031c031d0300000000000025030000210322030000000000000d031503
1403000000009202880287028e028f028a028b028c029102000089028602
86028602b50286020000000000008602000000000000e802000000000000
480204030000a900ec02ec02ec02ec02ec020000e001eb01ef010000de01
96019a019b019c019d019e0100009f01a001a30100000000000084022c03
0000000000002f0330030000000037033503000000003b03000000003e03
0000000000004403000045034603470300004a0300004c034d034b030000
7d017e017701780181018001750100000000530300000000000064036503
000000000000000000000000000000006b036e0300006b036e0300007d03
0000000000000000000081030000e601e5010000000000000000f1010000
00005f01000000000000000000008c030000840300000000000000000000
000000004f02000000000000000000000000000000006403ce0200000000
df010000000000000000000000000000000000000000b303000000000000
ba00bb00bd00bc00b90000008503000000000000a203a30300000000a503
00000000a9030000000000000000c903ca03cb03c8030000f701a501a601
a701a801a90100000000000000000000000000000000e902900300000000
000001000b00100002009d009b00540158015c019501a4008d03e700e800
be00bf00c000c100c200c300c400c500c600c900c700c800ca00cb00cc00
cd00d200e000e100df00d400db00da00d700e200e300de00000000000000
eb00e900ea00d100d300d500d600b600b700b800b500ec000000ee00ef00
f000f100f200f300f400f500f600f900fa00fb0038019001000083018401
850186018801000051013a013b013c010000b101b301b501af01b001ae01
ae01ae01ac01ac01ac01ac01ae010000d601dd01f4016301650100007301
b000b1000000ae00b400a000fc01290200002302000000003b0200000000
0e0200000000a20005030703060300000000240300000000000000002703
00000e030f0316031703b6028d02890289028d0286028602890286028602
890286028602030003000000c302a5008502b302b90200000000ca020000
00008602c80200000000e2020000ea02eb02490200000203ec0200000000
fe02f002ec02f602ec02fa02ec02f2020103e201e1010000000000000000
0000a201a101aa0149010000080300002b032e0300000000000036030000
3a03a30039033c033d033f03000043034803000050014e03000079018201
000000005403510300005f03620100000000700369037403000000006803
6d036a036b036e0300006e03000000007b036e0300009a007e0300006203
7f03800300008203e801e701ee0100000000000063035e01870388038903
8a038b030a03fd01ab000000000071030000000000000000000000000000
000000000000540200000000000000000000000000006102000000000000
0000000000000000820200000000d002cf02d102ce02d3020000ce02db02
9703980395039403000099039a0396030000b503b70300000000b903ba03
0000000000009e039c039d039b03a103a003a403000000000000ac03ad03
aa030000a703a8030000b0030000c003c303be03c70300000000ab018603
a800000000004401000000008f039103740100000c009e00e500e600e400
000000009f0000004f01b201b001b001b201ae01ae01b001ae01ae01b001
ae01ae01ad01d201d301d101d401ac01d0016401ad000000b3002f022702
3802000000003c023d023e02000044022102000018021f031e03a6000000
230328030b030d0300001003110390028d02900289028d02890290028d02
900286028d0286029002890290028602890286028d0289028d0286028902
8602060004000500bb02bb02c402b502b3020000b702cb020000cc02de02
df02b702e002e30200000000e402e60203030003ee02ed02f802fc02f402
e401e301ec01ed01f2019701000009030000320331030000380300000000
4203490300007a017b014f03500300008602600361036703770378036e03
00006c0300006f03760300007a037c038303ea01e9010000460147014801
0000ff01000000008002000000004b02000000000000000062024f020000
4c024d024e0200005502000000000000000000004a020000770200000000
0000000000005f027a020000810200000000000000000000000078026603
d4020000d9020000000093030000b403000000000000bd0300009f030000
a603ab03af03ae030000000000000000c603cc03cd033d013d01dc02dd02
110000000e00000000000000b401b201b401b001b201b001b401b201b401
ae01b201ae01b401b001b401ae01b001ae01b201b001b201ae01b001ae01
d501af0039023a024502190200000c030f030f039302990294029a029f02
a00295029b0296029c02a102a20298029e0297029d02a402a302a502a602
a702a802aa02a902bd02be02c002bf02bc02c702c7020000b402c502c602
ba0200000300cd020300e702e50298012d0333034003410376017c017f01
5203b50286025b0300007303750379030000fe01000000007e027f020000
000000000000680200005102500200006e02000000007402760275020000
0000710260025d0200007902000000007b02000000008302d602da02d702
00009203b603b8030000bb03f30100000000c103c403bf03000000000000
0d0000001200ed00000000006001b601b701b801b901ba01bb01bc01bd01
be01bf01c001c101c201c301c401c501c601c701c801c901ca01cb01cc01
cd01260312031303c102c202ab02ac02b802bb02bb025503560300000300
7203000000000000000000000000000069026a0200000000560252027302
720270026f0200005e025b027d027c026b026c02d802bc03b203b1030000
00000000000000004101000043010f0013001400f700f800b002b102b202
ad02ae02af02c702e1025c03bb0245015802590200000000000064026702
6d02570200005c020000c203c5030000000000000000150016000700c902
0d035d03c70200006502660253025a023e01000040014201080017000d03
0f030d035e036302000009000f030d03570358033f0159035a03ffff8700
d704840614036b05010683045306750615038800a7020b0117035a03d901
1b02770299044502b50389008a008b008c00c3027d03a304d401d5018d00
4903e90258018e0095018f009000a7019100fd050a0392001b05b4029300
9400ac01950096009700980099009a009b009c009d00cd01ce01cf01d001
9e009f00f00390020405c2059102a000a101a1009d01a20016011701a300
d403d50367020503a400a5009a0469036a036b036c036d03b501a600bc01
a700a800a9005902b102d103aa00ab00ac00ad00ae00af00b000b100b200
b300b400b500b600120213024704150216021702b700fe01b800e501b900
e001ba00ee01bb00a904aa04ab04f501f601bc00bd00be00bf0037042e04
310532042a042b04d002c000c10046023d023e023f024002b003b105da04
4202b605dd04ae054302c200b103bc034702c300480449044e05c400c500
c600b603b7034902c700c800c900ca00cb00c5035702cc00cd00ce00cf00
d000d100d200d300b8049a03bb04300231023202d4002402d500d6002b02
d700d800d900da00db00dc00dd006e02de00df00e0007102e003e100e200
780279027a027b02ff04e300e4007f028302e500e600e7008902e800f303
e9000805f503c60578062b069402ea00eb00ec00ed009902ee00ef009f02
a002a1020604a2020804f000f100f200f300f400f500f600f700f800f900
fa00bd02fb00fc00fd00fe00ff00dd0200016204ee02ef02f00201016704
6e046b0402015804030104010501060107017404fd02fe020801ed063c01
0e011e0125013c01a4fa9e013c013c0114006507e806a30070ff11ff3c01
54ffe301be02c202fb00f7003c012e00c1003c019301ccff5b014b003c01
89ffc7ffa4ff3c013c018aff8aff8affecffecff8aff3c018affd901a9ff
7f009f021dff1dff3c01b9ffb9ff72003c0193013c010701b9ffb9ffe4ff
3c01cbffb9ff8aff3c013c01a8ffe5ff2102e5ff23ffe5ffea01c4013c01
b9ffdd014f00ecff1dffb9ff8affa4fa8affb8ff99ffa60091ffe2ff9301
d3013c019301eaffa702b9ff93010700e3ff05033c018aff3c019301f7ff
b8fffe028aff48ff93013c01c9013eff93019301060014013c0167004100
d7ffbe013c017b029301b9ffaa02ef013c018fffb9ff5c00a4faad016900
a4faa4faa4faa4faa4faa4faa4faa4faa4faa4faa4faa4faa4faa4faa4fa
a4faa4faa4faa4faa4faa4faa4faa4faa4faa4faa4faa4faa4faa4faa4fa
a4faa4faa4faa4faa4faa4faa4faa4faa4faa4faa4faa4faa4faa4faa4fa
a4faa4faa4faa4faa4faa4faa4faa4faa4faa4faa4faa4faa4faa4faa4fa
a4faa4faa4faa4faa4faa4faa4faa4faa4faa4faa4faa4faa4faa4faa4fa
a4faa4faa4faa4faa4faa4faa4faa4faa4faa4faa4faa4faa4faa4faa4fa
a4faa4faa4faa4faa4faa4faa4faa4faa4faa4faa4faa4faa4faa4faa4fa
a4faa4faa4faa4faa4faa4faa4faa4faa4faa4faa4faa4faa4faa4faa4fa
a4faa4faa4faa4faa4faa4faa4faa4fa8400a4faa4fa3c01a4fa3c01a4fa
3c01a4faa4faa4faa4faa4faa4fa3c01a4faa4fa9d00a4fa3c01b900d000
e200e400f200fc000f01160119012f0132013f014601480162016b017001
79018701a4faa4fa8f019401a4faa4faa4faa4faa4fa99019c01b601b901
bc01c601c801ca01cf01e401ed01f201f401fb0109020b020e0212028600
6a001a021e022d02360239023d02540263026702710273023c01a4faa4fa
a4faa4faa4faa4faa4faa4faa4faa4faa4faa4faa4faa4faa4faa4faa4fa
a4faa4faa4faa4faa4faa4faa4faa4faa4faa4faa4faa4faa4faa4faa4fa
a4faa4faa4faa4faa4faa4faa4faa4faa4faa4faa4faa4faa4faa4faa4fa
a4faa4faa4faa4faa4faa4faa4faa4faa4faa4faa4faa4faa4fa3c01a4fa
a4faa4faa4faa4faa4faa4fa3c0188ffa4fa88ff3c017502a4fae3ffb9ff
b9ffe3ffa4faa4faa4faa4fab9ffa4fa95019501a4fa950195017702b9ff
3c01a4faa4faa4faa4faa4faa4fa3c013c01a4faa4faa4faa4faa4fa8602
8d02a4faa4faa4fa9902a4faa4faa4faa4faa4faa4faa4fa3c01b9ffb9ff
a4fa7b01e3ffa4fa8400a4fa3c011201a4faa4faa4faa4faa4fa93014401
a4faa4faa4fa9301a4faa4faa4faa4faa4faa4faa4faa4fa9301a4fa1dff
a4faa4faa4faa4faa4fa5601a4faa4faa4faa4faa4faa4faa4fa9301a4fa
a4faa4fa9d01a4faa4faa4faa4faa4faa4faa4faa4faa4faa4faa4faa4fa
a4faa4faa4faa4faa4faa4faa4faa4fa3000a4faa4faae013c013c013c01
a4faa4faa4faa4faa4faa4fa8aff8aff3c01a4fa3802a4faa4fa8aff8aff
3c01e402a4faa4fa8aff3c01a4faa4faa4faa4faa4faa4faa4faa4faa4fa
9c02f101df01af019402aa01da0201ff9e02de01da0203ff380264ffa4fa
e3ffe3ff3c01a4faa4fa7500a4fa190042023d004d005b003c01e602a501
a4faa102a4fac902a4faa4faa4faa4faa4fab9ffa4faa4faa4fa3c013c01
8100a4faa4faad02bf023c01a4faa4fae5ffd902a4fa35ff9702a502a4fa
8aff8affa4fab9ffd9028400a4fa3c01a4faa4faa4faea01a4fae3ffa4fa
a4faa4fa3c01a4faa4faa4faa4faa4faa4faf0023c013b03f1021aff3c01
b9ffb8ffa4fae3ff030382ff040306030703cd02d202d302d602e3ffd302
d6020103a4fae3ff0d033c01e3ffe3ffa4faa700a4faf4023c0108030903
b9ffa4fa3c01e3ffa4fa0e0310030c030f033c01a4fa3c01a4fa3c011103
b6ffe3ff5d0039ff5601740097004603feff56014603cf0209005601b8ff
1cff8aff3c01a4fa3c013c013c013c0137033c013c013c0197ff3c01d402
3c013c011203a4faa4faa4faa4faa4fa9301a4fa1303c4ffc4ffa4faa4fa
3c011403b8023c013c01b9ff25ff3c0115035e01a4faa4faa4faa4fa53ff
a4faa4faa4faa4faa4faa4fa3c013c013c01ac02af02e3ff93019301a4fa
a4fae3ffe3ff3c01a4faa4fa1d03a4faa4fa1a03a4faa4faa4faa4faa4fa
a4faa4faa4faa4faa4faa4faa4faa4faa4faa4faa4faa4faa4faa4faa4fa
a4faa4faa4faa4faa4faa4faa4faa4faa4faa4faa4faa4faa4faa4faa4fa
620364036503a4faa4faa4faa4faa4faa4faa4faa4faa4faa4faa4faa4fa
2203a4faa4faa4faa4faa4faa4faa4faa4fabc02a4faa4faa4faa4faa4fa
2403a4faa4faa4faa4faa4fa2703a4faa4faa4faa4fae3ffa4faa4faa4fa
a4fa6102c10192013501b9ffb9ffb9ffb9ff95019301a4faa4faa4faa4fa
a4fa2a03a4faa4faa4fa38038b03a4fa1a03a4faa4fa3c01a4fa3c013c01
df021fff3c01a4fa93013c01a4faa4faa4faa4fa3c013c01a4fa35038703
3c013c01a4fafa00a4faae03a4faa4faa4faee001402cc02ee002e017902
14022e011c02cc0279021c0293ff93ff3c01a4faa4faa4faaa010a03e3ff
d3ffa4fa36033802d600a4fa81ff0400a4fae3ffa4faa4faa4fa3c01a4fa
420243034703a4faa4fa4202a4fa4202a4fa4202a4faa4fa9e03a1033e03
3c013c014a03f603a4faa4faa4faa4fa3c01a4fae5ffa4faa4fa3c014e03
b9ffa4faa502a4faa4faa4faa4faa4fa18033c011a03a4fa3c01a4faa4fa
5a035603a4fa48033c01a4fa4403e3ffa4faa4fae3ff3c01a4faa4faa4fa
e3ffe3ffa4faa4faa4fad302d6025503d6025b03e3ffa4fad602e3ffa4fa
a4fae3ffa4faa4faa4fa3c01a4fab203b503a4fa5e035e03e3ffa4faa4fa
a4faa4faa4faa4faa4faa4faa4faa4fa93013c01a4fa530357033c015601
560158035903b0003c0160031c006b033aff6b0384006b033c015bff4a00
3c0156013c01d2ff5c035d035f03a4fa3c013c01a4faa4faa4fa44ffa4fa
fbfe1cffa4faa4faa4faa4faa4fa6603a4faa4faa4fa6103a4faa4fa1f03
b9ffa4faa4fa24003c016303a4faa4faa4faa4faa4fa8affa4fa16036703
3c01a4faa4faa4fa3c01a4faa4fa3c01a4fa170319031c0320030b033c01
3c01a4faa4faa4fa68036c03a4fa3c013c01a4faa4faa4fa69037303a4fa
a4faa4faa4faa9036d03a4fa6e03a4fa260308012f032603410113010801
41011f012f0313011f01a4faa4faa4faa4faa4fab9ffa4faa4faa4fa7b03
a4faa4faa4faa4fa8aff8affa4faa4faa4fae3ffa4faa4fa3c01a4faa4fa
a4faa4fa7703a4faa4faa4fa5eff3802a4faa4fa4affb7024aff0302b702
03024affb7024affbd02b702bd024aff03024affbd020302bd02b7020302
b702bd020302bd02a4faa4faa4fa66016601a4faa602a4fa7d036f03a4fa
e3ffa4faa4faa4fa6f03a4faa4fae3ffe3ffa4faa4faa4faa4faa4faa4fa
a4faa4faa4faa4faa4faa4faa4faa4faa4fa7c03a4fa3c01a4faa4fa3c01
a4fa81033c01a4faa4fa8400a4fae203a4faa4fa83039f02a4faa4faa4fa
a4faa4fad602e3ffa4fae3ffa4faa4fae3ffa4faa4faa4faa4faa4fa9103
a4faa4faa4fa3c01a4fa8a038c03a4fa3c013c01a4fad1032c0056013c01
a4facc039a03a4faa4faa4fa900370033c016b036b033c013c011a033c01
a4fa6b036b033c019c0392037103a4fa3c01a4fa560156013c0156015601
3c01a4faa4faa4fa9301a4fae3fffbfeec033c01a4fa3c0193013c01a4fa
3c01a4fa9403a4faa4faa4faa4fa9503a203a303a403a4faa4faa4fa2b03
2b03a4faa4faa4fa9d03a5039f0358003c010204090402040b0409040b04
02040904020405040904050402040b04020405040b04050409040b040904
05040b040504a4faa4faa4faa4faa4faa4fae3ffa4faae035fffa4faa4fa
a4faa4faa4faa4faa4faa4faa4faa4faa4faa4faa4faa4faa4faa4faa4fa
a4faa4faa4faa4faa4faa4faa4faa4faa4faa4faa4faa4fa07040704dc00
a4faa4fa7403a4faa70393ffa4fa93ffa4faa4faa4faa4faa4faa4faa4fa
1a03a4faa4faa4faaa01da02a003e3ffa4faa4faa4faaa03a4faab03ac03
a4faa4faf40056013c013c01a4fa6b03bb00a4faad03a4fa3c013c01a4fa
a4faa4fa3c013c01a4fad300a4faaf03a4fa3c013c01a4fa3c013c01a4fa
a4faa4faa4fae3ffa4faa4faa4fa3c01a4faa4fa3c013c0172037503a4fa
b00352ffa400a4fab403b303a4fab103b603a4faa4faa4faa4faa4faa4fa
a4faa4faa4faa4faa4faa4faa4faa4faa4faa4faa4faa4faa4faa4faa4fa
a4faa4faa4faa4faa4faa4faa4faa4faa4fa2f027602a4fa66016601a4fa
a4fab80393ffa4fabb03bc03bd03560056013c013c01a4faa4fa3c01be03
8003a4faa4faa4faa4faa4fac1038203a4faa4faa4faa4faa4faa4faa4fa
a4faa4fac003cd037603c303c403a4fac503a4faa4faa4faea02a4faa4fa
a4faa4faa4faa4faa4faa4fa0704a4fac7036601a4faa4faa4fa56013c01
3c01a4faa4faa4faa4fac603a4faca03a4faa4face039b03b9ffb9ffa4fa
a4fadb03a4fa3103a4fa07043c01a4faa4faa4faa4faa4fad203a4faa4fa
d303a4fa6a03ae032c04a4faa4fab9ffa4faae032c04a4faa4faa4faa4fa
a4faa4faa4fa63fca4faa4faa4faa4faa4faa4faa4faa4faa4faff004800
32fe77fe6e001b00a8fdf6ffebffe0fda4faa4faa4faa4faa4faa4faa4fa
a4faa4faa4faa4faa4faa4faa4faa4faa4faa4faa4faa4fa9fffa4faa4fa
fd00a4faa4faa4faa4faa4faa4faa4faa4faa4faa4faa4faa4faa4fab3ff
b4ffa4faa4faa4faa4faa4faa4faa4faa4faa4faa4faa4faa4faa4faa4fa
a4faa4faa4faa4faa4faa4faa4faa4faa4faa6fc40fd40fee6fef5fe69fe
a4faa4faa4faa4faa4faa4faa4faa4faa4faa4faa4faa4faa4faa4faa4fa
a4faa4faa4faa4faa4faa4faa4faa4faa4faf004a4faa4faa4faa4faa4fa
a4faa4faa4faa4faa4faa4faa4faa4faa4faa4faa4faa4faa4faa4faa4fa
a4faeefbedffd9fbe9ff4600a4faa4faa4faa4faa4faeefd92fee0fe50fe
d1ffa4fa3b00c3fd3400a4fa47fba4faa4fa630151fca4faa4fad200d100
cdffa4faa4faa4fa7c00a4faa4faa4faa4faa4faa4faa4fa44fea4faa4fa
a4faa4faa4faa4faa4faa4faa4fa64006efca5faa4faa4faa4faa4faed00
a4faa4faa4faa4faa4faa4faa4faa4faa4faa4fabeffa4faa4faa4faa4fa
a202a4faa4faa4faa4faa4faa4faa4faa4faa4faa002a4faa4faa4faa4fa
a4faa4faa4faa4faa4faa4faa4faa4faa4faa4faa4faa4faa4faa4faa5ff
a4faa4fa84028702b7ff68fdb5ff66fda4faa4faa4faa4faa4faa4faa4fa
a4faa4faa4faa4faa4faa4faa4faa4faa4faa4faa4faa4fa3402a4faa4fa
a4faa4faa4faa4faa4faa4faa4faa4faa4faa4faa4faa4faa4faa4faa4fa
a4fa1c0141028e028f02aa037202b9047c0294037f03e6040b040a04a502
d804a402c402ac023f05ab029b049c049d045c036e039a026f037003e303
4802e503af0532053505360599033805ba043c05de02df02d4044b024c02
a103a403a7031a029a0258025a022c041f0620066802a602ff0100021a02
4c06930209010a01a602b8031c021d028502330526021a01280295022d02
0d010f01110112012404a201180119011b015d027302b002a602b502a301
d302f701a6026902b803be01bf019e019f01d6013504b2033a05e103ef01
02024404450418021902870396021a0297021a02f0012702a8020703f101
f2011a020f0310034a02d701d8014e024f02ac045102bf021a0135046c04
5c02a401d102d2026a026b024402a003a303a6031a024404450433028402
74027502c603c803ca03cc0334058e058e053b02f102a6022c02ac03f801
b303ad0250024c0575022d049004930496041a01be02ea03c0025903af02
6d04e002da01db014402d502dc01dd01f6033b05a602a602ea02f202f302
4d06f402ff02b90376024604f502aa020d03a602ae02a6026c029e03b602
a503a80309010a011e021f02c102e203200221025b024305d4021a01d701
d801e102e2025e025f026002610262026302640265029c02060301029b02
4604020203020402050206020702080209020a02d504d604590327040b02
0c020d020e020f029c029d029e02ba03c001c1011a01ec026d02c201c301
c4015404a6028a03f901fa01fb0140045e042502c501c6019802c7012c05
87069f03a203a602a903db05dc05a001f301f4018f055903e005e1058d06
8e068a02c30196019701ed029106d2054405df04e601e701e801e901ea01
b7028b02290492022f04c202a602eb013a043c04870509010a014204fc01
3d05a9025f046004d701d801100209010a0111026104180359031903c203
1a03d701d80127046306c801eb021b03f602f702f802b8021d03e7042804
de01df01fd010f050e0511055c065d062e02140530042f02db0431042d05
2e052f05b704d101d201c7038c028d02c8015903e30266020e03c303c403
5405590322022302d301fd04c90330054f0698019901c404c6049a01ca04
cc042704d004d2041a01cb03110361036203930313033304560334046403
2d052e052f057906c303c4038d04720394049704120309010a0138060901
0a019b019c0127052805c303c4035b033e055d033f0609010a0199033504
93031603b6013606c303c4037a037b03c901ca01b701b801b901ba015202
1c03770579054d027d057f05c0038305850559039e048603650357036703
cb01cc014a03d90309010a015803ec01ed0166035e03bb01530254025502
bd04bf046803c304c5046503c904cb0456021e03360430063106a3026803
730303062106220645034603470374037503eb040406120465036603ee04
4803ef041f03f0049d029e026803ab032d052e052f056703790326062306
270624065903680333022003800321033402350236023702380239023a02
3b0237062d052e052f05de032203be04c00409010a01bd01c8043302cd04
ce042303d304fa0336023702900391030c013b023e06e101e20195039603
e301e40109010a019b03240382038e0491040e0198048403250304040304
26031001d60309010a0185037c038f049204950409010a018d038e038f03
65033705670365036603670388032703920368032803e80368038103c705
97034304330209010a019c03340235022903bc045903c104c2043b02c704
2a038b032b03cf04d10413011401ad03f90315015f06e402e502e602e702
e603e703bf0366036703c103b704e802a501a601b2056803cd032c032305
24056003830329056303f902fa022d031904fb02fc0276062e03d703d803
da0341059a0545059c05dd032f030f06a0051106a205d701d8011506a605
1706a80529022a021b0630031d06eb03860287028806c505880231037105
73058903ee0332037b057e038005810533038605f1033403d602d702f803
d802d902da02a905aa05ab05ac058606800281028202db02dc026a04ad05
8c034a047104720473040f048c0635038f06130436033302160437039206
340235021a049303380239023a023b0238032004390321043a0322046f02
700291053b039305380439043b0497053d0499057d027e0241049d057604
9f053c024b04af034c044d044e044f043c03510452045304550456043302
59045a043d0334023502360237023e0325043f033b02c005650366036703
640440033302680469049d029e026f0436023702380239023a023b02b403
4103bb034203bd03be03430377047804790444039405d303960538023902
3a025c044b038104d0039e054c033302a105b202b302a40508030903a705
380239023a023b02340235024d037504380239023a025606570658066f05
4e03740575054f037a057d047e04500382058405a801a901aa01ab017005
7205ed037605780528067c057e05ad01ae01af01b001b101b201b301b401
5103f703b902ba02bb02bc02fb03f904fd030b030c039205d305d4059505
520309049805030553039b050d049803990310041104c303c403a3055403
a505550309065f030b0671031b0459065a065b06e705e8051306ea05eb05
1606ce03cf031906260476031c063402350236023702a4047703a504a604
14041504ae04a704a804b0043e043f04fc047803b104b2049d03c502ae03
b504b604d2039f043402350236023702380239023a023302c602c702db03
3402350236023702380239023a023b02d90485069903ba04af04c802c902
66036703dc03ca02cb02df03cc02cd0265036603ce0236023702ea047c04
34023502e403cf027f0480043c0200030103020303030403b0053c027502
f404f50436023702380239023a02ef03f804f203330273067406fa043402
350236023702380239023a023b029903ba040005e204e4040105f403fc03
00049e020104020406059d02050407040c040e041c040b051d0427046604
17041804320633061e04500457041f04530523045b045d04650470047a04
820407067b0484040a06170585040d06860487041006880489048a048c04
06068b0408061806a0041a060c06a1040e061f05a204b404120622051406
b304ba04e104ec042a05dc04f104ed04f204f304f60458053905f704fb04
400502054205c801ad0405051005070549054a05fe041805120519051a05
20051e052b0535042105250526055205500546054705690548056c055105
6205570559055e0556055a056505640665066a0566056d056e055f058805
5b056005de04e0045c0561058d055d05c105e504e804bb05e904b4056305
6405be05c301c30589058a05cb0567056805b505cd055505ce052c043104
d705d805e305e405f105f705f805fc05f905fa05fb056703c4057a06ff05
0006020666036503d905e5056803b803b00525062a0651062d062e062f06
3906520640064b0654066a0699036c066d06550609055e068c050a056006
6106620669060c050d056b066e067006710672067d06fe05490613057e06
4a06150580067f061605770683068a068b061402d105d6051c05b305b805
1d054b05e3044f05f0059005e903fe036f066304ff03ec03000000000000
000000000000000000000000000000000000000000000000000000000000
00000000000000000000000000000000000000000000bc0500000000bd05
00000000bf054d0500000000000000000000000000000000000000000000
000000000000000000000000000000000000000000000000000000000000
000000000000cc050000000000000000cf05d0050000000000000000d505
00000000000000000000000000000000da0500000000dd05de050000df05
000000000000e2050000000000000000e605000000000000e90500000000
ec0500000000000000000000290600000000f2050000f3050000f5050000
f605000000000000000000000000000000000000000000008b0500000000
000000000000000000000000000000000506000000000000ed0500000000
00000000000000000000f405000000000000000000000000000000000000
000000000000000000000000000000000000000000000000000000000000
000000000000b705000000000000000000000000b905ba05000000000000
0000000000000000000000000000000000004e0650060000000000000000
000000000000000000000000000000000000000000000000000000000000
000000000000000000000000c8050000c90500000000ca05000000000000
0000000000000000340635060000000000000000000000003a063b060000
000000003c063d0600000000000000000000410642060000430644060000
000000000000000000000000000046060000000047064806000000000000
000000000000000000000000000000000000ee05ef050000000000000000
000000000000000000000000000000000000000000000000000000000000
000000000000000000008106820600000000000000000000000000000000
000000000000000000000000000000000000660667060000000068060000
9006000000000000000000000000000000000000000000001e0600000000
000000000000000000000000000000000000000000000000000000000000
000000000000000000000000000000000000000000000000000000007b06
7c0600000000000000000000000000000000000000000000000000000000
00000000000000000000000089060000000000002c060000000000000000
000000000000000000000000000000000000000000000000000000000000
000000000000000000000000000000000000000000000000000000000000
000000000000000000000000450601000200030004000500060007000800
09000a000b000c000d000e000f0010001100120013001400150016001700
180019001a001b001c001d001e001f002000210022002300240025002600
2700280029002a002b002c002d002e002f00300031003200330034003500
000036003700380039003a003b003c003d003e003f004000410042004300
4400450046004700480049004a004b004c004d004e004f00500051005200
53005400550056005700580059005a005b005c005d005e005f0060006100
620063006400650066006700680069006a006b006c006d006e006f007000
7100720073007400750076007700780079007a007b007c007d007e007f00
8000810082008300840059015a0100000000000000000000000000000000
000000005b015c015d015e015f0160016101620163016401650166016701
680169016a016b016c016d01000000006e016f0100000000000070010000
000071017201000000007301740175017601770178010000000000000000
000000000000000000000000000000000000000000000000000000000000
000000000000000079010000000000000000000000000000000000007a01
000085000000000000000000000000000000000000000000000000000000
000000000000000000000000000000000000000000000000000000000000
00000000000000000000000000000000000000001d011e017b017c017d01
00000000000000000000000000001f012001210122012301240125012601
2701280129012a012b012c012d0100002e012f017e013001310132013301
34013501360100003701380100003901000000003a013b013c013d013e01
3f0100000000000000000000000000000000000000000000000000000000
000000000000000000000000000000000000400100007f01800100000000
000000000000000000000000000000008101820183018401000000000000
000000000000000000000000000000000000000000000000000000000000
00000000000000000000000000008501860100008701880189018a010000
0000000041014201430100000000000000008b0100000000000000000000
00000000000000000000000000008c018d018e018f019001000000009101
440100009201000000000000000000000000000000009301000000000000
940100000000000000000000000000008600000000000000000000000000
000000000000000000000000000000000000000000000000000000000000
000045014601000000000000000000000000000000000000000047014801
49014a010000000000000000000000000000000000000000000000000000
0000000000000000000000000000000000000000000000004b014c010000
4d014e010000000000000000000000000000000000000000000000004f01
000000000000000000000000000000000000000000000000500151015201
530154010000000055010000000000000000000000000000000000000000
0000560100000000000057010a0030004f004f0041024700980349002802
d701b903a502a4025800ab0358006b005c0039045c006e036f037003a001
af019700b101b201740232007602d804320433043404c5003604c6003804
e900ea009600340035003e023f024002e70097003b003c00fa008f059005
40003c0194009500e700e90051003c013d013c01dc00260027004d000a01
2a00f4002c0052002e00020003000400050098003e01080009000a008800
31015f003c01610010006e0093003c014100dc0016001700f000f1001a00
290161010a0131011f004c014d014e0123002400f6015300e7005500e700
e9002b0059007f00ed00ee00e70083008400330029012a01360037006101
39006700f400290160013e0033016d006e00420043006f013d023e023f02
e7004d014e0149014c0072017301530254025502560261013e013e015401
c8003c01f800a101dc00a1015d003800ac01730170016a036b036c03f400
66007d0268002901c8008e017601e900ea006f017000ed00ee00a1016101
3c013c017700e900ea007001ec007c006101a301ab01f1005b0082003c01
5e003c0126013d0262003f0240023c013d01e900ea006900a301ed00ee00
f7000a016f00f40029012a0173007400180119011a011b011c011d011e01
1f0169017e0049015501ab014c014d014e014f0150015101520153015401
660167012901fe0059015a015b015c015d0169016a016b01a101d800d900
f400c8002501dd00de00df0077013c01e0004a014b014c010b0151012900
e900ea006101ec00ff0077063d023e023c01400233053405b3019b019c01
b80429013a053b0585068606dd00de008b008c00ef008c06060161016101
ea00eb00ec00ed00ee003301ec00c5025000c70248013c01f600cb02cc02
9e043c013d01d0028101ff0068018701880129012a01ab013c013d01ae01
8f010c0129010e013e01100129012a01fe0006012f01f700170189018a01
8b0164001c01610109019b019c01a20104040304060426062706f0000a04
fd00f300b003000159015a015b019803b800b9003e012d012e012f012901
7a01b60183006a016b01610129019b019c01c800e2033e017001e900eb00
ec00a203a303ef00a503a603fe00a803a903f4003e013e01a501a601c700
3501080158010a01ac0159015a015b015f066a016b016903b4016b036c03
00003c013d01d7053c013d0110011101050106016a016b019e017001a001
e3053c013d01c5002901c7003e01c800d6056a016b01d101d2019b019c01
d000d100d200d300c8003301910492046101940495046101970498042901
7103f001d4009501d600b101b201770161013c013d019d019b019c01d500
a101ef00e400e500e6009e039f03dd00a103a203d400a403a503ef003e01
6101050106015501dd00b501a601ae05af057b017c017d01bc01bd01c203
af016101d400d500c7038601c9033e01cb036a016b01dd00420259015a01
5b01d600d001b6053e01b80540012901dd0049013e01d9013e014d014e01
4f0150015101520153015401700159015a015b0171023e019f03a0033c01
3d013e01a4034901a603a7033e01a90397024f0150012402250233015401
7001e900ea002b022c02ed00ee003c013d0131023e01e00169036a033301
6c03e5013e01a0029f023e01330163023c013d01ee01e20069036a036b03
3c013d011b021c021d02d4003504d600d400d500d600fe013e012602dd00
3e017b02dd0061010e052d02d10249013c013d0132024d014e013e019e03
2901a003a1035401a3033e0117023e01a703a803eb00ec0043029602ef00
2b067b017c017d017e01780279024d02d500d6005002b9048601b800b900
da04dd0057023e012a042b04a40160012e04a701e900ea003e01b402ed00
ee005c063e016702680269023b04c5043d04c7046e023e017805cb047a05
cd0429012a017e05d1048005d304e900ea0084053e0186057f02eb00ec00
79060805ef003e018e048f04330189023e019304d501950